8,-0.29923,-0.36537,0.27546,-0.09548,0.99542,-0.00175,0.00524,-0.19234,-1.14472,0.10860,
8,-0.47228,-0.52230,0.29420,-0.09666,0.99531,-0.00059,0.00328,-0.08910,-1.30063,0.05396,
9,-0.48522,-0.58546,0.27444,-0.09659,0.99532,-0.00059,0.00336,-0.09287,-1.38630,0.03025,
9,-0.48980,-0.66310,0.28491,-0.09654,0.99532,-0.00062,0.00344,-0.09873,-1.47756,0.01482,
9,-0.49343,-0.75140,0.30228,-0.09204,0.99575,-0.00066,0.00359,-0.10962,-1.56826,-0.00732,
9,-0.49138,-0.83398,0.29170,-0.03665,0.99932,-0.00091,0.00356,-0.10826,-1.60696,-0.16168,
9,-0.49586,-0.90302,0.28194,-0.00025,0.99999,-0.00106,0.00363,-0.10887,-1.62130,-0.14679,
9,-0.51243,-0.96821,0.27250,0.02521,0.99967,-0.00114,0.00367,-0.10899,-1.60289,-0.06362,
9,-0.46584,-1.05969,0.24381,0.04289,0.99907,-0.00137,0.00374,-0.10920,-1.55071,0.01445,
9,-0.43883,-1.13405,0.21308,0.05504,0.99848,-0.00148,0.00373,-0.10830,-1.47853,0.06973,
9,-0.45104,-1.20168,0.21364,0.06233,0.99805,-0.00150,0.00374,-0.11211,-1.41255,0.11118,
9,-0.44862,-1.26462,0.21076,0.06649,0.99778,-0.00152,0.00372,-0.10883,-1.33917,0.12781,
9,-0.45423,-1.32811,0.21659,0.06811,0.99767,-0.00153,0.00375,-0.11240,-1.26946,0.13812,
9,-0.45929,-1.38967,0.22331,0.06822,0.99766,-0.00152,0.00378,-0.11552,-1.20145,0.14084,
9,-0.44604,-1.44669,0.22240,0.06750,0.99771,-0.00152,0.00356,-0.10146,-1.12951,0.13057,
9,-0.45436,-1.50032,0.23048,0.06567,0.99783,-0.00152,0.00364,-0.10776,-1.06344,0.12566,
9,-0.46159,-1.54885,0.23651,0.06334,0.99798,-0.00151,0.00371,-0.11291,-0.99800,0.11735,
9,-0.46752,-1.59476,0.24141,0.06064,0.99815,-0.00150,0.00374,-0.11659,-0.93613,0.10765,
9,-0.47350,-1.63838,0.24625,0.05772,0.99832,-0.00149,0.00377,-0.12017,-0.87783,0.09830,
9,-0.47245,-1.66365,0.24570,0.05527,0.99846,-0.00145,0.00357,-0.11554,-0.80467,0.08478,
9,-0.48106,-1.69840,0.25068,0.05228,0.99862,-0.00144,0.00362,-0.12110,-0.74940,0.07738,
10,-0.48811,-1.73091,0.25419,0.04932,0.99878,-0.00143,0.00367,-0.12542,-0.69751,0.06989,
10,-0.49178,-1.76546,0.25761,0.04633,0.99892,-0.00142,0.00365,-0.12633,-0.65289,0.06377,
10,-0.49697,-1.79503,0.26029,0.04349,0.99905,-0.00140,0.00365,-0.12864,-0.60860,0.05801,
10,-0.49816,-1.81215,0.26007,0.04125,0.99914,-0.00139,0.00349,-0.12572,-0.55361,0.05026,
10,-0.50251,-1.84100,0.26468,0.05433,0.99852,-0.00142,0.00345,-0.12739,-0.50812,0.12723,
10,-0.50778,-1.86292,0.27359,0.06563,0.99784,-0.00146,0.00341,-0.12974,-0.44171,0.19329,
10,-0.51195,-1.88649,0.28317,0.07431,0.99723,-0.00149,0.00341,-0.13115,-0.37490,0.21291,
10,-0.51038,-1.89406,0.29087,0.08115,0.99670,-0.00149,0.00318,-0.12481,-0.28853,0.20859,
10,-0.51521,-1.91117,0.30102,0.08569,0.99632,-0.00150,0.00316,-0.12626,-0.21532,0.19736,
10,-0.51893,-1.92535,0.30944,0.08898,0.99603,-0.00150,0.00317,-0.12697,-0.13960,0.17984,
10,-0.50589,-1.92775,0.31223,0.09184,0.99577,-0.00144,0.00273,-0.10929,-0.05010,0.15436,
10,-0.50753,-1.93545,0.31832,0.09347,0.99562,-0.00143,0.00269,-0.10819,0.02785,0.13362,
10,-0.50920,-1.93922,0.32317,0.09471,0.99550,-0.00143,0.00267,-0.10742,0.10789,0.11272,
10,-0.51055,-1.93918,0.32706,0.09561,0.99541,-0.00142,0.00265,-0.10641,0.18906,0.09266,
10,-0.51040,-1.93422,0.32975,0.09630,0.99535,-0.00142,0.00259,-0.10408,0.27217,0.07340,
10,-0.51109,-1.92617,0.33153,0.09679,0.99530,-0.00142,0.00256,-0.10269,0.35511,0.05549,
10,-0.51178,-1.91330,0.33261,0.09716,0.99526,-0.00142,0.00252,-0.10140,0.43933,0.03893,
10,-0.51159,-1.89368,0.33278,0.09749,0.99523,-0.00142,0.00248,-0.09953,0.52634,0.02343,
10,-0.51098,-1.87090,0.33217,0.09775,0.99521,-0.00142,0.00244,-0.09750,0.61294,0.00909,
10,-0.50924,-1.83805,0.33044,0.09802,0.99518,-0.00143,0.00238,-0.09463,0.70453,-0.00451,
10,-0.50957,-1.80133,0.32795,0.09823,0.99516,-0.00143,0.00236,-0.09384,0.79566,-0.01729,
11,-0.51213,-1.76662,0.32525,0.09833,0.99515,-0.00143,0.00238,-0.09509,0.88211,-0.02865,
11,-0.51423,-1.72648,0.32195,0.09841,0.99514,-0.00145,0.00240,-0.09613,0.96960,-0.03914,
11,-0.51499,-1.67589,0.31709,0.09851,0.99513,-0.00148,0.00241,-0.09644,1.06146,-0.04968,
11,-0.46461,-1.61190,0.29637,0.09657,0.99532,-0.00155,0.00145,-0.05450,1.16234,-0.08084,
11,-0.46806,-1.55329,0.28816,0.04529,0.99897,-0.00144,0.00157,-0.05698,1.21314,-0.17875,
11,-0.48763,-1.48881,0.28802,0.01338,0.99991,-0.00137,0.00184,-0.07052,1.24168,-0.14617,
11,-0.46264,-1.42051,0.27458,-0.01005,0.99995,-0.00148,0.00135,-0.05082,1.24286,-0.08490,
11,-0.45082,-1.35402,0.26691,-0.02742,0.99962,-0.00162,0.00107,-0.04109,1.21806,-0.02365,
11,-0.44432,-1.28835,0.26365,-0.03984,0.99920,-0.00182,0.00090,-0.03571,1.17583,0.02545,
11,-0.43745,-1.22671,0.26109,-0.04825,0.99883,-0.00193,0.00078,-0.03063,1.12473,0.05831,
11,-0.44023,-1.17261,0.26488,-0.05323,0.99858,-0.00188,0.00087,-0.03380,1.06992,0.08243,
11,-0.43618,-1.12279,0.26456,-0.05642,0.99840,-0.00190,0.00078,-0.03106,1.00538,0.09105,
11,-0.43924,-1.07394,0.26955,-0.05743,0.99835,-0.00191,0.00089,-0.03477,0.94665,0.09717,
11,-0.44101,-1.02794,0.27399,-0.05721,0.99836,-0.00192,0.00092,-0.03673,0.88832,0.09737,
11,-0.44306,-0.98492,0.27835,-0.05624,0.99841,-0.00193,0.00096,-0.03893,0.83094,0.09476,
11,-0.44541,-0.94491,0.28251,-0.05479,0.99850,-0.00194,0.00100,-0.04143,0.77482,0.09048,
11,-0.44726,-0.91011,0.28082,-0.05328,0.99858,-0.00196,0.00098,-0.04417,0.71619,0.07834,
11,-0.45006,-0.87431,0.28459,-0.05108,0.99869,-0.00197,0.00105,-0.04716,0.66655,0.07302,
11,-0.45218,-0.84145,0.28763,-0.04880,0.99881,-0.00198,0.00106,-0.04898,0.61843,0.06721,
12,-0.45429,-0.81103,0.29050,-0.04645,0.99892,-0.00199,0.00106,-0.05064,0.57266,0.06191,
12,-0.45660,-0.78274,0.29310,-0.04410,0.99902,-0.00200,0.00107,-0.05249,0.52954,0.05708,
12,-0.45918,-0.75681,0.29527,-0.04178,0.99912,-0.00201,0.00109,-0.05460,0.48846,0.05251,
12,-0.45880,-0.73356,0.29417,-0.03985,0.99920,-0.00201,0.00091,-0.05253,0.44694,0.04460,
12,-0.46248,-0.71181,0.29712,-0.03762,0.99929,-0.00203,0.00098,-0.05576,0.41027,0.04269,
12,-0.46547,-0.69156,0.30704,-0.02822,0.99938,-0.00277,0.02064,-0.06406,0.37472,0.10508,
12,-0.47010,-0.67426,0.32215,-0.02153,0.99911,-0.00342,0.03597,-0.09427,0.34899,0.14202,
12,-0.47719,-0.65393,0.33362,-0.01693,0.99872,-0.00393,0.04744,-0.13773,0.33180,0.14760,
12,-0.49038,-0.63701,0.34542,-0.01373,0.99834,-0.00433,0.05581,-0.19512,0.31733,0.14518,
12,-0.50941,-0.61610,0.35673,-0.01112,0.99800,-0.00467,0.06203,-0.26302,0.31347,0.13994,
12,-0.52392,-0.60130,0.36338,-0.00943,0.99776,-0.00489,0.06602,-0.32509,0.30493,0.12789,
12,-0.55143,-0.58596,0.37506,-0.00829,0.99754,-0.00514,0.06936,-0.40326,0.29863,0.12341,
12,-0.57263,-0.57190,0.38076,-0.00750,0.99741,-0.00527,0.07141,-0.47134,0.29284,0.11193,
12,-0.59711,-0.55717,0.38617,-0.00696,0.99730,-0.00539,0.07293,-0.54124,0.28883,0.10162,
12,-0.63490,-0.53905,0.39659,-0.00658,0.99718,-0.00557,0.07461,-0.62495,0.28907,0.09884,
12,-0.66393,-0.52233,0.40123,-0.00633,0.99713,-0.00562,0.07527,-0.69405,0.28890,0.09013,
12,-0.69888,-0.50618,0.40616,-0.00623,0.99708,-0.00567,0.07585,-0.76685,0.28819,0.08312,
12,-0.73829,-0.49107,0.41074,-0.00621,0.99705,-0.00571,0.07631,-0.84106,0.28670,0.07673,
12,-0.78192,-0.47643,0.41510,-0.00624,0.99702,-0.00575,0.07666,-0.91620,0.28503,0.07114,
12,-0.82913,-0.46125,0.41931,-0.00629,0.99700,-0.00578,0.07694,-0.99150,0.28413,0.06633,
12,-0.87961,-0.44600,0.42340,-0.00635,0.99698,-0.00580,0.07715,-1.06658,0.28346,0.06224,
13,-0.93293,-0.43011,0.42725,-0.00643,0.99697,-0.00582,0.07732,-1.14104,0.28349,0.05859,
13,-0.98992,-0.41429,0.43035,-0.00651,0.99696,-0.00584,0.07745,-1.21567,0.28350,0.05488,
13,-1.05192,-0.39913,0.43294,-0.00661,0.99695,-0.00586,0.07757,-1.29150,0.28299,0.05122,
13,-1.11688,-0.38318,0.43520,-0.00670,0.99694,-0.00588,0.07766,-1.36676,0.28324,0.04792,
13,-1.18493,-0.37215,0.43365,-0.01246,0.99904,-0.00523,0.04159,-1.42180,0.27946,-0.04238,
13,-1.25042,-0.36189,0.42527,-0.01688,0.99981,-0.00470,0.00885,-1.44132,0.26781,-0.04935,
13,-1.31785,-0.34185,0.42286,-0.01996,0.99966,-0.00421,-0.01616,-1.43665,0.25890,0.01381,
13,-1.37830,-0.32577,0.42342,-0.02193,0.99918,-0.00385,-0.03368,-1.40146,0.24507,0.08150,
13,-1.44534,-0.31681,0.42618,-0.02318,0.99871,-0.00365,-0.04509,-1.35816,0.22354,0.13278,
13,-1.51371,-0.31298,0.43011,-0.02389,0.99833,-0.00349,-0.05245,-1.30864,0.19678,0.16605,
13,-1.57953,-0.31091,0.43413,-0.02417,0.99809,-0.00341,-0.05674,-1.25419,0.16933,0.18278,
13,-1.63980,-0.29855,0.44317,-0.02391,0.99798,-0.00343,-0.05870,-1.19612,0.15478,0.19425,
13,-1.69839,-0.29273,0.44848,-0.02360,0.99795,-0.00346,-0.05941,-1.13702,0.13442,0.19374,
13,-1.75402,-0.28591,0.45736,-0.02301,0.99800,-0.00345,-0.05881,-1.08051,0.11770,0.19294,
13,-1.80666,-0.28213,0.46641,-0.02239,0.99809,-0.00346,-0.05747,-1.02459,0.09935,0.18888,
13,-1.85650,-0.28078,0.47514,-0.02172,0.99821,-0.00346,-0.05560,-0.97062,0.08038,0.18303,
13,-1.90356,-0.27840,0.48402,-0.02100,0.99835,-0.00348,-0.05340,-0.91872,0.06402,0.17681,
13,-1.94809,-0.27267,0.49255,-0.02022,0.99849,-0.00351,-0.05096,-0.86924,0.05218,0.17026,
13,-1.99019,-0.26649,0.50079,-0.01941,0.99863,-0.00355,-0.04839,-0.82236,0.04200,0.16392,
14,-2.03122,-0.25770,0.49702,-0.01865,0.99876,-0.00366,-0.04594,-0.77816,0.03461,0.14782,
14,-2.06907,-0.25620,0.50466,-0.01790,0.99889,-0.00368,-0.04335,-0.73678,0.02262,0.14302,
14,-2.10485,-0.25604,0.51137,-0.01719,0.99901,-0.00371,-0.04084,-0.69790,0.01072,0.13831,
14,-2.13866,-0.25552,0.51884,-0.01649,0.99912,-0.00374,-0.03839,-0.66147,0.00025,0.13507,
14,-2.17073,-0.24081,0.51590,-0.01575,0.99921,-0.00388,-0.03628,-0.62537,0.00215,0.12442,
14,-2.20357,-0.23990,0.52069,-0.01432,0.99913,-0.00380,-0.03888,-0.59393,-0.00695,0.14522,
14,-2.23645,-0.24081,0.52559,-0.01214,0.99862,-0.00354,-0.05093,-0.55216,-0.01557,0.18498,
14,-2.26644,-0.24353,0.53517,-0.01066,0.99822,-0.00337,-0.05855,-0.50304,-0.02309,0.20064,
14,-2.30956,-0.23509,0.53646,-0.00954,0.99791,-0.00330,-0.06380,-0.46365,-0.01858,0.19463,
14,-2.33443,-0.23581,0.54732,-0.00875,0.99769,-0.00323,-0.06734,-0.40698,-0.02169,0.19189,
14,-2.35520,-0.22873,0.54605,-0.00813,0.99750,-0.00324,-0.07007,-0.34497,-0.01692,0.17416,
14,-2.38362,-0.22726,0.55305,-0.00767,0.99738,-0.00320,-0.07180,-0.29295,-0.01753,0.16344,
14,-2.39862,-0.22678,0.56091,-0.00730,0.99729,-0.00318,-0.07318,-0.22910,-0.01827,0.15356,
14,-2.41067,-0.22633,0.56798,-0.00699,0.99721,-0.00317,-0.07419,-0.16449,-0.01881,0.14345,
14,-2.42150,-0.20378,0.54162,-0.00655,0.99713,-0.00321,-0.07529,-0.09862,-0.00055,0.10561,
14,-2.43858,-0.19664,0.53918,-0.00620,0.99709,-0.00321,-0.07587,-0.04238,0.00410,0.08992,
14,-2.43829,-0.19628,0.54055,-0.00590,0.99705,-0.00321,-0.07646,0.02647,0.00314,0.07893,
14,-2.43532,-0.19513,0.54275,-0.00563,0.99701,-0.00322,-0.07695,0.09500,0.00275,0.06969,
14,-2.42398,-0.19684,0.54639,-0.00539,0.99698,-0.00322,-0.07741,0.16760,0.00025,0.06270,
14,-2.40967,-0.19708,0.54961,-0.00514,0.99695,-0.00322,-0.07780,0.23966,-0.00071,0.05636,
14,-2.38718,-0.19794,0.55266,-0.00490,0.99692,-0.00323,-0.07820,0.31530,-0.00182,0.05073,
15,-2.35279,-0.20254,0.55579,-0.00470,0.99689,-0.00323,-0.07863,0.39674,-0.00534,0.04600,
15,-2.31799,-0.20639,0.55712,-0.00451,0.99686,-0.00323,-0.07900,0.47542,-0.00834,0.04063,
15,-2.28340,-0.20859,0.55784,-0.00432,0.99683,-0.00323,-0.07932,0.55116,-0.01004,0.03555,
15,-2.24346,-0.21114,0.55782,-0.00414,0.99681,-0.00322,-0.07964,0.62786,-0.01185,0.03053,
15,-2.20685,-0.21668,0.56654,-0.00533,0.99893,-0.00348,-0.04592,0.67906,-0.01534,-0.05014,
15,-2.16805,-0.22219,0.57446,-0.00610,0.99979,-0.00365,-0.01918,0.70574,-0.02029,-0.04498,
15,-2.05755,-0.18369,0.53618,-0.00622,0.99997,-0.00377,0.00075,0.75713,0.00489,-0.02535,
15,-1.92278,-0.14126,0.50816,-0.00583,0.99988,-0.00362,0.01383,0.80334,0.03492,0.00223,
15,-1.83279,-0.11450,0.49669,-0.00558,0.99971,-0.00348,0.02298,0.80745,0.05107,0.03116,
15,-1.76531,-0.09821,0.49068,-0.00529,0.99956,-0.00333,0.02897,0.79172,0.06085,0.05302,
15,-1.72808,-0.09477,0.49388,-0.00511,0.99945,-0.00335,0.03257,0.74882,0.05929,0.07061,
15,-1.68845,-0.09326,0.49834,-0.00490,0.99939,-0.00332,0.03437,0.70742,0.05569,0.08406,
15,-1.65367,-0.08909,0.50228,-0.00462,0.99938,-0.00333,0.03474,0.66219,0.05537,0.08973,
15,-1.62276,-0.08597,0.50810,-0.00433,0.99940,-0.00332,0.03415,0.61573,0.05433,0.09338,
15,-1.59370,-0.08289,0.51338,-0.00402,0.99945,-0.00331,0.03284,0.57036,0.05345,0.09418,
15,-1.56642,-0.07954,0.51818,-0.00370,0.99950,-0.00331,0.03113,0.52640,0.05308,0.09349,
15,-1.54100,-0.07638,0.52267,-0.00339,0.99956,-0.00330,0.02912,0.48422,0.05267,0.09194,
15,-1.51690,-0.07341,0.52657,-0.00309,0.99963,-0.00330,0.02691,0.44441,0.05218,0.08965,
15,-1.49364,-0.07039,0.52950,-0.00280,0.99969,-0.00330,0.02460,0.40718,0.05190,0.08673,
16,-1.47167,-0.06745,0.53202,-0.00252,0.99974,-0.00329,0.02226,0.37232,0.05170,0.08383,
16,-1.45156,-0.06447,0.53441,-0.00225,0.99979,-0.00329,0.01995,0.33924,0.05178,0.08127,
16,-1.43341,-0.06141,0.53689,-0.00199,0.99984,-0.00329,0.01771,0.30779,0.05214,0.07921,
16,-1.41601,-0.05824,0.53874,-0.00174,0.99987,-0.00329,0.01552,0.27885,0.05264,0.07709,
16,-1.39945,-0.05510,0.53994,-0.00149,0.99991,-0.00330,0.01324,0.25198,0.05323,0.08179,
16,-1.38529,-0.05062,0.54384,-0.00074,0.99998,-0.00409,0.00439,0.22784,0.05547,0.14130,
16,-1.36491,-0.04618,0.54747,-0.00033,0.99998,-0.00606,-0.00112,0.21724,0.05703,0.16224,
16,-1.35339,-0.04338,0.55395,0.00009,0.99994,-0.00914,-0.00522,0.20566,0.05923,0.16676,
16,-1.34343,-0.04346,0.56973,0.00037,0.99988,-0.01303,-0.00830,0.19706,0.05806,0.17250,
16,-1.33497,-0.03910,0.58034,0.00073,0.99979,-0.01764,-0.01058,0.18981,0.06225,0.17257,
16,-1.32575,-0.03906,0.59778,0.00099,0.99966,-0.02281,-0.01226,0.18491,0.06231,0.17659,
16,-1.31616,-0.03716,0.60583,0.00123,0.99950,-0.02852,-0.01359,0.18198,0.06417,0.17463,
16,-1.30248,-0.03616,0.61834,0.00156,0.99930,-0.03452,-0.01446,0.18187,0.06608,0.17660,
16,-1.29132,-0.03102,0.62685,0.00186,0.99905,-0.04087,-0.01529,0.18195,0.07209,0.17541,
16,-1.27470,-0.02911,0.63211,0.00209,0.99874,-0.04754,-0.01596,0.18655,0.07430,0.17104,
16,-1.26650,-0.02599,0.64126,0.00231,0.99838,-0.05445,-0.01649,0.18467,0.07809,0.17125,
16,-1.24511,-0.02489,0.64642,0.00242,0.99796,-0.06146,-0.01727,0.19671,0.07894,0.16771,
16,-1.23546,-0.01966,0.65501,0.00269,0.99748,-0.06863,-0.01766,0.19625,0.08559,0.16781,
16,-1.21228,-0.02058,0.65999,0.00272,0.99694,-0.07591,-0.01836,0.20961,0.08421,0.16462,
16,-1.20326,-0.01608,0.66772,0.00302,0.99635,-0.08331,-0.01859,0.20806,0.09068,0.16440,
16,-1.17287,-0.01953,0.66975,0.00300,0.99570,-0.09057,-0.01925,0.22682,0.08717,0.15895,
17,-1.16162,-0.01175,0.67756,0.00336,0.99498,-0.09808,-0.01952,0.22764,0.09745,0.15885,
17,-1.13119,-0.00924,0.68334,0.00351,0.99420,-0.10561,-0.02013,0.25319,0.10035,0.15580,
17,-1.11976,-0.00285,0.69131,0.00381,0.99335,-0.11323,-0.02032,0.25303,0.10938,0.15615,
17,-1.09184,-0.00186,0.69714,0.00392,0.99245,-0.12081,-0.02087,0.27433,0.11031,0.15352,
17,-1.07986,0.00335,0.70541,0.00411,0.99149,-0.12848,-0.02080,0.27337,0.11745,0.14241,
17,-1.05641,0.00424,0.70980,0.00322,0.99067,-0.13528,-0.01599,0.28299,0.11804,0.06650,
17,-1.04215,0.00984,0.71227,0.00271,0.98993,-0.14091,-0.01308,0.27796,0.12543,0.04106,
17,-1.02087,0.00903,0.71445,0.00223,0.98929,-0.14549,-0.01139,0.28094,0.12352,0.03780,
17,-1.00826,0.01498,0.71721,0.00206,0.98875,-0.14919,-0.01015,0.27073,0.13112,0.04238,
17,-0.99086,0.01325,0.72104,0.00176,0.98829,-0.15224,-0.00970,0.26675,0.12758,0.04979,
17,-0.97776,0.02019,0.72361,0.00178,0.98792,-0.15468,-0.00949,0.25675,0.13626,0.05553,
17,-0.96545,0.02665,0.72653,0.00183,0.98761,-0.15665,-0.00963,0.24629,0.14385,0.06110,
17,-0.95162,0.02466,0.72987,0.00168,0.98735,-0.15824,-0.01008,0.23865,0.13961,0.06629,
17,-0.93972,0.03257,0.73270,0.00185,0.98714,-0.15949,-0.01056,0.22936,0.14883,0.07052,
17,-0.92865,0.03963,0.73602,0.00199,0.98697,-0.16052,-0.01112,0.22001,0.15651,0.07481,
17,-0.91814,0.04727,0.73965,0.00216,0.98682,-0.16136,-0.01173,0.21105,0.16460,0.07903,
17,-0.90784,0.05523,0.74353,0.00234,0.98670,-0.16204,-0.01237,0.20289,0.17272,0.08313,
17,-0.89796,0.06371,0.74753,0.00252,0.98660,-0.16260,-0.01300,0.19524,0.18110,0.08704,
17,-0.88850,0.07292,0.75162,0.00271,0.98652,-0.16307,-0.01364,0.18818,0.18993,0.09073,
18,-0.87929,0.08263,0.75576,0.00290,0.98645,-0.16344,-0.01426,0.18179,0.19897,0.09417,
18,-0.87070,0.07707,0.75661,0.00265,0.98638,-0.16378,-0.01498,0.17595,0.19028,0.09371,
18,-0.86192,0.09066,0.76135,0.00292,0.98633,-0.16400,-0.01547,0.17077,0.20333,0.09739,
18,-0.85372,0.10118,0.76604,0.00309,0.98629,-0.16420,-0.01598,0.16592,0.21236,0.10071,
18,-0.84594,0.11226,0.77074,0.00326,0.98626,-0.16435,-0.01644,0.16128,0.22157,0.10382,
18,-0.83833,0.12377,0.77595,0.00343,0.98623,-0.16448,-0.01691,0.15740,0.23088,0.11354,
18,-0.83068,0.13568,0.78361,0.00397,0.98630,-0.16383,-0.01896,0.15672,0.24040,0.17897,
18,-0.82217,0.14870,0.79315,0.00430,0.98659,-0.16193,-0.02023,0.15755,0.25059,0.20932,
18,-0.81370,0.16174,0.80409,0.00451,0.98706,-0.15890,-0.02116,0.15858,0.26030,0.22048,
18,-0.80592,0.17540,0.81547,0.00466,0.98764,-0.15516,-0.02186,0.15921,0.27022,0.22557,
18,-0.79745,0.19046,0.82606,0.00476,0.98833,-0.15063,-0.02237,0.16099,0.28084,0.22641,
18,-0.79213,0.18828,0.82527,0.00436,0.98908,-0.14551,-0.02279,0.16060,0.27371,0.21720,
18,-0.78212,0.20667,0.83652,0.00445,0.98989,-0.13987,-0.02306,0.16440,0.28664,0.21713,
18,-0.77955,0.22528,0.83064,0.00412,0.99070,-0.13400,-0.02310,0.16072,0.29588,0.20406,
18,-0.76474,0.23814,0.84850,0.00415,0.99155,-0.12751,-0.02339,0.16911,0.30365,0.20891,
18,-0.76127,0.25464,0.84130,0.00379,0.99238,-0.12094,-0.02347,0.16707,0.31017,0.19530,
18,-0.75374,0.26681,0.85417,0.00371,0.99318,-0.11409,-0.02353,0.16861,0.31520,0.19712,
18,-0.75187,0.28939,0.84443,0.00342,0.99395,-0.10721,-0.02344,0.16467,0.32613,0.18245,
18,-0.73952,0.30231,0.86148,0.00342,0.99470,-0.10000,-0.02360,0.17050,0.33135,0.18775,
18,-0.73495,0.32581,0.85157,0.00324,0.99540,-0.09284,-0.02354,0.16881,0.34293,0.17300,
18,-0.72946,0.33687,0.86422,0.00306,0.99606,-0.08543,-0.02359,0.16882,0.34410,0.17618,
19,-0.72797,0.35776,0.85438,0.00285,0.99667,-0.07807,-0.02350,0.16449,0.35237,0.16256,
19,-0.71113,0.37954,0.84583,0.00263,0.99722,-0.07058,-0.02357,0.17245,0.36112,0.14954,
19,-0.70462,0.39389,0.85751,0.00240,0.99773,-0.06297,-0.02359,0.17258,0.36301,0.15292,
19,-0.67803,0.41239,0.86265,0.00213,0.99818,-0.05538,-0.02370,0.19016,0.36780,0.15058,
19,-0.66782,0.43101,0.87113,0.00190,0.99858,-0.04767,-0.02374,0.19263,0.37277,0.15131,
19,-0.65324,0.44733,0.87826,0.00160,0.99892,-0.04000,-0.02375,0.20004,0.37391,0.15056,
19,-0.64157,0.46633,0.88590,0.00136,0.99920,-0.03223,-0.02378,0.20362,0.37842,0.15066,
19,-0.62686,0.48489,0.89269,0.00108,0.99942,-0.02448,-0.02380,0.21053,0.38166,0.14964,
19,-0.61686,0.50583,0.89959,0.00088,0.99958,-0.01668,-0.02378,0.21118,0.38785,0.14891,
19,-0.60411,0.52568,0.90612,0.00066,0.99968,-0.00891,-0.02377,0.21501,0.39226,0.14768,
19,-0.59324,0.54418,0.91384,0.00041,0.99972,-0.00111,-0.02373,0.21618,0.39386,0.14829,
19,-0.58063,0.56517,0.91956,0.00021,0.99970,0.00669,-0.02372,0.21941,0.39890,0.14611,
19,-0.57034,0.58550,0.92652,0.00000,0.99961,0.01453,-0.02368,0.21951,0.40204,0.14588,
19,-0.56173,0.60848,0.93049,-0.00015,0.99947,0.02237,-0.02365,0.21733,0.40849,0.14174,
19,-0.54883,0.62793,0.93834,-0.00038,0.99927,0.03019,-0.02361,0.22049,0.40908,0.14295,
19,-0.54965,0.65195,0.93507,-0.00048,0.99900,0.03805,-0.02344,0.20558,0.41579,0.12983,
19,-0.54066,0.67238,0.94136,-0.00063,0.99867,0.04590,-0.02340,0.20457,0.41684,0.12991,
19,-0.53355,0.69627,0.94273,-0.00074,0.99828,0.05374,-0.02334,0.20095,0.42207,0.12388,
19,-0.52395,0.71683,0.95011,-0.00088,0.99783,0.06159,-0.02331,0.20107,0.42240,0.12572,
20,-0.51662,0.73973,0.95127,-0.00098,0.99731,0.06943,-0.02326,0.19802,0.42593,0.11975,
20,-0.52733,0.75497,0.94610,-0.00114,0.99674,0.07730,-0.02293,0.17135,0.41928,0.10579,
20,-0.53103,0.77130,0.94438,-0.00128,0.99611,0.08514,-0.02268,0.15447,0.41359,0.09669,
20,-0.52505,0.79084,0.94844,-0.00137,0.99541,0.09297,-0.02255,0.15225,0.41225,0.09616,
20,-0.53581,0.79904,0.94087,-0.00157,0.99466,0.10081,-0.02217,0.12697,0.39580,0.07989,
20,-0.53866,0.81388,0.93950,-0.00168,0.99384,0.10864,-0.02188,0.11329,0.38892,0.07260,
20,-0.53490,0.83245,0.94290,-0.00169,0.99299,0.11629,-0.02117,0.10888,0.38715,0.03844,
20,-0.55040,0.83551,0.93410,-0.00188,0.99224,0.12279,-0.01957,0.07529,0.36335,-0.02113,
20,-0.56705,0.83303,0.92355,-0.00212,0.99159,0.12807,-0.01824,0.04088,0.33068,-0.04770,
20,-0.56858,0.84442,0.91985,-0.00211,0.99105,0.13232,-0.01741,0.03251,0.32144,-0.04989,
20,-0.57835,0.84663,0.91269,-0.00227,0.99059,0.13583,-0.01665,0.01161,0.29767,-0.05364,
20,-0.57484,0.86335,0.91044,-0.00215,0.99020,0.13869,-0.01625,0.01211,0.29790,-0.04863,
20,-0.56993,0.88115,0.90839,-0.00203,0.98987,0.14105,-0.01600,0.01415,0.29943,-0.04350,
20,-0.57966,0.88373,0.90396,-0.00224,0.98960,0.14300,-0.01565,-0.00486,0.27719,-0.04220,
20,-0.57777,0.89994,0.90189,-0.00212,0.98937,0.14457,-0.01556,-0.00593,0.27824,-0.03758,
20,-0.57573,0.91550,0.89995,-0.00204,0.98918,0.14584,-0.01552,-0.00686,0.27779,-0.03333,
20,-0.57413,0.93080,0.89816,-0.00196,0.98903,0.14687,-0.01551,-0.00832,0.27702,-0.02928,
20,-0.57290,0.94590,0.89660,-0.00189,0.98891,0.14771,-0.01552,-0.01018,0.27608,-0.02534,
20,-0.58659,0.94205,0.89277,-0.00216,0.98880,0.14840,-0.01549,-0.02910,0.25043,-0.02499,
20,-0.58751,0.95265,0.89038,-0.00213,0.98872,0.14898,-0.01556,-0.03209,0.24634,-0.02256,
20,-0.58764,0.96558,0.88900,-0.00208,0.98865,0.14944,-0.01565,-0.03400,0.24432,-0.01928,
21,-0.58717,0.97943,0.88799,-0.00203,0.98859,0.14981,-0.01575,-0.03508,0.24335,-0.01593,
21,-0.58726,0.99213,0.88694,-0.00199,0.98854,0.15011,-0.01585,-0.03665,0.24114,-0.01295,
21,-0.58770,1.00480,0.88622,-0.00196,0.98850,0.15035,-0.01595,-0.03841,0.23900,-0.00990,
21,-0.58853,1.01683,0.88561,-0.00194,0.98847,0.15055,-0.01604,-0.04046,0.23625,-0.00700,
21,-0.58939,1.02979,0.88563,-0.00189,0.98844,0.15071,-0.01614,-0.04232,0.23460,-0.00374,
21,-0.59019,1.04233,0.88622,-0.00188,0.98846,0.15058,-0.01657,-0.04276,0.23267,0.03270,
21,-0.59066,1.05552,0.88867,-0.00184,0.98857,0.14979,-0.01690,-0.04290,0.23141,0.05726,
21,-0.59100,1.06963,0.89232,-0.00177,0.98877,0.14842,-0.01717,-0.04317,0.23104,0.06856,
21,-0.59086,1.08433,0.89652,-0.00168,0.98905,0.14657,-0.01737,-0.04304,0.23120,0.07447,
21,-0.59071,1.09989,0.90143,-0.00156,0.98937,0.14435,-0.01752,-0.04291,0.23224,0.07843,
21,-0.59218,1.11179,0.90511,-0.00149,0.98973,0.14185,-0.01761,-0.04411,0.23017,0.08018,
21,-0.59309,1.12486,0.90954,-0.00139,0.99012,0.13910,-0.01770,-0.04474,0.22930,0.08197,
21,-0.59300,1.13949,0.91455,-0.00127,0.99053,0.13615,-0.01778,-0.04460,0.22983,0.08377,
21,-0.60362,1.12322,0.90906,-0.00155,0.99094,0.13308,-0.01810,-0.04969,0.20543,0.07649,
21,-0.60829,1.14024,0.91748,-0.00135,0.99138,0.12978,-0.01817,-0.05257,0.20994,0.08087,
21,-0.61130,1.14987,0.92088,-0.00132,0.99182,0.12638,-0.01817,-0.05461,0.20743,0.08096,
21,-0.63618,1.10892,0.90904,-0.00181,0.99224,0.12294,-0.01824,-0.07038,0.16718,0.06934,
21,-0.63755,1.12213,0.91481,-0.00174,0.99268,0.11941,-0.01831,-0.07102,0.16843,0.07155,
21,-0.63858,1.13440,0.91829,-0.00169,0.99310,0.11580,-0.01838,-0.07129,0.16898,0.07165,
22,-0.65210,1.12523,0.91487,-0.00192,0.99351,0.11222,-0.01853,-0.07895,0.15361,0.06582,
22,-0.65586,1.13438,0.91916,-0.00190,0.99392,0.10850,-0.01858,-0.08109,0.15256,0.06682,
22,-0.65707,1.14651,0.92304,-0.00185,0.99432,0.10476,-0.01866,-0.08126,0.15366,0.06727,
22,-0.66302,1.15536,0.92291,-0.00194,0.99470,0.10106,-0.01881,-0.08362,0.15170,0.06375,
22,-0.66910,1.16207,0.92563,-0.00189,0.99508,0.09726,-0.01880,-0.08711,0.15029,0.06362,
22,-0.67346,1.17073,0.92882,-0.00184,0.99545,0.09344,-0.01882,-0.08929,0.15002,0.06360,
22,-0.67628,1.18617,0.93220,-0.00189,0.99579,0.08970,-0.01884,-0.09031,0.15254,0.03191,
22,-0.68291,1.18606,0.93027,-0.00189,0.99608,0.08645,-0.01851,-0.09629,0.14681,-0.02774,
22,-0.68680,1.19279,0.92785,-0.00183,0.99631,0.08378,-0.01835,-0.09860,0.14593,-0.04658,
22,-0.68597,1.20328,0.92286,-0.00190,0.99649,0.08164,-0.01832,-0.09677,0.14531,-0.05183,
22,-0.69210,1.20425,0.91970,-0.00185,0.99664,0.07988,-0.01821,-0.09998,0.14114,-0.04933,
22,-0.69652,1.21034,0.91700,-0.00178,0.99675,0.07842,-0.01816,-0.10186,0.14034,-0.04520,
22,-0.70023,1.21615,0.91397,-0.00170,0.99685,0.07722,-0.01816,-0.10319,0.13947,-0.04101,
22,-0.70315,1.22114,0.91167,-0.00161,0.99692,0.07627,-0.01821,-0.10374,0.13818,-0.03647,
22,-0.69901,1.21947,0.90426,-0.00167,0.99697,0.07552,-0.01844,-0.09920,0.13037,-0.03596,
22,-0.70207,1.22237,0.90256,-0.00153,0.99702,0.07490,-0.01848,-0.09997,0.12801,-0.03139,
22,-0.70627,1.22216,0.90158,-0.00144,0.99706,0.07438,-0.01857,-0.10108,0.12369,-0.02674,
22,-0.71162,1.22077,0.90078,-0.00137,0.99709,0.07396,-0.01866,-0.10295,0.11893,-0.02231,
22,-0.71828,1.21817,0.89959,-0.00132,0.99711,0.07363,-0.01874,-0.10564,0.11370,-0.01850,
22,-0.72501,1.21593,0.89911,-0.00128,0.99713,0.07336,-0.01883,-0.10832,0.10884,-0.01450,
22,-0.73174,1.21313,0.89855,-0.00125,0.99714,0.07315,-0.01893,-0.11096,0.10388,-0.01084,
23,-0.73914,1.20766,0.89741,-0.00125,0.99715,0.07297,-0.01903,-0.11397,0.09760,-0.00778,
23,-0.74663,1.20395,0.89645,-0.00124,0.99716,0.07283,-0.01912,-0.11703,0.09256,-0.00481,
23,-0.75489,1.20023,0.89530,-0.00124,0.99717,0.07272,-0.01921,-0.12054,0.08778,-0.00216,
23,-0.76365,1.19475,0.89402,-0.00125,0.99717,0.07262,-0.01929,-0.12438,0.08230,0.00031,
23,-0.77241,1.18864,0.89347,-0.00127,0.99718,0.07254,-0.01938,-0.12786,0.07660,0.00292,
23,-0.78187,1.18257,0.89301,-0.00600,0.99716,0.07239,-0.01982,-0.13164,0.07048,0.00562,
23,-0.79121,1.17835,0.89366,-0.01210,0.99711,0.07222,-0.02034,-0.13411,0.05832,0.01325,
23,-0.79985,1.17862,0.89472,-0.01664,0.99704,0.07209,-0.02073,-0.13549,0.04354,0.02151,
23,-0.80749,1.18302,0.89617,-0.01966,0.99699,0.07199,-0.02101,-0.13582,0.02802,0.02841,
23,-0.80337,1.17557,0.89323,-0.02173,0.99695,0.07183,-0.02159,-0.12544,0.00216,0.03057,
23,-0.79061,1.16067,0.88187,-0.02263,0.99693,0.07178,-0.02169,-0.11574,-0.02478,0.02686,
23,-0.78578,1.15700,0.87933,-0.02289,0.99692,0.07173,-0.02182,-0.10869,-0.04705,0.02741,
23,-0.77920,1.14953,0.87671,-0.02274,0.99693,0.07169,-0.02191,-0.10089,-0.07090,0.02720,
23,-0.77192,1.13864,0.87463,-0.02220,0.99694,0.07165,-0.02195,-0.09309,-0.09577,0.02671,
23,-0.76292,1.11876,0.87298,-0.02143,0.99696,0.07165,-0.02198,-0.08465,-0.12391,0.02621,
23,-0.74472,1.08613,0.86989,-0.02049,0.99698,0.07165,-0.02205,-0.07192,-0.15670,0.02487,
23,-0.68659,1.01835,0.86487,-0.01940,0.99699,0.07166,-0.02232,-0.03942,-0.20450,0.02282,
23,-0.59871,0.96859,0.85717,-0.01781,0.99701,0.07171,-0.02277,0.00714,-0.24122,0.01824,
23,-0.59094,0.95703,0.85770,-0.01609,0.99703,0.07178,-0.02285,0.01330,-0.25975,0.01865,
24,-0.59182,0.94832,0.85738,-0.01461,0.99705,0.07181,-0.02282,0.01475,-0.27498,0.01860,
24,-0.59464,0.93736,0.85810,-0.01333,0.99707,0.07186,-0.02274,0.01487,-0.28975,0.01906,
24,-0.59970,0.92228,0.85921,-0.01222,0.99708,0.07191,-0.02264,0.01367,-0.30494,0.01968,
24,-0.60633,0.90251,0.86018,-0.01123,0.99709,0.07195,-0.02254,0.01163,-0.32071,0.02032,
24,-0.61232,0.88326,0.86230,-0.01032,0.99710,0.07198,-0.02243,0.00961,-0.33512,0.02160,
24,-0.61799,0.86396,0.86435,-0.00947,0.99711,0.07201,-0.02233,0.00746,-0.34847,0.02276,
24,-0.62496,0.84169,0.86753,-0.00668,0.99713,0.07207,-0.02209,0.00449,-0.36181,0.02178,
24,-0.63212,0.81823,0.87152,0.00291,0.99715,0.07228,-0.02136,0.00033,-0.36817,0.02044,
24,-0.63650,0.80254,0.87510,0.00894,0.99712,0.07241,-0.02091,-0.00326,-0.36406,0.02497,
24,-0.63172,0.75169,0.86244,0.01250,0.99706,0.07263,-0.02095,0.00235,-0.37689,0.02098,
24,-0.63147,0.73248,0.86194,0.01521,0.99703,0.07265,-0.02066,-0.00127,-0.36505,0.02428,
24,-0.63091,0.71587,0.86211,0.01692,0.99700,0.07269,-0.02053,-0.00382,-0.35118,0.02671,
24,-0.63118,0.69961,0.86283,0.01791,0.99698,0.07271,-0.02045,-0.00699,-0.33627,0.02855,
24,-0.62516,0.66601,0.85573,0.01811,0.99696,0.07288,-0.02059,-0.00251,-0.33330,0.02597,
24,-0.62790,0.64520,0.85907,0.01824,0.99696,0.07286,-0.02055,-0.00684,-0.31973,0.02808,
24,-0.62629,0.63098,0.85886,0.01808,0.99697,0.07284,-0.02051,-0.00954,-0.30411,0.02817,
24,-0.62703,0.61688,0.85926,0.01779,0.99698,0.07282,-0.02049,-0.01317,-0.28832,0.02828,
24,-0.62869,0.60258,0.86053,0.01734,0.99698,0.07281,-0.02050,-0.01664,-0.27359,0.02858,
24,-0.63068,0.58923,0.86201,0.01678,0.99699,0.07281,-0.02051,-0.02019,-0.25932,0.02898,
24,-0.63159,0.57690,0.86298,0.01618,0.99700,0.07279,-0.02054,-0.02299,-0.24523,0.02902,
24,-0.63248,0.56513,0.86368,0.01555,0.99701,0.07278,-0.02058,-0.02563,-0.23177,0.02887,
25,-0.63423,0.55373,0.86465,0.01489,0.99702,0.07277,-0.02062,-0.02854,-0.21937,0.02901,
25,-0.63559,0.54306,0.86564,0.01423,0.99703,0.07276,-0.02065,-0.03108,-0.20775,0.02912,
25,-0.63691,0.53319,0.86642,0.01360,0.99704,0.07275,-0.02067,-0.03353,-0.19643,0.02913,
25,-0.63858,0.52373,0.86721,0.01298,0.99705,0.07274,-0.02070,-0.03603,-0.18585,0.02923,
25,-0.64040,0.51476,0.86807,0.01238,0.99706,0.07273,-0.02072,-0.03851,-0.17603,0.02938,
25,-0.64174,0.50636,0.86886,0.01347,0.99705,0.07276,-0.02063,-0.04048,-0.16648,0.03149,
25,-0.64463,0.49786,0.87149,0.02110,0.99691,0.07292,-0.02005,-0.04354,-0.15163,0.04113,
25,-0.64896,0.49099,0.87635,0.02632,0.99679,0.07303,-0.01965,-0.04793,-0.13098,0.05134,
25,-0.65259,0.48514,0.87933,0.02919,0.99671,0.07308,-0.01940,-0.05285,-0.10637,0.05769,
25,-0.65400,0.48066,0.88102,0.03086,0.99666,0.07312,-0.01927,-0.05705,-0.07938,0.06071,
25,-0.65530,0.47840,0.88359,0.03171,0.99663,0.07314,-0.01918,-0.06135,-0.05060,0.06264,
25,-0.64589,0.46129,0.87845,0.03157,0.99663,0.07320,-0.01944,-0.05276,-0.03280,0.05969,
25,-0.64764,0.46260,0.88106,0.03146,0.99663,0.07320,-0.01933,-0.05795,-0.00287,0.05923,
25,-0.64916,0.46418,0.88290,0.03093,0.99665,0.07319,-0.01931,-0.06204,0.02564,0.05784,
25,-0.64726,0.46924,0.88343,0.03016,0.99668,0.07317,-0.01931,-0.06450,0.05475,0.05549,
25,-0.64511,0.47521,0.88352,0.02922,0.99671,0.07316,-0.01933,-0.06654,0.08267,0.05290,
25,-0.64552,0.48352,0.88479,0.02816,0.99674,0.07313,-0.01935,-0.06947,0.11011,0.05078,
25,-0.64791,0.49247,0.88641,0.02702,0.99677,0.07311,-0.01937,-0.07318,0.13599,0.04882,
25,-0.65001,0.50546,0.88753,0.02586,0.99680,0.07309,-0.01939,-0.07652,0.16227,0.04665,
26,-0.65018,0.52352,0.88828,0.02473,0.99683,0.07306,-0.01941,-0.07896,0.18950,0.04465,
26,-0.64738,0.53987,0.88747,0.02362,0.99686,0.07304,-0.01942,-0.07988,0.21393,0.04209,
26,-0.64647,0.55541,0.88725,0.02252,0.99689,0.07302,-0.01943,-0.08128,0.23592,0.04007,
26,-0.64572,0.57070,0.88689,0.02147,0.99691,0.07300,-0.01944,-0.08266,0.25623,0.03826,
26,-0.64915,0.58765,0.88851,0.02046,0.99693,0.07298,-0.01944,-0.08571,0.27579,0.03771,
26,-0.65035,0.60624,0.88885,0.01950,0.99695,0.07296,-0.01945,-0.08756,0.29461,0.03660,
26,-0.65000,0.62697,0.88819,0.01861,0.99697,0.07294,-0.01946,-0.08879,0.31304,0.03515,
26,-0.64941,0.65074,0.88772,0.01778,0.99699,0.07291,-0.01945,-0.08983,0.33151,0.03393,
26,-0.64681,0.67372,0.88595,0.01700,0.99701,0.07288,-0.01944,-0.08994,0.34824,0.03230,
26,-0.61740,0.71575,0.86888,0.01584,0.99703,0.07284,-0.01959,-0.07278,0.36578,0.02130,
26,-0.61762,0.73587,0.86790,0.01520,0.99704,0.07280,-0.01939,-0.07442,0.37953,0.02060,
26,-0.61582,0.75799,0.86574,0.01457,0.99706,0.07277,-0.01926,-0.07467,0.39220,0.01930,
26,-0.61463,0.77980,0.86352,0.01398,0.99707,0.07273,-0.01915,-0.07521,0.40386,0.01805,
26,-0.61479,0.80203,0.86198,0.01343,0.99708,0.07270,-0.01908,-0.07608,0.41483,0.01717,
26,-0.61548,0.82632,0.86095,0.01292,0.99709,0.07267,-0.01902,-0.07704,0.42581,0.01657,
26,-0.61643,0.85053,0.85967,0.01243,0.99710,0.07263,-0.01897,-0.07814,0.43607,0.01589,
26,-0.61655,0.87515,0.85823,0.01199,0.99711,0.07261,-0.01894,-0.07874,0.44578,0.01534,
26,-0.61718,0.90125,0.85698,0.01157,0.99712,0.07256,-0.01890,-0.07942,0.45534,0.01484,
26,-0.61970,0.92490,0.85607,0.01118,0.99713,0.07251,-0.01888,-0.08083,0.46341,0.01443,
26,-0.62336,0.94610,0.85579,0.01081,0.99713,0.07246,-0.01886,-0.08238,0.46999,0.01452,
26,-0.62721,0.96809,0.85563,0.01049,0.99714,0.07243,-0.01884,-0.08426,0.47680,0.01488,
27,-0.60752,1.00452,0.84060,0.00964,0.99717,0.07207,-0.01892,-0.07420,0.47734,0.00614,
27,-0.61117,1.02635,0.84041,0.00939,0.99718,0.07211,-0.01877,-0.07611,0.48359,0.00651,
27,-0.61473,1.04951,0.84002,0.00910,0.99718,0.07209,-0.01869,-0.07745,0.48879,0.00660,
27,-0.61879,1.07396,0.83981,0.00885,0.99719,0.07208,-0.01863,-0.07880,0.49425,0.00666,
27,-0.62253,1.09811,0.83961,0.00866,0.99719,0.07209,-0.01862,-0.08002,0.50022,0.00677,
27,-0.62613,1.12223,0.83908,0.00843,0.99719,0.07207,-0.01861,-0.08130,0.50470,0.00681,
27,-0.63117,1.14785,0.83952,0.00127,0.99723,0.07195,-0.01907,-0.08351,0.50754,0.00681,
27,-0.63533,1.17211,0.83887,-0.00427,0.99722,0.07183,-0.01943,-0.08379,0.50277,0.01091,
27,-0.63787,1.19292,0.83783,-0.00902,0.99719,0.07169,-0.01981,-0.08089,0.49212,0.01523,
27,-0.62269,1.21789,0.83224,-0.01272,0.99715,0.07152,-0.02019,-0.06725,0.46713,0.01595,
27,-0.62321,1.24177,0.83160,-0.01477,0.99712,0.07153,-0.02022,-0.06482,0.45162,0.01880,
27,-0.62603,1.26328,0.83210,-0.01591,0.99711,0.07150,-0.02022,-0.06226,0.43321,0.02058,
27,-0.62925,1.28400,0.83295,-0.01642,0.99710,0.07148,-0.02022,-0.05965,0.41380,0.02138,
27,-0.63199,1.30417,0.83359,-0.01641,0.99710,0.07150,-0.02019,-0.05719,0.39477,0.02148,
27,-0.63419,1.32340,0.83401,-0.01605,0.99711,0.07150,-0.02014,-0.05455,0.37520,0.02088,
27,-0.63667,1.34119,0.83450,-0.01546,0.99712,0.07150,-0.02007,-0.05210,0.35597,0.02002,
27,-0.63846,1.35779,0.83497,-0.01471,0.99713,0.07151,-0.02000,-0.04954,0.33715,0.01917,
27,-0.64014,1.37359,0.83548,-0.01384,0.99714,0.07154,-0.01993,-0.04725,0.31998,0.01834,
27,-0.64266,1.38751,0.83605,-0.01297,0.99716,0.07155,-0.01984,-0.04567,0.30194,0.01760,
28,-0.64457,1.39968,0.83651,-0.01209,0.99717,0.07156,-0.01975,-0.04381,0.28380,0.01679,
28,-0.64572,1.41115,0.83642,-0.01120,0.99718,0.07157,-0.01966,-0.04182,0.26684,0.01578,
28,-0.64695,1.42251,0.83637,-0.01031,0.99719,0.07158,-0.01958,-0.03984,0.25139,0.01482,
28,-0.64899,1.43334,0.83670,-0.00942,0.99720,0.07159,-0.01950,-0.03825,0.23714,0.01411,
28,-0.65004,1.44352,0.83673,-0.00855,0.99721,0.07159,-0.01943,-0.03641,0.22380,0.01342,
28,-0.65085,1.45265,0.83677,-0.00775,0.99722,0.07159,-0.01936,-0.03455,0.21079,0.01284,
28,-0.65164,1.45997,0.83676,-0.00700,0.99722,0.07160,-0.01928,-0.03289,0.19742,0.01228,
28,-0.65251,1.46686,0.83656,-0.00668,0.99723,0.07159,-0.01924,-0.03069,0.18503,0.03119,
28,-0.65328,1.47494,0.84190,-0.01435,0.99715,0.07144,-0.01976,-0.02342,0.16813,0.16033,
28,-0.65320,1.48158,0.85126,-0.01929,0.99706,0.07134,-0.02009,-0.01821,0.14582,0.21239,
28,-0.64204,1.47864,0.86031,-0.02257,0.99700,0.07116,-0.02043,-0.00467,0.10409,0.23000,
28,-0.64398,1.48557,0.87009,-0.02409,0.99697,0.07117,-0.02033,-0.00397,0.08053,0.23891,
28,-0.64350,1.48809,0.88106,-0.02493,0.99695,0.07116,-0.02032,-0.00027,0.05271,0.24188,
28,-0.64322,1.48923,0.89303,-0.02509,0.99694,0.07116,-0.02028,0.00343,0.02428,0.24243,
28,-0.64193,1.48926,0.90470,-0.02474,0.99695,0.07117,-0.02022,0.00760,-0.00373,0.24134,
28,-0.64035,1.48731,0.91641,-0.02400,0.99697,0.07121,-0.02013,0.01146,-0.03121,0.23972,
28,-0.63916,1.48318,0.92849,-0.02301,0.99699,0.07124,-0.02004,0.01506,-0.05873,0.23773,
28,-0.63752,1.47851,0.93979,-0.02188,0.99702,0.07127,-0.01994,0.01863,-0.08476,0.23516,
28,-0.63604,1.47281,0.95077,-0.02066,0.99704,0.07130,-0.01982,0.02177,-0.10941,0.23247,
28,-0.63468,1.46468,0.96215,-0.01939,0.99707,0.07135,-0.01971,0.02478,-0.13372,0.23016,
28,-0.63264,1.45674,0.97299,-0.01811,0.99709,0.07139,-0.01961,0.02781,-0.15585,0.22774,
29,-0.63072,1.44822,0.98326,-0.01681,0.99711,0.07143,-0.01947,0.03016,-0.17638,0.22529,
29,-0.62818,1.43886,0.99365,-0.01553,0.99713,0.07148,-0.01936,0.03288,-0.19545,0.22313,
29,-0.62596,1.42663,1.00450,-0.01429,0.99715,0.07152,-0.01925,0.03530,-0.21457,0.22149,
29,-0.62300,1.41255,1.01511,-0.01307,0.99717,0.07158,-0.01913,0.03765,-0.23269,0.21999,
29,-0.61917,1.39809,1.02621,-0.01192,0.99718,0.07163,-0.01904,0.04086,-0.24939,0.21896,
29,-0.61585,1.38291,1.03721,-0.01083,0.99719,0.07166,-0.01895,0.04334,-0.26498,0.21806,
29,-0.61282,1.36860,1.04759,-0.00979,0.99720,0.07168,-0.01886,0.04518,-0.27877,0.21703,
29,-0.60888,1.35444,1.05781,-0.00879,0.99721,0.07170,-0.01878,0.04724,-0.29099,0.21613,
29,-0.60596,1.33727,1.06801,-0.00786,0.99722,0.07174,-0.01868,0.04826,-0.30367,0.21547,
29,-0.60283,1.32053,1.07796,-0.00699,0.99722,0.07175,-0.01860,0.04947,-0.31503,0.21460,
29,-0.60023,1.30229,1.08813,-0.00619,0.99723,0.07176,-0.01852,0.05034,-0.32617,0.21400,
29,-0.60395,1.27317,1.09909,-0.00572,0.99722,0.07196,-0.01859,0.05227,-0.34674,0.21179,
29,-0.60374,1.25226,1.10863,-0.00493,0.99721,0.07212,-0.01840,0.05014,-0.35555,0.21164,
29,-0.60254,1.23261,1.11915,-0.00426,0.99722,0.07215,-0.01830,0.04963,-0.36426,0.21172,
29,-0.59941,1.21368,1.12933,-0.00363,0.99722,0.07216,-0.01822,0.05042,-0.37179,0.21169,
29,-0.59506,1.19414,1.13992,-0.00305,0.99722,0.07216,-0.01817,0.05200,-0.37861,0.21210,
29,-0.59210,1.17525,1.15063,-0.00250,0.99723,0.07215,-0.01811,0.05255,-0.38437,0.21251,
29,-0.58961,1.15572,1.16080,-0.00200,0.99723,0.07216,-0.01805,0.05252,-0.39012,0.21251,
29,-0.58691,1.13379,1.17104,-0.00154,0.99723,0.07215,-0.01800,0.05276,-0.39669,0.21261,
30,-0.58551,1.11205,1.18169,-0.00111,0.99723,0.07215,-0.01795,0.05217,-0.40239,0.21287,
30,-0.58319,1.09083,1.19212,-0.00071,0.99723,0.07217,-0.01790,0.05202,-0.40730,0.21312,
30,-0.57988,1.06919,1.20226,-0.00033,0.99723,0.07217,-0.01786,0.05227,-0.41192,0.21322,
30,-0.57728,1.04867,1.21217,0.00004,0.99723,0.07217,-0.01780,0.05180,-0.41527,0.21322,
30,-0.57383,1.02696,1.22193,0.00038,0.99723,0.07216,-0.01776,0.05174,-0.41891,0.21324,
30,-0.56949,1.00372,1.23190,0.00067,0.99723,0.07217,-0.01772,0.05227,-0.42327,0.21349,
30,-0.56228,0.97259,1.24228,0.00085,0.99722,0.07233,-0.01790,0.05931,-0.43171,0.21205,
30,-0.55829,0.95145,1.25095,0.00117,0.99722,0.07237,-0.01779,0.05828,-0.43339,0.21196,
30,-0.55502,0.92831,1.25861,0.00883,0.99718,0.07249,-0.01719,0.05396,-0.43563,0.10880,
30,-0.55317,0.90567,1.26205,0.01474,0.99711,0.07259,-0.01673,0.04981,-0.43025,0.05006,
30,-0.55117,0.88327,1.26348,0.01891,0.99704,0.07267,-0.01640,0.04645,-0.41875,0.03221,
30,-0.54775,0.85406,1.26697,0.02171,0.99697,0.07289,-0.01629,0.04741,-0.41027,0.02832,
30,-0.54574,0.83508,1.26741,0.02356,0.99693,0.07291,-0.01610,0.04318,-0.39105,0.02827,
30,-0.54360,0.81530,1.26802,0.02458,0.99691,0.07293,-0.01599,0.03939,-0.37148,0.02886,
30,-0.54208,0.79716,1.26914,0.02502,0.99689,0.07294,-0.01594,0.03526,-0.35061,0.02958,
30,-0.54083,0.77988,1.27013,0.02500,0.99690,0.07293,-0.01591,0.03110,-0.32998,0.02973,
30,-0.53965,0.76316,1.27078,0.02469,0.99690,0.07292,-0.01591,0.02707,-0.30967,0.02924,
30,-0.53916,0.74848,1.27181,0.02419,0.99692,0.07292,-0.01591,0.02263,-0.28882,0.02879,
30,-0.53838,0.73427,1.27249,0.02353,0.99693,0.07291,-0.01594,0.01870,-0.26923,0.02795,
30,-0.53774,0.72033,1.27294,0.02274,0.99695,0.07289,-0.01597,0.01487,-0.25096,0.02695,
30,-0.53780,0.70728,1.27356,0.02189,0.99697,0.07286,-0.01601,0.01088,-0.23351,0.02606,
31,-0.53679,0.69589,1.27380,0.02102,0.99699,0.07283,-0.01605,0.00777,-0.21637,0.02498,
31,-0.53611,0.68544,1.27383,0.02013,0.99701,0.07282,-0.01610,0.00450,-0.19981,0.02386,
31,-0.53633,0.67455,1.27398,0.01922,0.99703,0.07280,-0.01614,0.00101,-0.18529,0.02291,
31,-0.53545,0.66450,1.27381,0.01833,0.99705,0.07278,-0.01618,-0.00159,-0.17153,0.02189,
31,-0.53485,0.65535,1.27365,0.01748,0.99706,0.07277,-0.01623,-0.00415,-0.15835,0.02096,
31,-0.53507,0.64676,1.27368,0.01665,0.99708,0.07275,-0.01626,-0.00698,-0.14607,0.02022,
31,-0.53409,0.63912,1.27331,0.01585,0.99709,0.07272,-0.01631,-0.00893,-0.13442,0.01932,
31,-0.53326,0.63149,1.27291,0.01509,0.99711,0.07271,-0.01634,-0.01076,-0.12388,0.01851,
31,-0.53317,0.62474,1.27259,0.01878,0.99704,0.07277,-0.01606,-0.01495,-0.11581,-0.05166,
31,-0.53289,0.61799,1.26769,0.02504,0.99690,0.07287,-0.01560,-0.01995,-0.10273,-0.13352,
31,-0.53282,0.61144,1.25941,0.02949,0.99678,0.07295,-0.01526,-0.02408,-0.08246,-0.15990,
31,-0.53040,0.60116,1.25151,0.03210,0.99670,0.07296,-0.01525,-0.02369,-0.06109,-0.16898,
31,-0.53028,0.59921,1.24335,0.03362,0.99665,0.07297,-0.01512,-0.02752,-0.03287,-0.16976,
31,-0.52970,0.59816,1.23432,0.03428,0.99663,0.07295,-0.01509,-0.03072,-0.00390,-0.17018,
31,-0.52984,0.59824,1.22487,0.03423,0.99664,0.07292,-0.01508,-0.03440,0.02520,-0.17111,
31,-0.53030,0.59972,1.21563,0.03372,0.99666,0.07288,-0.01510,-0.03830,0.05377,-0.17234,
31,-0.53160,0.60202,1.20669,0.03291,0.99668,0.07285,-0.01513,-0.04272,0.08147,-0.17368,
31,-0.53282,0.60557,1.19767,0.03189,0.99672,0.07285,-0.01517,-0.04684,0.10847,-0.17535,
31,-0.53340,0.61057,1.18863,0.03073,0.99675,0.07284,-0.01525,-0.04994,0.13445,-0.17720,
32,-0.53409,0.61724,1.17912,0.02947,0.99679,0.07283,-0.01533,-0.05294,0.15955,-0.17925,
32,-0.53683,0.62452,1.16954,0.02816,0.99683,0.07282,-0.01541,-0.05707,0.18297,-0.18111,
32,-0.54042,0.63171,1.16061,0.02684,0.99686,0.07281,-0.01548,-0.06124,0.20440,-0.18242,
32,-0.54142,0.64190,1.15075,0.02554,0.99690,0.07278,-0.01557,-0.06344,0.22586,-0.18422,
32,-0.54279,0.65293,1.14077,0.02428,0.99693,0.07276,-0.01565,-0.06585,0.24573,-0.18579,
32,-0.54415,0.66531,1.13019,0.02305,0.99696,0.07274,-0.01574,-0.06806,0.26466,-0.18751,
32,-0.54611,0.67769,1.12033,0.02186,0.99699,0.07272,-0.01582,-0.07016,0.28178,-0.18868,
32,-0.54794,0.68897,1.11158,0.02073,0.99701,0.07270,-0.01589,-0.07182,0.29668,-0.18918,
32,-0.54962,0.70227,1.10184,0.01966,0.99703,0.07269,-0.01596,-0.07346,0.31129,-0.18996,
32,-0.55125,0.71732,1.09128,0.01863,0.99705,0.07267,-0.01601,-0.07492,0.32554,-0.19098,
32,-0.55317,0.73369,1.08045,0.01769,0.99707,0.07266,-0.01607,-0.07638,0.33957,-0.19206,
32,-0.55702,0.75003,1.07023,0.01679,0.99709,0.07265,-0.01611,-0.07878,0.35225,-0.19263,
32,-0.55951,0.76662,1.05986,0.01595,0.99710,0.07262,-0.01617,-0.08015,0.36360,-0.19323,
32,-0.56066,0.78475,1.04919,0.01516,0.99711,0.07261,-0.01623,-0.08065,0.37479,-0.19384,
32,-0.55154,0.80313,1.03596,0.01426,0.99713,0.07244,-0.01651,-0.07165,0.38244,-0.19763,
32,-0.55455,0.82252,1.02528,0.01360,0.99714,0.07246,-0.01650,-0.07367,0.39303,-0.19774,
32,-0.55707,0.84093,1.01543,0.01296,0.99715,0.07246,-0.01652,-0.07459,0.40165,-0.19761,
32,-0.55999,0.86056,1.00507,0.01238,0.99716,0.07246,-0.01655,-0.07597,0.41030,-0.19768,
32,-0.56266,0.88202,0.99425,0.01185,0.99716,0.07246,-0.01657,-0.07709,0.41922,-0.19790,
32,-0.56513,0.90316,0.98349,0.01135,0.99717,0.07245,-0.01660,-0.07784,0.42707,-0.19820,
32,-0.56819,0.92608,0.97213,0.01089,0.99717,0.07244,-0.01663,-0.07891,0.43555,-0.19880,
33,-0.57129,0.94937,0.96084,0.01047,0.99718,0.07243,-0.01664,-0.08000,0.44354,-0.19929,
33,-0.57566,0.97141,0.95019,0.01008,0.99718,0.07244,-0.01666,-0.08187,0.45025,-0.19939,
33,-0.58081,0.99474,0.93934,0.00975,0.99718,0.07245,-0.01666,-0.08431,0.45741,-0.19952,
33,-0.58514,1.01784,0.92829,0.00941,0.99719,0.07247,-0.01666,-0.08603,0.46362,-0.19987,
33,-0.58859,1.04074,0.91725,0.00909,0.99719,0.07247,-0.01668,-0.08695,0.46899,-0.20025,
33,-0.58331,1.06039,0.90454,0.00852,0.99719,0.07247,-0.01688,-0.08112,0.46883,-0.20316,
33,-0.58793,1.08200,0.89498,0.00824,0.99720,0.07244,-0.01683,-0.08269,0.47219,-0.20217,
33,-0.59276,1.10331,0.88543,0.00797,0.99720,0.07244,-0.01683,-0.08379,0.47509,-0.20153,
33,-0.59764,1.12650,0.87615,0.00563,0.99722,0.07239,-0.01699,-0.08337,0.47974,-0.15293,
33,-0.60226,1.14957,0.87152,-0.00284,0.99723,0.07225,-0.01759,-0.07978,0.47769,-0.04527,
33,-0.60603,1.17307,0.87039,-0.00816,0.99720,0.07218,-0.01797,-0.07715,0.46898,-0.00310,
33,-0.61010,1.19673,0.87101,-0.01167,0.99716,0.07210,-0.01820,-0.07520,0.45584,0.01408,
33,-0.61031,1.21499,0.87185,-0.01407,0.99712,0.07212,-0.01850,-0.06839,0.43447,0.01901,
33,-0.61401,1.23592,0.87227,-0.01529,0.99711,0.07210,-0.01852,-0.06685,0.41697,0.02191,
33,-0.61687,1.25537,0.87297,-0.01592,0.99710,0.07209,-0.01854,-0.06421,0.39762,0.02286,
33,-0.62002,1.27327,0.87378,-0.01608,0.99710,0.07208,-0.01853,-0.06179,0.37735,0.02275,
33,-0.62273,1.29066,0.87447,-0.01589,0.99710,0.07207,-0.01851,-0.05911,0.35750,0.02192,
33,-0.62525,1.30712,0.87515,-0.01542,0.99711,0.07208,-0.01845,-0.05656,0.33807,0.02090,
33,-0.62761,1.32228,0.87586,-0.01478,0.99712,0.07208,-0.01839,-0.05393,0.31880,0.01967,
34,-0.62979,1.33705,0.87652,-0.01401,0.99713,0.07209,-0.01832,-0.05145,0.30080,0.01844,
34,-0.63211,1.35056,0.87715,-0.01316,0.99714,0.07211,-0.01824,-0.04927,0.28320,0.01730,
34,-0.63426,1.36266,0.87769,-0.01229,0.99715,0.07213,-0.01816,-0.04721,0.26590,0.01620,
34,-0.63642,1.37389,0.87820,-0.01139,0.99716,0.07215,-0.01808,-0.04528,0.24959,0.01516,
34,-0.63836,1.38418,0.87868,-0.01051,0.99717,0.07217,-0.01799,-0.04337,0.23395,0.01422,
34,-0.64039,1.39362,0.87884,-0.00963,0.99718,0.07220,-0.01790,-0.04189,0.21916,0.01316,
34,-0.64232,1.40307,0.87906,-0.00877,0.99719,0.07221,-0.01781,-0.04049,0.20577,0.01230,
34,-0.64390,1.41124,0.87945,-0.00795,0.99720,0.07223,-0.01773,-0.03903,0.19262,0.01176,
34,-0.64593,1.41873,0.87987,-0.00716,0.99720,0.07225,-0.01765,-0.03800,0.18046,0.01128,
34,-0.64772,1.42577,0.88021,-0.00640,0.99721,0.07227,-0.01757,-0.03687,0.16911,0.01085,
34,-0.64844,1.43336,0.88643,-0.00612,0.99731,0.07225,-0.01114,-0.03624,0.15932,0.01579,
34,-0.64822,1.43916,0.89381,-0.00586,0.99736,0.07225,-0.00518,-0.04226,0.14827,0.02558,
34,-0.64203,1.44014,0.89917,-0.00575,0.99737,0.07227,-0.00086,-0.04696,0.13015,0.03327,
34,-0.64586,1.44703,0.90399,-0.00530,0.99737,0.07224,0.00210,-0.06466,0.12097,0.03991,
34,-0.64697,1.44689,0.91153,-0.00497,0.99737,0.07223,0.00368,-0.08138,0.10603,0.04692,
34,-0.65272,1.45170,0.91351,-0.00446,0.99737,0.07222,0.00458,-0.10320,0.09693,0.04851,
34,-0.65773,1.45577,0.91567,-0.00399,0.99737,0.07221,0.00491,-0.12356,0.08734,0.04886,
34,-0.66451,1.45924,0.91760,-0.00353,0.99737,0.07220,0.00477,-0.14462,0.07819,0.04802,
34,-0.67237,1.46287,0.91868,-0.00306,0.99738,0.07220,0.00430,-0.16561,0.07021,0.04583,
34,-0.68194,1.46585,0.91967,-0.00260,0.99738,0.07221,0.00361,-0.18675,0.06252,0.04371,
34,-0.69290,1.46784,0.92092,-0.00217,0.99738,0.07220,0.00281,-0.20738,0.05466,0.04187,
35,-0.70441,1.46939,0.92209,-0.00176,0.99739,0.07218,0.00192,-0.22693,0.04706,0.04008,
35,-0.71748,1.47018,0.92339,-0.00137,0.99739,0.07218,0.00099,-0.24619,0.03966,0.03865,
35,-0.73159,1.47070,0.92386,-0.00099,0.99739,0.07219,0.00004,-0.26463,0.03287,0.03666,
35,-0.74540,1.47156,0.92402,-0.00063,0.99739,0.07221,-0.00091,-0.28123,0.02718,0.03450,
35,-0.75971,1.47281,0.92432,-0.00028,0.99739,0.07221,-0.00185,-0.29656,0.02253,0.03258,
35,-0.77544,1.47328,0.92383,0.00004,0.99739,0.07220,-0.00276,-0.31152,0.01769,0.03027,
35,-0.79202,1.47359,0.92362,0.00034,0.99738,0.07221,-0.00363,-0.32577,0.01340,0.02837,
35,-0.80905,1.47325,0.92393,0.00061,0.99738,0.07220,-0.00445,-0.33899,0.00895,0.02704,
35,-0.82500,1.47222,0.92421,0.00086,0.99738,0.07220,-0.00525,-0.35033,0.00429,0.02590,
35,-0.84059,1.47449,0.91995,0.00165,0.99731,0.07220,-0.01255,-0.35879,0.00334,0.01561,
35,-0.85734,1.47588,0.90917,0.00234,0.99721,0.07218,-0.01890,-0.36049,0.00285,0.00785,
35,-0.88177,1.46814,0.90148,0.00270,0.99711,0.07203,-0.02410,-0.35944,-0.00480,0.00317,
35,-0.89793,1.46940,0.89989,0.00315,0.99702,0.07204,-0.02746,-0.35089,-0.00316,0.00530,
35,-0.91955,1.46620,0.89370,0.00330,0.99696,0.07187,-0.02984,-0.34190,-0.00765,0.00070,
35,-0.93569,1.46574,0.89457,0.00356,0.99692,0.07188,-0.03126,-0.32875,-0.00654,0.00338,
35,-0.95121,1.46510,0.89414,0.00376,0.99689,0.07189,-0.03207,-0.31436,-0.00542,0.00378,
35,-0.96618,1.46452,0.89344,0.00391,0.99688,0.07189,-0.03236,-0.29955,-0.00414,0.00325,
35,-0.97979,1.46396,0.89313,0.00402,0.99688,0.07189,-0.03230,-0.28409,-0.00289,0.00280,
35,-0.99234,1.46338,0.89303,0.00410,0.99689,0.07189,-0.03205,-0.26849,-0.00171,0.00237,
36,-1.00453,1.46269,0.89289,0.00416,0.99690,0.07190,-0.03160,-0.25371,-0.00058,0.00185,
36,-1.01596,1.46244,0.89274,0.00422,0.99692,0.07190,-0.03103,-0.23952,0.00096,0.00127,
36,-1.02735,1.46195,0.89328,0.00425,0.99694,0.07191,-0.03037,-0.22625,0.00221,0.00128,
36,-1.03801,1.46145,0.89382,0.00427,0.99696,0.07191,-0.02967,-0.21348,0.00330,0.00123,
36,-1.04726,1.46090,0.89457,0.00428,0.99698,0.07191,-0.02895,-0.20086,0.00431,0.00153,
36,-1.05627,1.45952,0.89561,0.00428,0.99700,0.07191,-0.02822,-0.18920,0.00461,0.00211,
36,-1.06458,1.45875,0.89614,0.00428,0.99702,0.07191,-0.02751,-0.17813,0.00532,0.00224,
36,-1.07159,1.45819,0.89614,0.00429,0.99704,0.07191,-0.02683,-0.16732,0.00615,0.00205,
36,-1.07920,1.45778,0.89632,0.00430,0.99706,0.07190,-0.02616,-0.15794,0.00708,0.00201,
36,-1.08650,1.45733,0.89707,0.00430,0.99708,0.07191,-0.02552,-0.14927,0.00797,0.00246,
36,-1.09362,1.45765,0.89228,0.00480,0.99690,0.07188,-0.03158,-0.13983,0.00968,0.00429,
36,-1.09969,1.45766,0.88191,0.00521,0.99673,0.07186,-0.03660,-0.12323,0.01187,0.00522,
36,-1.10129,1.45324,0.87407,0.00529,0.99659,0.07165,-0.04050,-0.09384,0.00871,0.00346,
36,-1.10625,1.45300,0.87270,0.00549,0.99651,0.07167,-0.04243,-0.07135,0.01207,0.00608,
36,-1.10896,1.45326,0.87124,0.00561,0.99647,0.07167,-0.04339,-0.04631,0.01558,0.00634,
36,-1.10656,1.45394,0.86746,0.00548,0.99645,0.07156,-0.04403,-0.01296,0.01784,-0.00159,
36,-1.10733,1.45434,0.86770,0.00552,0.99646,0.07159,-0.04370,0.01198,0.02138,-0.00181,
36,-1.10598,1.45445,0.86791,0.00551,0.99649,0.07162,-0.04307,0.03755,0.02432,-0.00278,
36,-1.10361,1.45427,0.86883,0.00546,0.99652,0.07165,-0.04215,0.06222,0.02660,-0.00340,
36,-1.09950,1.45508,0.86943,0.00543,0.99657,0.07167,-0.04109,0.08645,0.02989,-0.00466,
36,-1.09191,1.45662,0.87256,0.00542,0.99661,0.07168,-0.03998,0.11250,0.03481,-0.00298,
37,-1.08462,1.45765,0.87374,0.00537,0.99666,0.07170,-0.03875,0.13538,0.03813,-0.00351,
37,-1.07611,1.45850,0.87401,0.00531,0.99671,0.07170,-0.03749,0.15708,0.04068,-0.00472,
37,-1.06553,1.45864,0.87421,0.00523,0.99675,0.07173,-0.03624,0.17830,0.04208,-0.00595,
37,-1.05563,1.45983,0.87565,0.00516,0.99679,0.07176,-0.03500,0.19697,0.04448,-0.00576,
37,-1.04522,1.46158,0.87741,0.00510,0.99683,0.07178,-0.03379,0.21422,0.04721,-0.00516,
37,-1.03465,1.46330,0.87824,0.00504,0.99687,0.07180,-0.03263,0.22979,0.04959,-0.00513,
37,-1.01508,1.46415,0.88645,0.00488,0.99689,0.07187,-0.03200,0.25545,0.05093,-0.00232,
37,-1.00294,1.46675,0.88676,0.00483,0.99692,0.07187,-0.03088,0.26820,0.05340,-0.00166,
37,-0.98861,1.46894,0.88823,0.00478,0.99695,0.07188,-0.02988,0.28183,0.05555,-0.00050,
37,-0.97286,1.47143,0.89020,0.00474,0.99698,0.07189,-0.02894,0.29498,0.05789,0.00123,
37,-0.95650,1.47425,0.89209,0.00472,0.99701,0.07190,-0.02807,0.30718,0.06044,0.00290,
37,-0.93979,1.47740,0.89365,0.00469,0.99703,0.07189,-0.02727,0.31828,0.06297,0.00425,
37,-0.92259,1.48041,0.89448,0.00466,0.99705,0.07189,-0.02653,0.32848,0.06506,0.00506,
37,-0.90412,1.48330,0.89495,0.00462,0.99707,0.07188,-0.02584,0.33850,0.06670,0.00560,
37,-0.87904,1.48438,0.90262,0.00454,0.99708,0.07189,-0.02548,0.35543,0.06667,0.01021,
37,-0.85991,1.48745,0.90204,0.00451,0.99709,0.07189,-0.02485,0.36334,0.06803,0.01013,
37,-0.83939,1.49045,0.90263,0.00448,0.99711,0.07188,-0.02430,0.37195,0.06931,0.01065,
37,-0.81812,1.49340,0.90326,0.00444,0.99712,0.07187,-0.02380,0.38033,0.07032,0.01118,
37,-0.79727,1.49608,0.90352,0.00440,0.99713,0.07186,-0.02332,0.38763,0.07100,0.01147,
38,-0.77629,1.49866,0.90356,0.00435,0.99714,0.07186,-0.02288,0.39435,0.07145,0.01145,
38,-0.75414,1.50148,0.90371,0.00431,0.99715,0.07185,-0.02245,0.40111,0.07205,0.01169,
38,-0.73057,1.50426,0.90404,0.00427,0.99716,0.07185,-0.02206,0.40818,0.07266,0.01214,
38,-0.70787,1.50703,0.90443,0.00423,0.99717,0.07185,-0.02170,0.41419,0.07315,0.01251,
38,-0.68653,1.50981,0.90437,0.00420,0.99718,0.07185,-0.02133,0.41850,0.07350,0.01273,
38,-0.66400,1.51269,0.90432,0.00416,0.99719,0.07185,-0.02100,0.42326,0.07376,0.01290,
38,-0.64141,1.51553,0.90432,0.00413,0.99719,0.07187,-0.02070,0.42765,0.07414,0.01303,
38,-0.61531,1.52214,0.90719,0.00407,0.99720,0.07177,-0.02063,0.43688,0.07524,0.01415,
38,-0.59557,1.52610,0.90604,0.00409,0.99720,0.07180,-0.02028,0.43739,0.07685,0.01363,
38,-0.57321,1.52955,0.90635,0.00407,0.99721,0.07181,-0.02003,0.44046,0.07757,0.01373,
38,-0.55111,1.53231,0.90864,0.00346,0.99734,0.07185,-0.01174,0.44083,0.07740,0.01468,
38,-0.52987,1.53530,0.91261,0.00307,0.99739,0.07187,-0.00626,0.43344,0.07647,0.02200,
38,-0.50578,1.53680,0.91187,0.00262,0.99741,0.07185,-0.00204,0.42495,0.07130,0.02715,
38,-0.48547,1.54013,0.91165,0.00245,0.99741,0.07183,0.00086,0.40748,0.06919,0.03045,
38,-0.46446,1.54433,0.91842,0.00237,0.99741,0.07186,0.00258,0.39100,0.06835,0.03761,
38,-0.44570,1.54785,0.92063,0.00234,0.99740,0.07187,0.00353,0.37079,0.06668,0.03976,
38,-0.42770,1.55072,0.92288,0.00234,0.99740,0.07188,0.00380,0.35034,0.06409,0.04092,
38,-0.41075,1.55357,0.92456,0.00235,0.99740,0.07187,0.00365,0.32962,0.06148,0.04071,
38,-0.39502,1.55616,0.92590,0.00239,0.99741,0.07187,0.00327,0.30888,0.05877,0.03979,
38,-0.38033,1.55834,0.92726,0.00242,0.99741,0.07187,0.00268,0.28865,0.05579,0.03876,
38,-0.36644,1.56043,0.92824,0.00247,0.99741,0.07186,0.00196,0.26918,0.05296,0.03723,
39,-0.35333,1.56246,0.92870,0.00253,0.99741,0.07186,0.00113,0.25058,0.05031,0.03525,
39,-0.34129,1.56437,0.92899,0.00260,0.99741,0.07185,0.00026,0.23252,0.04784,0.03332,
39,-0.33013,1.56629,0.92931,0.00267,0.99741,0.07185,-0.00062,0.21534,0.04575,0.03154,
39,-0.31964,1.56816,0.92977,0.00275,0.99741,0.07185,-0.00151,0.19931,0.04379,0.03001,
39,-0.31041,1.56972,0.93030,0.00283,0.99741,0.07185,-0.00238,0.18363,0.04178,0.02875,
39,-0.30194,1.57098,0.93042,0.00290,0.99741,0.07185,-0.00324,0.16886,0.03972,0.02721,
39,-0.29398,1.57230,0.93033,0.00296,0.99740,0.07185,-0.00407,0.15513,0.03788,0.02568,
39,-0.28669,1.57349,0.93037,0.00302,0.99740,0.07185,-0.00488,0.14227,0.03614,0.02435,
39,-0.28005,1.57480,0.93005,0.00308,0.99740,0.07184,-0.00565,0.13012,0.03474,0.02289,
39,-0.27397,1.57613,0.92981,0.00309,0.99740,0.07184,-0.00561,0.11876,0.03351,0.02319,
39,-0.26776,1.57860,0.93884,0.00258,0.99741,0.07186,0.00191,0.10447,0.03280,0.03875,
39,-0.26392,1.57950,0.94705,0.00230,0.99739,0.07189,0.00650,0.08309,0.03035,0.05226,
39,-0.26020,1.58151,0.95071,0.00211,0.99737,0.07191,0.00937,0.05877,0.02806,0.05913,
39,-0.25808,1.57817,0.95818,0.00189,0.99735,0.07193,0.01101,0.03280,0.02097,0.06241,
39,-0.25678,1.57899,0.96194,0.00185,0.99734,0.07193,0.01185,0.00518,0.01768,0.06464,
39,-0.25713,1.57936,0.96457,0.00184,0.99733,0.07194,0.01202,-0.02325,0.01395,0.06441,
39,-0.25875,1.57934,0.96696,0.00187,0.99734,0.07194,0.01167,-0.05151,0.01004,0.06304,
39,-0.26211,1.57912,0.96910,0.00193,0.99735,0.07195,0.01098,-0.07962,0.00625,0.06091,
39,-0.26666,1.57879,0.97108,0.00201,0.99736,0.07195,0.01004,-0.10676,0.00265,0.05837,
40,-0.27206,1.57845,0.97300,0.00211,0.99737,0.07195,0.00894,-0.13263,-0.00072,0.05576,
40,-0.27831,1.57771,0.97437,0.00220,0.99738,0.07195,0.00772,-0.15706,-0.00413,0.05276,
40,-0.28656,1.57614,0.97397,0.00229,0.99739,0.07194,0.00642,-0.18066,-0.00794,0.04856,
40,-0.29680,1.57444,0.97300,0.00238,0.99739,0.07195,0.00510,-0.20357,-0.01145,0.04431,
40,-0.30645,1.57332,0.97265,0.00248,0.99740,0.07195,0.00379,-0.22412,-0.01419,0.04081,
40,-0.31748,1.57171,0.97181,0.00257,0.99740,0.07195,0.00252,-0.24374,-0.01704,0.03730,
40,-0.33030,1.56939,0.97091,0.00265,0.99740,0.07195,0.00128,-0.26260,-0.02009,0.03407,
40,-0.34354,1.56712,0.97025,0.00273,0.99740,0.07194,0.00010,-0.27997,-0.02284,0.03132,
40,-0.35713,1.56514,0.96941,0.00281,0.99740,0.07194,-0.00104,-0.29591,-0.02510,0.02875,
40,-0.37148,1.56328,0.96922,0.00289,0.99740,0.07193,-0.00210,-0.31086,-0.02704,0.02679,
40,-0.38598,1.56127,0.96922,0.00297,0.99740,0.07192,-0.00311,-0.32446,-0.02891,0.02511,
40,-0.39900,1.55528,0.95709,0.00339,0.99733,0.07187,-0.01229,-0.33254,-0.03507,0.00674,
40,-0.41871,1.55262,0.95352,0.00389,0.99723,0.07187,-0.01848,-0.33689,-0.03486,0.00428,
40,-0.43863,1.54792,0.94773,0.00411,0.99714,0.07183,-0.02332,-0.33526,-0.03682,-0.00245,
40,-0.45546,1.54579,0.94932,0.00438,0.99705,0.07182,-0.02681,-0.32832,-0.03534,0.00171,
40,-0.46865,1.54309,0.94158,0.00443,0.99698,0.07178,-0.02928,-0.31614,-0.03580,-0.00426,
40,-0.48493,1.54031,0.94197,0.00454,0.99693,0.07182,-0.03076,-0.30431,-0.03404,-0.00236,
40,-0.50045,1.53870,0.94119,0.00461,0.99691,0.07181,-0.03154,-0.29155,-0.03146,-0.00227,
40,-0.51385,1.53726,0.94038,0.00465,0.99690,0.07181,-0.03191,-0.27748,-0.02890,-0.00255,
40,-0.52625,1.53582,0.93953,0.00465,0.99690,0.07181,-0.03193,-0.26311,-0.02652,-0.00316,
40,-0.53812,1.53438,0.93881,0.00464,0.99690,0.07181,-0.03170,-0.24894,-0.02427,-0.00388,
41,-0.54936,1.53280,0.93800,0.00463,0.99692,0.07183,-0.03129,-0.23525,-0.02219,-0.00476,
41,-0.56046,1.53123,0.93755,0.00459,0.99693,0.07184,-0.03076,-0.22227,-0.02023,-0.00532,
41,-0.57178,1.52973,0.93736,0.00456,0.99695,0.07184,-0.03018,-0.21019,-0.01828,-0.00569,
41,-0.58118,1.52832,0.93729,0.00452,0.99697,0.07185,-0.02955,-0.19793,-0.01652,-0.00595,
41,-0.58987,1.52724,0.93740,0.00447,0.99699,0.07186,-0.02890,-0.18629,-0.01464,-0.00598,
41,-0.59799,1.52607,0.93757,0.00443,0.99700,0.07187,-0.02826,-0.17514,-0.01304,-0.00594,
41,-0.60533,1.52478,0.93800,0.00439,0.99702,0.07188,-0.02763,-0.16447,-0.01160,-0.00564,
41,-0.61219,1.52373,0.93832,0.00435,0.99704,0.07189,-0.02702,-0.15439,-0.01012,-0.00546,
41,-0.61929,1.52250,0.93891,0.00431,0.99705,0.07190,-0.02641,-0.14545,-0.00891,-0.00498,
41,-0.62683,1.52117,0.93937,0.00421,0.99707,0.07192,-0.02584,-0.13757,-0.00776,-0.00454,
41,-0.63275,1.52169,0.94079,-0.00061,0.99709,0.07178,-0.02565,-0.12892,-0.00821,-0.00238,
41,-0.63810,1.52259,0.94213,-0.00392,0.99710,0.07168,-0.02538,-0.12012,-0.01221,0.00060,
41,-0.64346,1.52144,0.94278,-0.00600,0.99710,0.07163,-0.02505,-0.11172,-0.01972,0.00278,
41,-0.64844,1.51985,0.94355,-0.00729,0.99710,0.07161,-0.02469,-0.10361,-0.02899,0.00443,
41,-0.65266,1.51763,0.94390,-0.00807,0.99710,0.07160,-0.02432,-0.09562,-0.03931,0.00529,
41,-0.65666,1.51454,0.94426,-0.00846,0.99711,0.07161,-0.02394,-0.08818,-0.05046,0.00575,
41,-0.66012,1.51112,0.94468,-0.00853,0.99712,0.07162,-0.02356,-0.08099,-0.06172,0.00593,
41,-0.66288,1.50679,0.94471,-0.00839,0.99713,0.07164,-0.02321,-0.07371,-0.07321,0.00566,
41,-0.66601,1.50203,0.94493,-0.00808,0.99713,0.07165,-0.02287,-0.06714,-0.08437,0.00544,
42,-0.66907,1.49640,0.94540,-0.00767,0.99714,0.07167,-0.02253,-0.06124,-0.09554,0.00535,
42,-0.67211,1.49006,0.94600,-0.00718,0.99715,0.07169,-0.02219,-0.05592,-0.10639,0.00535,
42,-0.67380,1.48298,0.94666,-0.00663,0.99716,0.07171,-0.02187,-0.05045,-0.11686,0.00542,
42,-0.67462,1.47519,0.94698,-0.00607,0.99717,0.07173,-0.02157,-0.04498,-0.12699,0.00529,
42,-0.67495,1.46757,0.94727,-0.00548,0.99718,0.07173,-0.02130,-0.03944,-0.13629,0.00505,
42,-0.67505,1.45941,0.94737,-0.00490,0.99719,0.07174,-0.02103,-0.03457,-0.14497,0.00486,
42,-0.67620,1.45120,0.94742,-0.00434,0.99720,0.07173,-0.02078,-0.03058,-0.15299,0.00469,
42,-0.67625,1.44249,0.94760,-0.00379,0.99721,0.07173,-0.02055,-0.02630,-0.16051,0.00462,
42,-0.67601,1.43376,0.94745,-0.00326,0.99721,0.07173,-0.02033,-0.02236,-0.16730,0.00441,
42,-0.67604,1.42426,0.94725,-0.00274,0.99722,0.07174,-0.02013,-0.01871,-0.17371,0.00426,
42,-0.67502,1.41378,0.94709,-0.00226,0.99722,0.07177,-0.01994,-0.01493,-0.18003,0.00414,
42,-0.67338,1.40261,0.94677,0.00228,0.99722,0.07188,-0.01947,-0.01135,-0.18499,0.00203,
42,-0.67183,1.39100,0.94640,0.00588,0.99721,0.07196,-0.01907,-0.00868,-0.18545,0.00212,
42,-0.67097,1.38029,0.94645,0.00859,0.99719,0.07200,-0.01874,-0.00684,-0.18233,0.00345,
42,-0.66940,1.37089,0.94644,0.01073,0.99717,0.07203,-0.01848,-0.00501,-0.17632,0.00469,
42,-0.66822,1.36079,0.94657,0.01210,0.99716,0.07205,-0.01828,-0.00368,-0.16918,0.00571,
42,-0.66683,1.35122,0.94668,0.01294,0.99715,0.07206,-0.01812,-0.00275,-0.16085,0.00644,
42,-0.66615,1.34376,0.94691,0.01345,0.99715,0.07206,-0.01799,-0.00245,-0.15106,0.00697,
42,-0.65517,1.32965,0.94952,0.01337,0.99714,0.07209,-0.01822,0.00941,-0.14862,0.00940,
42,-0.65440,1.32195,0.94912,0.01345,0.99714,0.07207,-0.01811,0.00921,-0.13841,0.00935,
42,-0.65408,1.31481,0.94931,0.01333,0.99715,0.07207,-0.01804,0.00895,-0.12860,0.00943,
43,-0.65378,1.30809,0.94942,0.01310,0.99715,0.07207,-0.01797,0.00867,-0.11898,0.00937,
43,-0.65337,1.30192,0.94945,0.01279,0.99716,0.07207,-0.01793,0.00848,-0.10960,0.00919,
43,-0.65267,1.29683,0.94926,0.01244,0.99716,0.07207,-0.01788,0.00820,-0.10010,0.00889,
43,-0.65220,1.29211,0.94915,0.01206,0.99717,0.07207,-0.01785,0.00775,-0.09102,0.00865,
43,-0.65230,1.28720,0.94918,0.01165,0.99717,0.07206,-0.01781,0.00716,-0.08283,0.00849,
43,-0.65179,1.28260,0.94905,0.01123,0.99718,0.07205,-0.01779,0.00694,-0.07521,0.00826,
43,-0.65122,1.27843,0.94887,0.01082,0.99718,0.07205,-0.01776,0.00669,-0.06799,0.00800,
43,-0.65060,1.27490,0.94811,0.01042,0.99719,0.07204,-0.01773,0.00618,-0.06091,0.00748,
43,-0.65034,1.27184,0.94746,0.01004,0.99719,0.07205,-0.01770,0.00567,-0.05392,0.00701,
43,-0.65025,1.26851,0.94722,0.00967,0.99720,0.07205,-0.01768,0.00518,-0.04775,0.00678,
43,-0.64941,1.26529,0.94693,0.00930,0.99720,0.07206,-0.01766,0.00512,-0.04219,0.00656,
43,-0.64829,1.26228,0.95141,0.00879,0.99720,0.07207,-0.01765,0.01381,-0.03189,0.26305,
43,-0.64728,1.25924,0.97331,0.00835,0.99721,0.07206,-0.01763,0.02501,-0.02141,0.59733,
43,-0.64560,1.25742,1.01345,0.00797,0.99721,0.07203,-0.01761,0.03484,-0.01200,0.88042,
43,-0.64541,1.25452,1.05910,0.00763,0.99722,0.07201,-0.01757,0.03683,-0.00689,0.99505,
43,-0.64681,1.25216,1.10639,0.00732,0.99723,0.07198,-0.01752,0.03528,-0.00300,1.03514,
43,-0.64630,1.25106,1.16060,0.00707,0.99723,0.07196,-0.01750,0.03473,0.00090,1.04744,
43,-0.64694,1.25044,1.21591,0.00686,0.99723,0.07195,-0.01746,0.03320,0.00464,1.05011,
43,-0.64758,1.25048,1.27115,0.00669,0.99723,0.07196,-0.01740,0.03133,0.00843,1.04993,
44,-0.64508,1.24885,1.32654,0.00650,0.99723,0.07197,-0.01738,0.03166,0.01059,1.04865,
44,-0.64500,1.24865,1.38077,0.00635,0.99723,0.07199,-0.01733,0.03012,0.01377,1.04693,
44,-0.64817,1.24814,1.43062,0.00618,0.99725,0.07185,-0.01735,0.01988,0.01021,0.82369,
44,-0.64880,1.24921,1.46469,0.00612,0.99725,0.07185,-0.01727,0.00923,0.00972,0.57889,
44,-0.64940,1.24857,1.48747,0.00601,0.99725,0.07185,-0.01726,0.00004,0.00830,0.33594,
44,-0.65101,1.24650,1.49857,0.00590,0.99725,0.07186,-0.01723,-0.00796,0.00684,0.14413,
44,-0.65196,1.24437,1.50323,0.00579,0.99725,0.07187,-0.01722,-0.01143,0.00694,0.07212,
44,-0.65217,1.24251,1.50548,0.00569,0.99725,0.07186,-0.01721,-0.01262,0.00770,0.04917,
44,-0.65177,1.24124,1.50689,0.00559,0.99725,0.07184,-0.01721,-0.01291,0.00870,0.04262,
44,-0.65062,1.24066,1.50763,0.00549,0.99726,0.07180,-0.01722,-0.01262,0.00998,0.04159,
44,-0.64896,1.23995,1.50808,0.00539,0.99726,0.07177,-0.01722,-0.01189,0.01105,0.04252,
44,-0.64779,1.23858,1.50853,0.00530,0.99726,0.07176,-0.01723,-0.01132,0.01168,0.04401,
44,-0.64726,1.23794,1.50860,0.00520,0.99726,0.07171,-0.01721,-0.01136,0.01233,0.04548,
44,-0.64674,1.23667,1.50881,0.00511,0.99726,0.07170,-0.01719,-0.01145,0.01281,0.04691,
44,-0.64669,1.23554,1.50905,0.00503,0.99727,0.07171,-0.01717,-0.01188,0.01334,0.04830,
44,-0.64730,1.23420,1.50942,0.00495,0.99727,0.07171,-0.01714,-0.01263,0.01365,0.04959,
44,-0.64885,1.23280,1.50998,0.00487,0.99727,0.07170,-0.01710,-0.01389,0.01385,0.05083,
44,-0.65128,1.23148,1.51055,0.00481,0.99727,0.07171,-0.01705,-0.01582,0.01423,0.05201,
44,-0.65290,1.23060,1.51091,0.00475,0.99727,0.07171,-0.01702,-0.01718,0.01473,0.05292,
44,-0.65333,1.22975,1.51114,0.00468,0.99727,0.07171,-0.01699,-0.01769,0.01502,0.05362,
44,-0.65324,1.22872,1.51116,0.00462,0.99727,0.07171,-0.01697,-0.01788,0.01514,0.05410,
45,-0.65299,1.22781,1.51099,0.00457,0.99727,0.07171,-0.01694,-0.01799,0.01537,0.05441,
45,-0.65362,1.22707,1.50695,0.00454,0.99727,0.07172,-0.01691,-0.02494,0.01349,-0.13729,
45,-0.65594,1.22588,1.49023,0.00452,0.99727,0.07177,-0.01687,-0.03453,0.01115,-0.38057,
45,-0.65886,1.22573,1.46081,0.00450,0.99727,0.07180,-0.01683,-0.04383,0.00904,-0.62274,
45,-0.66756,1.22620,1.42006,0.00447,0.99727,0.07185,-0.01675,-0.05572,0.00737,-0.86085,
45,-0.67566,1.22684,1.36718,0.00446,0.99726,0.07194,-0.01668,-0.06372,0.00724,-0.99796,
45,-0.67536,1.22733,1.30695,0.00443,0.99726,0.07199,-0.01667,-0.06429,0.00715,-1.04411,
45,-0.67431,1.22945,1.24580,0.00437,0.99726,0.07198,-0.01667,-0.06343,0.00748,-1.05917,
45,-0.67369,1.23124,1.18639,0.00431,0.99726,0.07198,-0.01666,-0.06217,0.00778,-1.06178,
45,-0.67071,1.23362,1.12663,0.00425,0.99726,0.07196,-0.01667,-0.05973,0.00820,-1.06055,
45,-0.66916,1.23465,1.06898,0.00421,0.99726,0.07197,-0.01668,-0.05806,0.00829,-1.05715,
45,-0.67059,1.23457,1.01670,0.00417,0.99726,0.07198,-0.01668,-0.05779,0.00803,-1.05126,
45,-0.67198,1.23576,0.96450,0.00415,0.99726,0.07198,-0.01667,-0.05729,0.00882,-1.04567,
45,-0.64912,1.23297,0.90386,0.00391,0.99725,0.07199,-0.01694,-0.04079,0.00266,-1.04622,
45,-0.64889,1.23385,0.85349,0.00393,0.99725,0.07199,-0.01689,-0.04034,0.00427,-1.04019,
45,-0.65047,1.23334,0.80302,0.00392,0.99725,0.07202,-0.01688,-0.04034,0.00507,-1.03470,
45,-0.65131,1.23300,0.75163,0.00390,0.99725,0.07204,-0.01686,-0.03993,0.00539,-1.03001,
45,-0.65267,1.23252,0.70068,0.00389,0.99725,0.07206,-0.01685,-0.03994,0.00601,-1.02539,
45,-0.65379,1.23128,0.65226,0.00389,0.99725,0.07208,-0.01684,-0.03959,0.00668,-1.02005,
46,-0.65424,1.23041,0.60292,0.00390,0.99725,0.07209,-0.01684,-0.03881,0.00724,-1.01541,
46,-0.65646,1.22885,0.55461,0.00390,0.99725,0.07210,-0.01682,-0.03896,0.00755,-1.01056,
46,-0.65807,1.22689,0.50807,0.00390,0.99725,0.07211,-0.01682,-0.03740,0.00819,-0.96752,
46,-0.65918,1.22619,0.46891,0.00389,0.99725,0.07211,-0.01681,-0.02653,0.01190,-0.63332,
46,-0.65328,1.22079,0.44140,0.00374,0.99723,0.07226,-0.01697,-0.00968,0.01086,-0.29744,
46,-0.65360,1.22311,0.43219,0.00375,0.99724,0.07222,-0.01693,-0.00143,0.01480,-0.02882,
46,-0.65323,1.22420,0.43273,0.00374,0.99724,0.07222,-0.01692,0.00198,0.01636,0.07249,
46,-0.65272,1.22524,0.43616,0.00374,0.99724,0.07223,-0.01691,0.00318,0.01718,0.10820,
46,-0.65244,1.22620,0.44036,0.00374,0.99724,0.07223,-0.01690,0.00327,0.01771,0.11878,
46,-0.65217,1.22718,0.44455,0.00374,0.99724,0.07223,-0.01688,0.00298,0.01810,0.12094,
46,-0.65198,1.22804,0.44870,0.00373,0.99724,0.07223,-0.01687,0.00252,0.01841,0.11984,
46,-0.65209,1.22866,0.45267,0.00373,0.99724,0.07223,-0.01685,0.00199,0.01851,0.11769,
46,-0.65279,1.22951,0.45647,0.00373,0.99724,0.07222,-0.01683,0.00093,0.01906,0.11527,
46,-0.65370,1.23029,0.46068,0.00373,0.99724,0.07222,-0.01682,-0.00004,0.01952,0.11313,
46,-0.65437,1.23063,0.46419,0.00372,0.99724,0.07222,-0.01680,-0.00084,0.01945,0.11060,
46,-0.65540,1.23078,0.46748,0.00371,0.99724,0.07221,-0.01678,-0.00188,0.01927,0.10806,
46,-0.65659,1.23107,0.47067,0.00370,0.99724,0.07221,-0.01676,-0.00310,0.01927,0.10561,
46,-0.65826,1.23112,0.47385,0.00370,0.99724,0.07219,-0.01673,-0.00466,0.01910,0.10334,
46,-0.66046,1.23042,0.47689,0.00369,0.99725,0.07218,-0.01669,-0.00652,0.01830,0.10111,
46,-0.66215,1.22973,0.47966,0.00367,0.99725,0.07216,-0.01666,-0.00808,0.01752,0.09888,
46,-0.66333,1.22968,0.48263,0.00367,0.99725,0.07215,-0.01663,-0.00931,0.01733,0.09686,
47,-0.66442,1.22939,0.48566,0.00366,0.99725,0.07215,-0.01661,-0.01044,0.01698,0.09498,
47,-0.66544,1.22910,0.48884,0.00365,0.99725,0.07214,-0.01659,-0.01148,0.01666,0.09329,
47,-0.66613,1.22907,0.49206,0.00365,0.99725,0.07213,-0.01657,-0.01256,0.01652,0.08416,
47,-0.66500,1.23014,0.49388,0.00365,0.99725,0.07213,-0.01657,-0.01425,0.01668,0.01728,
47,-0.66515,1.23052,0.49340,0.00365,0.99725,0.07213,-0.01656,-0.01529,0.01675,-0.00660,
47,-0.66558,1.23016,0.49224,0.00365,0.99725,0.07213,-0.01655,-0.01579,0.01649,-0.00878,
47,-0.66466,1.22991,0.49113,0.00364,0.99725,0.07213,-0.01655,-0.01527,0.01635,-0.00267,
47,-0.66338,1.22973,0.49069,0.00364,0.99725,0.07213,-0.01654,-0.01443,0.01631,0.00585,
47,-0.66279,1.22980,0.49025,0.00363,0.99725,0.07213,-0.01654,-0.01403,0.01648,0.01443,
47,-0.66228,1.23081,0.49001,0.00364,0.99725,0.07213,-0.01654,-0.01373,0.01726,0.02237,
47,-0.66103,1.23140,0.49034,0.00364,0.99725,0.07213,-0.01654,-0.01307,0.01768,0.02962,
47,-0.65916,1.23184,0.49082,0.00364,0.99725,0.07214,-0.01654,-0.01214,0.01802,0.03597,
47,-0.65847,1.23232,0.49143,0.00364,0.99725,0.07214,-0.01654,-0.01185,0.01843,0.04141,
47,-0.65796,1.23228,0.49228,0.00364,0.99725,0.07214,-0.01653,-0.01166,0.01853,0.04610,
47,-0.65784,1.23246,0.49325,0.00364,0.99725,0.07215,-0.01652,-0.01175,0.01879,0.05014,
47,-0.65842,1.23288,0.49451,0.00365,0.99725,0.07216,-0.01651,-0.01224,0.01923,0.05373,
47,-0.65911,1.23324,0.49595,0.00365,0.99725,0.07217,-0.01650,-0.01284,0.01962,0.05682,
47,-0.66010,1.23333,0.49760,0.00366,0.99725,0.07217,-0.01649,-0.01351,0.01985,0.05952,
47,-0.66065,1.23300,0.49901,0.00365,0.99725,0.07217,-0.01648,-0.01391,0.01974,0.06158,
48,-0.66181,1.23301,0.50051,0.00365,0.99725,0.07217,-0.01646,-0.01470,0.01984,0.06329,
48,-0.66336,1.23307,0.50238,0.00365,0.99725,0.07217,-0.01645,-0.01560,0.02000,0.06479,
48,-0.66477,1.23214,0.50378,0.00365,0.99725,0.07217,-0.01644,-0.01634,0.01959,0.06575,
48,-0.66730,1.23192,0.50588,0.00365,0.99725,0.07217,-0.01642,-0.01763,0.01964,0.06677,
48,-0.67011,1.23221,0.50800,0.00365,0.99725,0.07217,-0.01640,-0.01907,0.01997,0.06756,
48,-0.67354,1.23249,0.51012,0.00365,0.99725,0.07217,-0.01638,-0.02078,0.02026,0.06814,
48,-0.67696,1.23249,0.51243,0.00365,0.99725,0.07217,-0.01636,-0.02242,0.02046,0.06864,
48,-0.67971,1.23242,0.51492,0.00366,0.99725,0.07217,-0.01635,-0.02373,0.02063,0.06907,
48,-0.68137,1.23189,0.51701,0.00366,0.99725,0.07218,-0.01634,-0.02451,0.02049,0.06916,
48,-0.68079,1.23080,0.51830,0.00365,0.99725,0.07218,-0.01634,-0.02427,0.02000,0.06878,
48,-0.67998,1.22976,0.51922,0.00365,0.99725,0.07219,-0.01633,-0.02407,0.01964,0.06817,
48,-0.68169,1.22931,0.51966,0.00365,0.99725,0.07220,-0.01631,-0.02511,0.01958,0.06734,
48,-0.68534,1.22881,0.52150,0.00365,0.99725,0.07221,-0.01629,-0.02680,0.01954,0.06698,
48,-0.68748,1.22755,0.52131,0.00364,0.99725,0.07221,-0.01627,-0.02783,0.01907,0.06578,
48,-0.68707,1.22595,0.51973,0.00363,0.99725,0.07221,-0.01626,-0.02785,0.01833,0.06402,
48,-0.68587,1.22356,0.51701,0.00362,0.99725,0.07222,-0.01625,-0.02764,0.01721,0.06182,
48,-0.68314,1.22084,0.51228,0.00360,0.99725,0.07223,-0.01625,-0.02684,0.01592,0.05889,
48,-0.68181,1.21961,0.50594,0.00359,0.99725,0.07223,-0.01623,-0.02669,0.01537,0.05544,
48,-0.68200,1.21880,0.49552,0.00359,0.99725,0.07224,-0.01622,-0.02731,0.01511,0.05060,
48,-0.68369,1.21540,0.47939,0.00358,0.99725,0.07224,-0.01618,-0.02880,0.01362,0.04390,
48,-0.68756,1.20926,0.46059,0.00357,0.99725,0.07226,-0.01611,-0.03145,0.01109,0.03651,
49,-0.68744,1.20776,0.45228,0.00357,0.99725,0.07227,-0.01607,-0.03218,0.01066,0.03276,
49,-0.68519,1.20860,0.45054,0.00358,0.99725,0.07228,-0.01607,-0.03144,0.01130,0.03114,
49,-0.68329,1.20948,0.44993,0.00359,0.99725,0.07229,-0.01607,-0.03075,0.01200,0.02992,
49,-0.68167,1.20993,0.44932,0.00359,0.99725,0.07229,-0.01606,-0.03027,0.01247,0.02872,
49,-0.68118,1.21001,0.44885,0.00360,0.99725,0.07228,-0.01606,-0.03018,0.01275,0.02759,
49,-0.68155,1.20960,0.44839,0.00360,0.99725,0.07227,-0.01606,-0.03036,0.01278,0.02647,
49,-0.68160,1.20908,0.44781,0.00360,0.99725,0.07228,-0.01605,-0.03045,0.01276,0.02533,
49,-0.68162,1.20880,0.44724,0.00359,0.99725,0.07228,-0.01605,-0.03066,0.01286,0.02425,
49,-0.68255,1.20833,0.44683,0.00359,0.99725,0.07229,-0.01603,-0.03133,0.01289,0.02325,
49,-0.68384,1.20758,0.44638,0.00359,0.99725,0.07228,-0.01602,-0.03201,0.01279,0.02225,
49,-0.68506,1.20686,0.44620,0.00359,0.99725,0.07228,-0.01601,-0.03263,0.01276,0.02136,
49,-0.68654,1.20606,0.44573,0.00359,0.99725,0.07229,-0.01600,-0.03340,0.01266,0.02040,
49,-0.68871,1.20521,0.44565,0.00359,0.99725,0.07229,-0.01599,-0.03441,0.01250,0.01960,
49,-0.69093,1.20428,0.44568,0.00359,0.99725,0.07228,-0.01597,-0.03540,0.01236,0.01884,
49,-0.69223,1.20350,0.44539,0.00359,0.99725,0.07228,-0.01596,-0.03601,0.01230,0.01799,
49,-0.69267,1.20295,0.44485,0.00359,0.99725,0.07229,-0.01596,-0.03632,0.01228,0.01708,
49,-0.69350,1.20235,0.44463,0.00358,0.99725,0.07229,-0.01595,-0.03672,0.01227,0.01631,
49,-0.69400,1.20194,0.44423,0.00359,0.99725,0.07230,-0.01595,-0.03696,0.01236,0.01549,
49,-0.69370,1.20194,0.44375,0.00359,0.99725,0.07230,-0.01594,-0.03693,0.01261,0.01466,
50,-0.69299,1.20192,0.44322,0.00359,0.99725,0.07231,-0.01594,-0.03674,0.01290,0.01384,
50,-0.69249,1.20182,0.44274,0.00360,0.99725,0.07232,-0.01594,-0.03661,0.01323,0.01304,
50,-0.69156,1.20195,0.44211,0.00360,0.99725,0.07233,-0.01594,-0.03631,0.01361,0.01223,
50,-0.68994,1.20238,0.44144,0.00361,0.99725,0.07235,-0.01594,-0.03575,0.01409,0.01143,
50,-0.68838,1.20292,0.44091,0.00361,0.99724,0.07236,-0.01595,-0.03526,0.01466,0.01069,
50,-0.68730,1.20348,0.44049,0.00362,0.99724,0.07237,-0.01595,-0.03500,0.01520,0.01002,
50,-0.68724,1.20371,0.44029,0.00363,0.99724,0.07237,-0.01594,-0.03522,0.01551,0.00946,
50,-0.68701,1.20386,0.43992,0.00363,0.99724,0.07237,-0.01593,-0.03536,0.01577,0.00885,
50,-0.68548,1.20426,0.43917,0.00363,0.99724,0.07239,-0.01593,-0.03503,0.01618,0.00814,
50,-0.68445,1.20449,0.43858,0.00363,0.99724,0.07240,-0.01594,-0.03474,0.01650,0.00749,
50,-0.68435,1.20441,0.43826,0.00363,0.99724,0.07241,-0.01594,-0.03474,0.01675,0.00695,
50,-0.68406,1.20448,0.43785,0.00364,0.99724,0.07241,-0.01593,-0.03479,0.01706,0.00638,
50,-0.68390,1.20470,0.43740,0.00364,0.99724,0.07241,-0.01593,-0.03496,0.01739,0.00584,
50,-0.68429,1.20450,0.43696,0.00365,0.99724,0.07240,-0.01592,-0.03530,0.01754,0.00532,
50,-0.68502,1.20399,0.43657,0.00364,0.99724,0.07239,-0.01591,-0.03570,0.01753,0.00482,
50,-0.68652,1.20306,0.43627,0.00364,0.99724,0.07237,-0.01590,-0.03630,0.01736,0.00434,
50,-0.68833,1.20214,0.43617,0.00364,0.99725,0.07235,-0.01590,-0.03694,0.01722,0.00394,
50,-0.68942,1.20112,0.43581,0.00363,0.99725,0.07234,-0.01589,-0.03729,0.01710,0.00346,
50,-0.68971,1.20074,0.43547,0.00363,0.99725,0.07233,-0.01589,-0.03737,0.01720,0.00301,
50,-0.68963,1.20024,0.43482,0.00363,0.99725,0.07232,-0.01589,-0.03721,0.01720,0.00246,
50,-0.68986,1.19972,0.43432,0.00363,0.99725,0.07231,-0.01589,-0.03726,0.01719,0.00201,
51,-0.68930,1.19986,0.43391,0.00363,0.99725,0.07230,-0.01590,-0.03695,0.01741,0.00156,
51,-0.68809,1.20026,0.43341,0.00363,0.99725,0.07229,-0.01590,-0.03644,0.01772,0.00109,
51,-0.68738,1.20048,0.43297,0.00363,0.99725,0.07228,-0.01590,-0.03627,0.01802,0.00068,
51,-0.68689,1.20044,0.43246,0.00363,0.99725,0.07227,-0.01590,-0.03621,0.01823,0.00027,
51,-0.68699,1.20045,0.43222,0.00363,0.99725,0.07227,-0.01589,-0.03633,0.01843,-0.00005,
51,-0.68716,1.20024,0.43210,0.00363,0.99725,0.07227,-0.01589,-0.03646,0.01853,-0.00032,
51,-0.68629,1.20031,0.43182,0.00363,0.99725,0.07227,-0.01589,-0.03631,0.01875,-0.00065,
51,-0.68485,1.20053,0.43122,0.00363,0.99725,0.07227,-0.01589,-0.03594,0.01903,-0.00105,
51,-0.68463,1.20059,0.43093,0.00363,0.99725,0.07228,-0.01589,-0.03598,0.01928,-0.00134,
51,-0.68456,1.20074,0.43070,0.00364,0.99725,0.07227,-0.01589,-0.03602,0.01960,-0.00160,
51,-0.68416,1.20071,0.43032,0.00364,0.99725,0.07229,-0.01588,-0.03616,0.01994,-0.00190,
51,-0.68361,1.20055,0.42973,0.00365,0.99725,0.07230,-0.01587,-0.03640,0.02023,-0.00225,
51,-0.68275,1.20065,0.42905,0.00365,0.99725,0.07231,-0.01587,-0.03619,0.02069,-0.00265,
51,-0.68187,1.20069,0.42854,0.00366,0.99725,0.07231,-0.01587,-0.03594,0.02102,-0.00297,
51,-0.68180,1.20063,0.42843,0.00366,0.99725,0.07232,-0.01587,-0.03610,0.02121,-0.00315,
51,-0.68191,1.20058,0.42838,0.00366,0.99725,0.07232,-0.01587,-0.03630,0.02135,-0.00333,
51,-0.68196,1.20048,0.42819,0.00366,0.99725,0.07232,-0.01586,-0.03641,0.02160,-0.00355,
51,-0.68125,1.20030,0.42761,0.00366,0.99725,0.07233,-0.01586,-0.03638,0.02185,-0.00387,
51,-0.68052,1.20055,0.42714,0.00367,0.99725,0.07233,-0.01586,-0.03627,0.02221,-0.00414,
52,-0.68037,1.20091,0.42699,0.00367,0.99725,0.07233,-0.01586,-0.03637,0.02251,-0.00431,
52,-0.67945,1.20117,0.42665,0.00367,0.99725,0.07233,-0.01585,-0.03627,0.02286,-0.00455,
52,-0.67918,1.20143,0.42636,0.00367,0.99725,0.07233,-0.01585,-0.03641,0.02317,-0.00473,
52,-0.67967,1.20123,0.42623,0.00367,0.99725,0.07233,-0.01585,-0.03672,0.02333,-0.00489,
52,-0.68037,1.20088,0.42624,0.00367,0.99725,0.07234,-0.01584,-0.03705,0.02352,-0.00502,
52,-0.68054,1.20088,0.42617,0.00368,0.99725,0.07234,-0.01584,-0.03734,0.02375,-0.00516,
52,-0.68091,1.20083,0.42614,0.00368,0.99725,0.07233,-0.01583,-0.03776,0.02397,-0.00528,
52,-0.68132,1.20069,0.42611,0.00368,0.99725,0.07233,-0.01582,-0.03818,0.02422,-0.00539,
52,-0.68160,1.20054,0.42601,0.00368,0.99725,0.07233,-0.01581,-0.03859,0.02438,-0.00551,
52,-0.68204,1.20040,0.42587,0.00368,0.99725,0.07232,-0.01581,-0.03903,0.02454,-0.00564,
52,-0.68208,1.20034,0.42571,0.00368,0.99725,0.07231,-0.01580,-0.03919,0.02472,-0.00579,
52,-0.68182,1.20046,0.42549,0.00368,0.99725,0.07231,-0.01580,-0.03929,0.02494,-0.00593,
52,-0.68164,1.20045,0.42536,0.00368,0.99725,0.07232,-0.01580,-0.03936,0.02515,-0.00605,
52,-0.68114,1.20051,0.42509,0.00368,0.99725,0.07232,-0.01580,-0.03925,0.02536,-0.00620,
52,-0.68065,1.20085,0.42474,0.00368,0.99725,0.07230,-0.01580,-0.03925,0.02566,-0.00637,
52,-0.68031,1.20102,0.42457,0.00368,0.99725,0.07229,-0.01580,-0.03928,0.02593,-0.00651,
52,-0.68004,1.20100,0.42441,0.00368,0.99725,0.07230,-0.01580,-0.03932,0.02611,-0.00662,
52,-0.67897,1.20129,0.42389,0.00368,0.99725,0.07230,-0.01579,-0.03930,0.02640,-0.00682,
52,-0.67756,1.20187,0.42329,0.00368,0.99725,0.07230,-0.01578,-0.03934,0.02679,-0.00703,
52,-0.67667,1.20180,0.42322,0.00370,0.99725,0.07231,-0.01579,-0.03897,0.02750,-0.00712,
52,-0.67519,1.20231,0.42287,0.00370,0.99725,0.07231,-0.01579,-0.03870,0.02798,-0.00726,
53,-0.67389,1.20301,0.42245,0.00371,0.99725,0.07231,-0.01579,-0.03864,0.02851,-0.00741,
53,-0.67240,1.20373,0.42204,0.00371,0.99725,0.07231,-0.01578,-0.03855,0.02903,-0.00756,
53,-0.67057,1.20445,0.42158,0.00372,0.99725,0.07232,-0.01578,-0.03832,0.02948,-0.00770,
53,-0.66897,1.20505,0.42117,0.00372,0.99725,0.07233,-0.01578,-0.03814,0.03000,-0.00784,
53,-0.66782,1.20534,0.42082,0.00373,0.99725,0.07234,-0.01579,-0.03794,0.03047,-0.00797,
53,-0.66760,1.20547,0.42064,0.00373,0.99725,0.07233,-0.01578,-0.03811,0.03071,-0.00805,
53,-0.66891,1.20531,0.42075,0.00373,0.99725,0.07231,-0.01577,-0.03885,0.03083,-0.00806,
53,-0.66973,1.20517,0.42079,0.00373,0.99725,0.07229,-0.01576,-0.03942,0.03093,-0.00810,
53,-0.67029,1.20532,0.42077,0.00372,0.99725,0.07227,-0.01575,-0.03995,0.03106,-0.00814,
53,-0.67124,1.20523,0.42076,0.00373,0.99726,0.07225,-0.01574,-0.04053,0.03125,-0.00818,
53,-0.67178,1.20492,0.42076,0.00372,0.99726,0.07225,-0.01574,-0.04078,0.03134,-0.00823,
53,-0.67204,1.20462,0.42068,0.00372,0.99726,0.07225,-0.01574,-0.04090,0.03143,-0.00829,
53,-0.67228,1.20462,0.42053,0.00372,0.99726,0.07224,-0.01574,-0.04099,0.03161,-0.00835,
53,-0.67237,1.20458,0.42048,0.00372,0.99726,0.07223,-0.01574,-0.04095,0.03189,-0.00840,
53,-0.67247,1.20443,0.42040,0.00372,0.99726,0.07223,-0.01574,-0.04115,0.03215,-0.00845,
53,-0.67272,1.20445,0.42034,0.00373,0.99726,0.07222,-0.01573,-0.04157,0.03239,-0.00851,
53,-0.67282,1.20430,0.42020,0.00373,0.99726,0.07222,-0.01573,-0.04186,0.03261,-0.00858,
53,-0.67260,1.20414,0.41993,0.00373,0.99726,0.07223,-0.01572,-0.04214,0.03277,-0.00866,
53,-0.67190,1.20447,0.41967,0.00373,0.99726,0.07223,-0.01572,-0.04218,0.03315,-0.00875,
54,-0.67148,1.20482,0.41946,0.00373,0.99726,0.07222,-0.01571,-0.04244,0.03361,-0.00882,
54,-0.67130,1.20486,0.41938,0.00374,0.99726,0.07223,-0.01571,-0.04273,0.03394,-0.00887,
54,-0.67114,1.20486,0.41938,0.00374,0.99726,0.07223,-0.01570,-0.04292,0.03423,-0.00891,
54,-0.67142,1.20486,0.41943,0.00374,0.99726,0.07224,-0.01570,-0.04333,0.03456,-0.00892,
54,-0.67225,1.20468,0.41961,0.00375,0.99726,0.07225,-0.01569,-0.04403,0.03487,-0.00888,
54,-0.67159,1.20478,0.41961,0.00375,0.99725,0.07228,-0.01568,-0.04427,0.03525,-0.00890,
54,-0.67043,1.20525,0.41945,0.00375,0.99725,0.07232,-0.01569,-0.04412,0.03561,-0.00896,
54,-0.67051,1.20505,0.41940,0.00376,0.99725,0.07235,-0.01568,-0.04466,0.03605,-0.00897,
54,-0.67083,1.20460,0.41950,0.00377,0.99725,0.07240,-0.01566,-0.04557,0.03637,-0.00895,
54,-0.67045,1.20477,0.41959,0.00377,0.99724,0.07242,-0.01566,-0.04566,0.03657,-0.00897,
54,-0.67066,1.20483,0.41962,0.00377,0.99724,0.07242,-0.01566,-0.04582,0.03675,-0.00899,
54,-0.67075,1.20465,0.41962,0.00377,0.99724,0.07243,-0.01566,-0.04582,0.03698,-0.00901,
54,-0.67159,1.20430,0.41978,0.00377,0.99724,0.07244,-0.01566,-0.04613,0.03714,-0.00899,
54,-0.67312,1.20372,0.42005,0.00377,0.99724,0.07244,-0.01566,-0.04669,0.03725,-0.00896,
54,-0.67511,1.20310,0.42039,0.00377,0.99725,0.07241,-0.01565,-0.04729,0.03732,-0.00894,
54,-0.67724,1.20247,0.42071,0.00377,0.99725,0.07238,-0.01564,-0.04789,0.03729,-0.00889,
54,-0.67823,1.20210,0.42071,0.00376,0.99725,0.07236,-0.01564,-0.04822,0.03732,-0.00890,
54,-0.67872,1.20182,0.42052,0.00376,0.99725,0.07234,-0.01564,-0.04847,0.03741,-0.00894,
54,-0.67990,1.20137,0.42056,0.00376,0.99725,0.07234,-0.01563,-0.04902,0.03737,-0.00893,
54,-0.68054,1.20102,0.42067,0.00375,0.99725,0.07234,-0.01563,-0.04920,0.03739,-0.00890,
54,-0.68080,1.20084,0.42069,0.00375,0.99725,0.07233,-0.01564,-0.04921,0.03746,-0.00890,
55,-0.68103,1.20063,0.42062,0.00375,0.99725,0.07233,-0.01563,-0.04953,0.03765,-0.00892,
55,-0.68099,1.20078,0.42049,0.00375,0.99725,0.07231,-0.01562,-0.05006,0.03800,-0.00896,
55,-0.68037,1.20129,0.42034,0.00375,0.99725,0.07229,-0.01562,-0.05003,0.03822,-0.00900,
55,-0.67751,1.20251,0.42414,0.00375,0.99726,0.07227,-0.01562,-0.04344,0.04063,0.19050,
55,-0.67684,1.20351,0.43871,0.00375,0.99726,0.07226,-0.01563,-0.03917,0.04228,0.31436,
55,-0.67544,1.20443,0.45870,0.00375,0.99726,0.07226,-0.01566,-0.03657,0.04305,0.35998,
55,-0.67274,1.20532,0.48066,0.00374,0.99726,0.07224,-0.01567,-0.03500,0.04331,0.37642,
55,-0.67134,1.20556,0.50342,0.00375,0.99726,0.07221,-0.01569,-0.03396,0.04395,0.38446,
55,-0.67114,1.20611,0.52652,0.00376,0.99726,0.07219,-0.01570,-0.03364,0.04497,0.38922,
55,-0.67173,1.20592,0.54911,0.00375,0.99726,0.07220,-0.01571,-0.03299,0.04511,0.39282,
55,-0.67178,1.20546,0.57204,0.00375,0.99726,0.07221,-0.01572,-0.03253,0.04502,0.39595,
55,-0.67039,1.20618,0.59462,0.00375,0.99726,0.07220,-0.01574,-0.03175,0.04570,0.39874,
55,-0.67048,1.20619,0.61778,0.00375,0.99726,0.07219,-0.01575,-0.03120,0.04597,0.40140,
55,-0.67106,1.20553,0.64164,0.00375,0.99726,0.07219,-0.01576,-0.03082,0.04622,0.40403,
55,-0.66997,1.20553,0.66353,0.00375,0.99726,0.07219,-0.01577,-0.03020,0.04665,0.40614,
55,-0.67071,1.20515,0.68493,0.00376,0.99726,0.07220,-0.01578,-0.03024,0.04740,0.40818,
55,-0.67252,1.20400,0.70730,0.00377,0.99726,0.07223,-0.01577,-0.03090,0.04789,0.41021,
55,-0.67160,1.20354,0.72952,0.00377,0.99726,0.07224,-0.01577,-0.03089,0.04814,0.41217,
55,-0.67026,1.20397,0.75403,0.00378,0.99725,0.07226,-0.01577,-0.03107,0.04858,0.41438,
56,-0.66974,1.20450,0.77907,0.00377,0.99725,0.07226,-0.01578,-0.03086,0.04854,0.41644,
56,-0.66962,1.20488,0.80247,0.00377,0.99725,0.07227,-0.01577,-0.03130,0.04886,0.41822,
56,-0.66942,1.20544,0.82487,0.00376,0.99725,0.07225,-0.01576,-0.03178,0.04859,0.41975,
56,-0.67016,1.20497,0.84843,0.00375,0.99726,0.07222,-0.01576,-0.03165,0.04844,0.42136,
56,-0.65187,1.21430,0.86474,0.00351,0.99726,0.07208,-0.01609,-0.01039,0.03985,0.42224,
56,-0.65102,1.21567,0.88509,0.00354,0.99726,0.07208,-0.01609,-0.00956,0.04052,0.42360,
56,-0.65023,1.21687,0.90865,0.00352,0.99726,0.07207,-0.01613,-0.00665,0.03921,0.42644,
56,-0.65035,1.21764,0.93306,0.00350,0.99726,0.07208,-0.01616,-0.00437,0.03809,0.42899,
56,-0.65002,1.21898,0.95493,0.00348,0.99726,0.07208,-0.01618,-0.00311,0.03737,0.43037,
56,-0.64850,1.22021,0.97753,0.00346,0.99726,0.07208,-0.01620,-0.00090,0.03598,0.43223,
56,-0.64904,1.22064,1.00144,0.00344,0.99726,0.07208,-0.01622,0.00016,0.03484,0.43459,
56,-0.65115,1.22037,1.02447,0.00343,0.99726,0.07208,-0.01622,-0.00059,0.03333,0.43605,
56,-0.65142,1.22014,1.04687,0.00341,0.99726,0.07208,-0.01623,0.00040,0.03137,0.43747,
56,-0.64921,1.22093,1.07023,0.00338,0.99726,0.07208,-0.01624,0.00234,0.02951,0.43931,
56,-0.64714,1.22145,1.09334,0.00337,0.99726,0.07208,-0.01625,0.00436,0.02806,0.44111,
56,-0.64652,1.22186,1.11433,0.00336,0.99726,0.07209,-0.01623,0.00426,0.02696,0.44164,
56,-0.64603,1.22134,1.13517,0.00334,0.99726,0.07208,-0.01624,0.00467,0.02488,0.44188,
56,-0.64598,1.22111,1.15619,0.00334,0.99726,0.07210,-0.01619,0.00304,0.02363,0.44266,
56,-0.64461,1.22154,1.17843,0.00334,0.99726,0.07210,-0.01619,0.00407,0.02297,0.44367,
56,-0.64114,1.21426,1.20857,0.00312,0.99725,0.07216,-0.01637,0.01470,0.01022,0.44809,
56,-0.64115,1.21529,1.22927,0.00315,0.99726,0.07213,-0.01630,0.01279,0.01040,0.44835,
57,-0.64087,1.21566,1.25189,0.00315,0.99726,0.07212,-0.01629,0.01241,0.01028,0.44952,
57,-0.64080,1.21592,1.27552,0.00314,0.99726,0.07211,-0.01628,0.01149,0.00971,0.45128,
57,-0.64071,1.21455,1.29763,0.00313,0.99725,0.07217,-0.01625,0.01036,0.00884,0.45211,
57,-0.63900,1.21505,1.32011,0.00314,0.99725,0.07217,-0.01626,0.01150,0.00903,0.45266,
57,-0.63823,1.21565,1.34306,0.00314,0.99726,0.07214,-0.01626,0.01183,0.00917,0.45361,
57,-0.63860,1.21613,1.36667,0.00315,0.99726,0.07213,-0.01624,0.01061,0.00934,0.45522,
57,-0.63917,1.21611,1.39075,0.00315,0.99726,0.07213,-0.01621,0.00909,0.00916,0.45724,
57,-0.63843,1.21658,1.41488,0.00315,0.99726,0.07211,-0.01620,0.00893,0.00896,0.45907,
57,-0.63741,1.21759,1.43846,0.00316,0.99726,0.07208,-0.01619,0.00886,0.00910,0.46039,
57,-0.63626,1.21898,1.46200,0.00317,0.99726,0.07205,-0.01618,0.00887,0.00965,0.46158,
57,-0.63598,1.21942,1.48571,0.00317,0.99727,0.07204,-0.01618,0.00866,0.00994,0.46267,
57,-0.63796,1.21940,1.50866,0.00318,0.99727,0.07205,-0.01615,0.00680,0.01018,0.46311,
57,-0.63883,1.21979,1.53217,0.00319,0.99727,0.07205,-0.01614,0.00581,0.01060,0.46401,
57,-0.63796,1.21965,1.55430,0.00319,0.99727,0.07205,-0.01613,0.00559,0.01048,0.46401,
57,-0.63664,1.21915,1.58931,0.00311,0.99727,0.07202,-0.01624,0.00772,0.00821,0.46923,
57,-0.63650,1.21843,1.61257,0.00313,0.99726,0.07207,-0.01621,0.00667,0.00842,0.46990,
57,-0.63650,1.21787,1.63554,0.00313,0.99726,0.07208,-0.01620,0.00615,0.00816,0.47002,
57,-0.63665,1.21783,1.65899,0.00314,0.99726,0.07207,-0.01619,0.00548,0.00819,0.47054,
57,-0.63627,1.21817,1.68273,0.00315,0.99726,0.07207,-0.01618,0.00516,0.00849,0.47123,
58,-0.63535,1.21844,1.70570,0.00316,0.99726,0.07208,-0.01617,0.00511,0.00882,0.47125,
58,-0.63515,1.21821,1.72883,0.00317,0.99726,0.07209,-0.01616,0.00461,0.00895,0.47146,
58,-0.63529,1.21860,1.75248,0.00318,0.99726,0.07210,-0.01614,0.00345,0.00937,0.47213,
58,-0.63284,1.22099,1.77650,0.00321,0.99726,0.07211,-0.01615,0.00453,0.01134,0.47281,
58,-0.62999,1.22261,1.79970,0.00323,0.99726,0.07212,-0.01616,0.00633,0.01296,0.47262,
58,-0.62996,1.22251,1.82216,0.00323,0.99726,0.07212,-0.01615,0.00588,0.01291,0.47218,
58,-0.63061,1.22159,1.84572,0.00322,0.99726,0.07212,-0.01613,0.00478,0.01218,0.47266,
58,-0.63151,1.22027,1.86983,0.00322,0.99726,0.07214,-0.01611,0.00350,0.01127,0.47349,
58,-0.63132,1.22061,1.89141,0.00323,0.99726,0.07215,-0.01610,-0.00132,0.01049,0.33500,
58,-0.63109,1.22066,1.90237,0.00324,0.99726,0.07217,-0.01609,-0.00870,0.00876,0.10859,
58,-0.63236,1.22021,1.90512,0.00324,0.99726,0.07218,-0.01608,-0.01291,0.00775,0.00299,
58,-0.63367,1.22025,1.90458,0.00325,0.99726,0.07218,-0.01606,-0.01479,0.00770,-0.02962,
58,-0.63442,1.22023,1.90294,0.00325,0.99726,0.07219,-0.01606,-0.01569,0.00785,-0.04393,
58,-0.63418,1.22276,1.90068,0.00324,0.99707,0.07474,-0.01606,-0.01538,0.00986,-0.03639,
58,-0.63217,1.23425,1.89905,0.00318,0.99625,0.08492,-0.01611,-0.01277,0.01862,0.00885,
58,-0.63561,1.24177,1.90099,0.00295,0.99476,0.10095,-0.01613,-0.01312,0.02236,0.07759,
58,-0.63476,1.24579,1.91562,0.00253,0.99234,0.12241,-0.01625,-0.00858,0.02242,0.16983,
58,-0.62253,1.24960,1.91916,0.00204,0.98869,0.14904,-0.01639,0.00300,0.02125,0.27556,
58,-0.61756,1.25422,1.93424,0.00150,0.98341,0.18063,-0.01650,0.00971,0.02234,0.41190,
58,-0.61337,1.26151,1.96623,0.00090,0.97626,0.21596,-0.01660,0.01833,0.02346,0.57018,
58,-0.61107,1.26763,2.00087,0.00026,0.96695,0.25441,-0.01665,0.02728,0.02341,0.74489,
59,-0.60439,1.28025,2.02112,-0.00030,0.95521,0.29542,-0.01747,0.05558,0.03647,0.91752,
59,-0.60680,1.28402,2.07568,-0.00110,0.94055,0.33921,-0.01743,0.06140,0.03490,1.12627,
59,-0.61080,1.28744,2.14221,-0.00191,0.92288,0.38468,-0.01731,0.06611,0.03198,1.35202,
59,-0.60904,1.28723,2.21399,-0.00292,0.90207,0.43124,-0.01707,0.07555,0.02154,1.58115,
59,-0.60604,1.28641,2.29738,-0.00398,0.87800,0.47835,-0.01677,0.08822,0.00953,1.81823,
59,-0.60269,1.28549,2.39426,-0.00503,0.85058,0.52557,-0.01638,0.10169,-0.00247,2.06434,
59,-0.59927,1.28385,2.50388,-0.00604,0.81984,0.57235,-0.01588,0.11524,-0.01572,2.31443,
59,-0.59629,1.28004,2.62525,-0.00705,0.78586,0.61817,-0.01521,0.12759,-0.03334,2.56380,
59,-0.59189,1.27693,2.75997,-0.00798,0.74869,0.66271,-0.01456,0.14338,-0.04800,2.81378,
59,-0.58783,1.27298,2.90736,-0.00883,0.70837,0.70565,-0.01379,0.15798,-0.06332,3.06090,
59,-0.58318,1.26822,3.06694,-0.00962,0.66510,0.74658,-0.01297,0.17370,-0.07896,3.30305,
59,-0.57970,1.26275,3.23886,-0.01028,0.61905,0.78519,-0.01205,0.18622,-0.09441,3.53982,
59,-0.57380,1.25640,3.42202,-0.01094,0.57049,0.82115,-0.01116,0.20432,-0.10986,3.76983,
59,-0.56841,1.24989,3.61676,-0.01147,0.51953,0.85431,-0.01022,0.22047,-0.12338,3.99284,
59,-0.56253,1.24245,3.82254,-0.01193,0.46642,0.88444,-0.00926,0.23709,-0.13676,4.20832,
59,-0.55201,1.23526,4.03833,-0.01245,0.41139,0.91134,-0.00841,0.26368,-0.14702,4.41408,
59,-0.53660,1.22836,4.26358,-0.01304,0.35461,0.93489,-0.00764,0.29967,-0.15407,4.60856,
59,-0.52222,1.22032,4.49875,-0.01349,0.29631,0.95497,-0.00677,0.33028,-0.16147,4.79420,
59,-0.50473,1.21234,4.74279,-0.01394,0.23676,0.97145,-0.00592,0.36535,-0.16627,4.96922,
60,-0.48462,1.20502,4.99524,-0.01435,0.17618,0.98424,-0.00510,0.40307,-0.16718,5.13470,
60,-0.45989,1.19875,5.25480,-0.01479,0.11494,0.99325,-0.00431,0.44626,-0.16373,5.25029,
60,-0.43296,1.19377,5.51735,-0.01517,0.05508,0.99836,-0.00358,0.48697,-0.15606,5.25912,
60,-0.40254,1.19039,5.77813,-0.01554,-0.00073,0.99987,-0.00295,0.52888,-0.14390,5.19128,
60,-0.37027,1.18786,6.03454,-0.01584,-0.04995,0.99862,-0.00242,0.56919,-0.12944,5.08745,
60,-0.34214,1.18241,6.28634,-0.01590,-0.09248,0.99559,-0.00183,0.59560,-0.12157,4.97281,
60,-0.31104,1.17750,6.53200,-0.01600,-0.12756,0.99170,-0.00134,0.62499,-0.11224,4.84589,
60,-0.27838,1.17235,6.77122,-0.01608,-0.15552,0.98770,-0.00093,0.65429,-0.10345,4.71658,
60,-0.24308,1.16722,7.00397,-0.01619,-0.17658,0.98415,-0.00060,0.68608,-0.09479,4.59160,
60,-0.20899,1.16503,7.23067,-0.01620,-0.19083,0.98149,-0.00047,0.71181,-0.08004,4.47682,
60,-0.17469,1.16228,7.45224,-0.01617,-0.19748,0.98017,-0.00042,0.73555,-0.06760,4.38070,
60,-0.14045,1.15948,7.66970,-0.01608,-0.19727,0.98022,-0.00045,0.75715,-0.05639,4.30854,
60,-0.10388,1.15996,7.88407,-0.01604,-0.19038,0.98158,-0.00065,0.78245,-0.03980,4.26738,
60,-0.06635,1.16149,8.09729,-0.01597,-0.17777,0.98394,-0.00095,0.80848,-0.02318,4.26379,
60,-0.02538,1.16084,8.31134,-0.01595,-0.16040,0.98692,-0.00124,0.84000,-0.01208,4.30505,
60,0.01344,1.15826,8.52931,-0.01585,-0.13914,0.99014,-0.00154,0.86717,-0.00547,4.40285,
60,0.05373,1.15340,8.75363,-0.01576,-0.11576,0.99315,-0.00181,0.89655,-0.00380,4.55816,
60,0.09456,1.16583,8.98622,-0.01561,-0.09167,0.99566,-0.00245,0.92411,0.02662,4.73557,
60,0.12934,1.18419,9.22710,-0.01523,-0.06818,0.99755,-0.00315,0.93648,0.06411,4.86750,
60,0.15993,1.21385,9.47327,-0.01467,-0.04671,0.99879,-0.00395,0.93759,0.11723,4.94992,
60,0.18287,1.25577,9.72304,-0.01388,-0.02788,0.99950,-0.00484,0.92279,0.18686,5.00243,
61,0.19797,1.30855,9.97532,-0.01288,-0.01237,0.99982,-0.00575,0.89324,0.26967,5.03713,
61,0.21431,1.36609,10.22834,-0.01192,-0.00067,0.99991,-0.00655,0.86428,0.35339,4.97374,
61,0.23890,1.41298,10.46804,-0.01112,0.00652,0.99989,-0.00714,0.83747,0.42139,4.58933,
61,0.26501,1.46632,10.68868,-0.01043,0.00947,0.99987,-0.00776,0.81737,0.49652,4.22669,
61,0.29319,1.52632,10.89403,-0.00821,0.01208,0.99957,-0.02529,0.80643,0.58327,4.01044,
61,0.32260,1.57462,11.09074,-0.00493,0.02193,0.99863,-0.04722,0.80051,0.64818,3.83527,
61,0.35302,1.62310,11.27874,-0.00156,0.03999,0.99708,-0.06497,0.79748,0.71523,3.64877,
61,0.38114,1.69809,11.45431,0.00269,0.06663,0.99466,-0.07881,0.78926,0.82374,3.39610,
61,0.41257,1.78075,11.61546,0.00793,0.10003,0.99099,-0.08874,0.78714,0.93464,3.09693,
61,0.44559,1.86531,11.76148,0.01446,0.13877,0.98567,-0.09478,0.78800,1.04176,2.79563,
61,0.47865,1.95339,11.89254,0.02169,0.18184,0.97826,-0.09733,0.78881,1.14902,2.50429,
61,0.51803,2.04888,12.00822,0.02897,0.22770,0.96842,-0.09731,0.80039,1.26165,2.21884,
61,0.55545,2.13990,12.11053,0.03597,0.27564,0.95589,-0.09486,0.80736,1.35731,1.94176,
61,0.58762,2.22495,12.20072,0.04240,0.32488,0.94046,-0.09047,0.80405,1.43349,1.67362,
61,0.61813,2.30767,12.27854,0.04795,0.37497,0.92192,-0.08461,0.79728,1.49738,1.41273,
61,0.65215,2.39101,12.34305,0.05249,0.42546,0.90010,-0.07779,0.79431,1.55665,1.15620,
61,0.68529,2.47486,12.39513,0.05592,0.47566,0.87503,-0.07032,0.78890,1.60821,0.90470,
61,0.71660,2.56058,12.43471,0.05814,0.52301,0.84802,-0.06272,0.77924,1.65525,0.65663,
61,0.74851,2.64801,12.46159,0.05914,0.56504,0.82107,-0.05547,0.77010,1.70157,0.43352,
62,0.77323,2.73308,12.48042,0.05902,0.59994,0.79638,-0.04874,0.74333,1.74642,0.29231,
62,0.79397,2.81797,12.49620,0.05797,0.62725,0.77548,-0.04278,0.70840,1.78890,0.20481,
62,0.80790,2.90532,12.50726,0.05626,0.64658,0.75983,-0.03768,0.66161,1.83002,0.13032,
62,0.82783,2.99771,12.51236,0.05394,0.65749,0.75077,-0.03380,0.63221,1.87252,0.04270,
62,0.86113,3.09174,12.51660,0.05116,0.66131,0.74773,-0.03103,0.63508,1.90673,-0.07078,
62,0.89092,3.18468,12.51992,0.04819,0.65856,0.75042,-0.02889,0.63285,1.92639,-0.22744,
62,0.91365,3.28431,12.50603,0.04551,0.65062,0.75755,-0.02725,0.61998,1.95052,-0.45544,
62,0.93132,3.38718,12.47545,0.04298,0.63851,0.76798,-0.02602,0.60123,1.97739,-0.68815,
62,0.95145,3.49001,12.44743,0.04032,0.62381,0.78013,-0.02518,0.58569,2.01201,-0.77578,
62,0.96850,3.60744,12.40537,0.03803,0.60766,0.79290,-0.02473,0.56476,2.07615,-0.79452,
62,0.97186,3.72384,12.36299,0.03613,0.59131,0.80527,-0.02417,0.52143,2.13483,-0.78194,
62,0.97965,3.84230,12.32148,0.03437,0.57588,0.81646,-0.02372,0.48977,2.19197,-0.75911,
62,1.00238,3.95908,12.28273,0.03255,0.56238,0.82591,-0.02341,0.48760,2.24017,-0.73119,
62,1.01142,4.08656,12.25114,0.03135,0.55108,0.83354,-0.02299,0.46173,2.30279,-0.69336,
62,1.01200,4.20648,12.20794,0.03022,0.54237,0.83930,-0.02217,0.42323,2.34530,-0.68011,
62,1.03144,4.33152,12.17541,0.02917,0.53644,0.84316,-0.02161,0.42120,2.39241,-0.65084,
62,1.04323,4.45661,12.14335,0.02837,0.53309,0.84533,-0.02082,0.40294,2.43561,-0.62445,
62,1.03786,4.58741,12.11441,0.02807,0.53171,0.84623,-0.01977,0.35007,2.48574,-0.59522,
62,1.04703,4.71431,12.08177,0.02735,0.53201,0.84609,-0.01879,0.33517,2.52067,-0.57720,
62,1.05925,4.84274,12.05090,0.02671,0.53344,0.84522,-0.01787,0.32839,2.55397,-0.55821,
62,1.07308,4.97183,12.02102,0.02613,0.53553,0.84394,-0.01695,0.32554,2.58419,-0.53970,
63,1.08636,5.10240,11.99299,0.02564,0.53786,0.84249,-0.01600,0.32233,2.61316,-0.52029,
63,1.09700,5.23519,11.96749,0.02526,0.54000,0.84115,-0.01500,0.31562,2.64210,-0.49947,
63,1.10990,5.36914,11.94319,0.02492,0.54163,0.84013,-0.01402,0.31274,2.66942,-0.47911,
63,1.12374,5.50411,11.91994,0.02462,0.54243,0.83964,-0.01302,0.31124,2.69515,-0.45936,
63,1.13447,5.64091,11.89860,0.02441,0.54220,0.83981,-0.01198,0.30575,2.72050,-0.43902,
63,1.14269,5.77963,11.87947,0.02427,0.54084,0.84071,-0.01091,0.29739,2.74566,-0.41796,
63,1.14863,5.92053,11.86302,0.02420,0.53833,0.84233,-0.00982,0.28668,2.77093,-0.39552,
63,1.16465,6.06031,11.84392,0.02407,0.53439,0.84485,-0.00875,0.28738,2.79240,-0.37761,
63,1.18437,6.19983,11.82437,0.02395,0.52893,0.84829,-0.00765,0.29135,2.81137,-0.36135,
63,1.16323,6.33744,11.79293,0.02422,0.52183,0.85269,-0.00618,0.25217,2.82661,-0.35804,
63,1.17397,6.47979,11.77152,0.02424,0.51330,0.85786,-0.00486,0.24678,2.84479,-0.34454,
63,1.11918,6.62877,11.75465,0.02507,0.50300,0.86391,-0.00311,0.17418,2.86924,-0.32760,
63,1.02858,6.76875,11.73276,0.02614,0.49121,0.87065,-0.00089,0.06601,2.88295,-0.31574,
63,0.93970,6.90743,11.71571,0.02726,0.47759,0.87816,0.00152,-0.03826,2.89374,-0.29881,
63,0.87622,7.03707,11.68575,0.02824,0.46210,0.88637,0.00404,-0.11510,2.89360,-0.29313,
63,0.78965,7.15782,11.65562,0.02954,0.44413,0.89545,0.00713,-0.21466,2.88329,-0.28475,
63,0.72617,7.27928,11.62511,0.03086,0.42330,0.90540,0.01075,-0.29090,2.87162,-0.27280,
63,0.67980,7.38727,11.58055,0.03200,0.39777,0.91678,0.01655,-0.34733,2.84315,-0.28987,
63,0.65203,7.52062,11.55823,0.02889,0.36568,0.92972,0.03274,-0.39507,2.82299,-0.28520,
64,0.61847,7.65138,11.53426,-0.00180,0.32735,0.94349,0.05165,-0.44858,2.76929,-0.22942,
64,0.58556,7.77892,11.51929,-0.02675,0.28542,0.95595,0.06317,-0.46803,2.68192,-0.09430,
64,0.55408,7.90354,11.51228,-0.04080,0.24022,0.96717,0.07219,-0.45969,2.57442,0.07183,
64,0.52536,8.02400,11.51606,-0.04802,0.19224,0.97698,0.07905,-0.43186,2.45855,0.23788,
64,0.50053,8.14001,11.52896,-0.05085,0.14183,0.98500,0.08413,-0.39429,2.35233,0.33075,
64,0.47887,8.24988,11.54553,-0.05040,0.08930,0.99086,0.08763,-0.35310,2.25178,0.36683,
64,0.46088,8.35599,11.56410,-0.04761,0.03502,0.99422,0.08966,-0.30884,2.15944,0.37274,
64,0.44660,8.45865,11.58383,-0.04322,-0.02066,0.99475,0.09040,-0.26252,2.07420,0.36243,
64,0.43825,8.55708,11.60723,-0.03782,-0.07744,0.99221,0.08996,-0.21026,1.99329,0.34966,
64,0.43112,8.65361,11.62762,-0.03181,-0.13488,0.98639,0.08851,-0.16322,1.92079,0.32695,
64,0.42635,8.74518,11.64710,-0.02559,-0.19269,0.97713,0.08621,-0.11876,1.84917,0.30222,
64,0.42412,8.83430,11.66403,-0.01941,-0.25053,0.96434,0.08314,-0.07653,1.78343,0.27439,
64,0.42360,8.91980,11.67960,-0.01355,-0.30805,0.94795,0.07949,-0.03798,1.72032,0.24764,
64,0.42321,9.00522,11.69015,-0.00810,-0.36497,0.92793,0.07529,-0.00638,1.66681,0.21526,
64,0.42449,9.08585,11.70126,-0.00322,-0.42093,0.90432,0.07081,0.02246,1.61194,0.18976,
64,0.42648,9.16436,11.70959,0.00107,-0.47562,0.87716,0.06612,0.04696,1.56124,0.16363,
64,0.42928,9.23944,11.71688,0.00474,-0.52876,0.84654,0.06137,0.06790,1.51133,0.14065,
64,0.43239,9.31383,11.72110,0.00777,-0.58009,0.81255,0.05664,0.08487,1.46762,0.11614,
64,0.43881,9.38530,11.72846,0.01027,-0.62933,0.77533,0.05196,0.10464,1.42493,0.10283,
64,0.44454,9.45405,11.73435,0.01228,-0.67626,0.73503,0.04740,0.11869,1.38325,0.08988,
64,0.45097,9.51993,11.73931,-0.01381,0.72067,-0.69180,-0.04303,0.13096,1.34192,0.07823,
65,0.44998,9.56696,11.73724,-0.01525,0.76166,-0.64662,-0.03902,0.12503,1.26694,0.05453,
65,0.46409,9.64402,11.74518,-0.01548,0.79744,-0.60218,-0.03507,0.14971,1.26449,0.05565,
65,0.47153,9.70405,11.74905,-0.01554,0.82675,-0.56147,-0.03154,0.15632,1.22878,0.04676,
65,0.48259,9.77336,11.75331,-0.01494,0.84967,-0.52633,-0.02836,0.16804,1.21897,0.02130,
65,0.48953,9.83483,11.75029,-0.01415,0.86637,-0.49854,-0.02563,0.16898,1.19561,-0.02216,
65,0.50812,9.91406,11.75693,-0.01267,0.87811,-0.47773,-0.02321,0.19329,1.21336,-0.03347,
65,0.51864,9.97957,11.75216,-0.01136,0.88579,-0.46347,-0.02111,0.19801,1.20179,-0.05457,
65,0.53516,10.04334,11.75249,-0.00990,0.88970,-0.45603,-0.01936,0.21469,1.18915,-0.04481,
65,0.53972,10.10745,11.74816,-0.00853,0.89009,-0.45537,-0.01760,0.20415,1.17923,-0.02253,
65,0.54153,10.17020,11.74309,-0.00721,0.88744,-0.46059,-0.01600,0.18850,1.16869,0.00990,
65,0.54602,10.22719,11.74156,-0.00596,0.88188,-0.47120,-0.01465,0.17973,1.15013,0.02068,
65,0.56001,10.28115,11.74450,-0.00465,0.87441,-0.48497,-0.01352,0.18840,1.13062,0.02706,
65,0.57533,10.33793,11.74567,-0.00334,0.86571,-0.50039,-0.01243,0.19803,1.11980,0.02592,
65,0.59952,10.38307,11.74945,-0.00214,0.85628,-0.51637,-0.01157,0.22229,1.09183,0.02797,
65,0.62567,10.41493,11.75166,-0.00115,0.84666,-0.53202,-0.01088,0.24799,1.04496,0.02685,
65,0.65447,10.42556,11.74461,-0.00044,0.83732,-0.54662,-0.01042,0.27681,0.96681,0.00998,
65,0.68197,10.42443,11.73779,0.00006,0.82864,-0.55970,-0.01003,0.30119,0.87630,-0.00481,
65,0.70878,10.40595,11.73210,0.00029,0.82106,-0.57076,-0.00971,0.32208,0.76448,-0.01606,
65,0.73956,10.35581,11.72300,0.00020,0.81499,-0.57940,-0.00967,0.34857,0.60832,-0.03212,
66,0.76818,10.30206,11.71419,0.00007,0.81047,-0.58570,-0.00959,0.36914,0.45997,-0.04619,
66,0.79408,10.23258,11.71088,-0.00051,0.80738,-0.58995,-0.00968,0.38461,0.26605,-0.04969,
66,0.80746,10.22031,11.70836,-0.00040,0.80588,-0.59201,-0.00910,0.37353,0.21524,-0.05110,
66,0.80790,10.11720,11.70547,-0.00170,0.80559,-0.59240,-0.00898,0.33669,-0.00309,-0.05297,
66,0.80839,10.09515,11.70454,-0.00177,0.80648,-0.59120,-0.00840,0.30718,-0.04434,-0.05121,
66,0.78963,10.05630,11.70630,-0.00225,0.80832,-0.58869,-0.00763,0.24866,-0.10679,-0.04537,
66,0.72979,10.01330,11.71292,-0.00311,0.81066,-0.58547,-0.00652,0.13416,-0.16762,-0.03301,
66,0.72827,10.00300,11.71380,-0.00300,0.81341,-0.58166,-0.00600,0.11861,-0.17364,-0.03015,
66,0.72270,9.99634,11.71446,-0.00284,0.81623,-0.57770,-0.00541,0.09816,-0.17350,-0.02796,
66,0.71325,9.98814,11.71612,-0.00282,0.81898,-0.57379,-0.00487,0.07350,-0.17625,-0.02433,
66,0.72653,9.97772,11.71336,-0.00248,0.82148,-0.57022,-0.00458,0.08095,-0.18026,-0.02701,
66,0.73237,9.96527,11.71230,-0.00226,0.82359,-0.56716,-0.00411,0.07812,-0.18673,-0.02699,
66,0.74289,9.95341,11.70942,-0.00192,0.82524,-0.56477,-0.00387,0.08211,-0.19164,-0.02954,
66,0.75195,9.93523,11.70600,-0.00168,0.82642,-0.56304,-0.00349,0.08441,-0.20375,-0.03227,
66,0.75339,9.92387,11.70410,-0.00143,0.82716,-0.56196,-0.00322,0.07684,-0.20715,-0.03347,
66,0.75906,9.91367,11.70203,-0.00117,0.82741,-0.56159,-0.00297,0.07443,-0.20816,-0.03466,
66,0.76428,9.90301,11.70077,-0.00091,0.82728,-0.56178,-0.00273,0.07172,-0.20938,0.02027,
66,0.76909,9.89194,11.70250,-0.00067,0.82683,-0.56244,-0.00250,0.06861,-0.21061,0.07717,
66,0.77351,9.88063,11.70535,-0.00045,0.82608,-0.56355,-0.00229,0.06480,-0.21147,0.09520,
66,0.77931,9.86980,11.70842,-0.00023,0.82510,-0.56499,-0.00211,0.06231,-0.21122,0.09926,
66,0.78657,9.85860,11.71185,-0.00001,0.82394,-0.56667,-0.00195,0.06137,-0.21071,0.09850,
67,0.79425,9.84793,11.71521,0.00022,0.82267,-0.56852,-0.00182,0.06085,-0.20919,0.09576,
67,0.79992,9.83714,11.71804,0.00042,0.82136,-0.57040,-0.00169,0.05830,-0.20769,0.09192,
67,0.80424,9.82615,11.72112,0.00060,0.82007,-0.57227,-0.00157,0.05433,-0.20646,0.08832,
67,0.80742,9.81554,11.72495,0.00076,0.81882,-0.57405,-0.00146,0.04955,-0.20474,0.08571,
67,0.81100,9.80500,11.72946,0.00094,0.81766,-0.57570,-0.00138,0.04567,-0.20285,0.08404,
67,0.81414,9.79464,11.73366,0.00112,0.81660,-0.57720,-0.00131,0.04159,-0.20068,0.08217,
67,0.81744,9.78459,11.73758,0.00130,0.81564,-0.57855,-0.00125,0.03792,-0.19800,0.08015,
67,0.84512,9.75180,11.72639,0.00134,0.81474,-0.57982,-0.00112,0.05737,-0.21480,0.06344,
67,0.84463,9.73965,11.72987,0.00154,0.81400,-0.58086,-0.00103,0.05202,-0.21512,0.06184,
67,0.84846,9.72803,11.73302,0.00170,0.81338,-0.58173,-0.00098,0.04929,-0.21382,0.06000,
67,0.85214,9.71694,11.73569,0.00186,0.81286,-0.58246,-0.00095,0.04643,-0.21156,0.05782,
67,0.85603,9.70625,11.73854,0.00203,0.81242,-0.58306,-0.00093,0.04393,-0.20875,0.05597,
67,0.86067,9.69591,11.74090,0.00221,0.81206,-0.58357,-0.00092,0.04235,-0.20546,0.05385,
67,0.86488,9.68542,11.74299,0.00238,0.81175,-0.58400,-0.00092,0.04059,-0.20243,0.05154,
67,0.86890,9.67494,11.74528,0.00255,0.81147,-0.58438,-0.00092,0.03879,-0.19941,0.04950,
67,0.87243,9.66448,11.74856,0.00271,0.81122,-0.58473,-0.00094,0.03677,-0.19656,0.04836,
67,0.87582,9.65468,11.75158,0.00287,0.81097,-0.58508,-0.00095,0.03494,-0.19297,0.04702,
67,0.87948,9.64545,11.75394,0.00304,0.81070,-0.58545,-0.00097,0.03348,-0.18882,0.04527,
67,0.88349,9.63607,11.75613,0.00322,0.81042,-0.58584,-0.00099,0.03266,-0.18486,0.04350,
68,0.88768,9.62658,11.75837,0.00338,0.81010,-0.58627,-0.00102,0.03216,-0.18115,0.04184,
68,0.89091,9.61658,11.76031,0.00353,0.80975,-0.58677,-0.00105,0.03100,-0.17804,0.04000,
68,0.89418,9.60703,11.76165,0.00369,0.80934,-0.58732,-0.00107,0.02972,-0.17452,0.03786,
68,0.89749,9.59716,11.76377,0.00384,0.80889,-0.58794,-0.00110,0.02900,-0.17138,0.03635,
68,0.92094,9.54498,11.73752,0.00353,0.80840,-0.58863,-0.00080,0.04303,-0.20401,0.01343,
68,0.92908,9.52587,11.73079,0.00370,0.80781,-0.58942,-0.00082,0.04999,-0.20915,0.00561,
68,0.93456,9.51342,11.72764,0.00383,0.80722,-0.59023,-0.00080,0.05187,-0.20838,0.00120,
68,0.93907,9.50172,11.72569,0.00395,0.80660,-0.59108,-0.00079,0.05220,-0.20654,-0.00202,
68,0.94202,9.48888,11.72621,0.00404,0.80595,-0.59198,-0.00083,0.05112,-0.20566,-0.00342,
68,0.94540,9.47620,11.72748,0.00414,0.80525,-0.59292,-0.00090,0.05051,-0.20451,-0.00437,
68,0.94978,9.46235,11.72938,0.00424,0.80453,-0.59390,-0.00100,0.05059,-0.20432,-0.00497,
68,0.95526,9.45039,11.73038,0.00454,0.80385,-0.59481,-0.00120,0.05221,-0.20234,-0.00614,
68,0.96215,9.43947,11.72981,0.00500,0.80338,-0.59544,-0.00151,0.05523,-0.19949,-0.00830,
68,0.97053,9.42952,11.72812,0.00558,0.80327,-0.59558,-0.00188,0.05961,-0.19588,-0.01110,
68,0.98025,9.42018,11.72728,0.00625,0.80361,-0.59511,-0.00231,0.06548,-0.19172,-0.01319,
68,0.98981,9.40962,11.72727,0.00700,0.80457,-0.59381,-0.00281,0.07192,-0.18846,-0.01461,
68,0.99802,9.39993,11.72937,0.00780,0.80614,-0.59167,-0.00339,0.07803,-0.18417,-0.01471,
68,1.00675,9.39251,11.73220,0.00866,0.80828,-0.58872,-0.00401,0.08513,-0.17793,-0.01430,
68,1.01675,9.38444,11.73908,0.00956,0.81109,-0.58483,-0.00472,0.09436,-0.17217,-0.01143,
68,1.04292,9.34651,11.70827,0.00992,0.81451,-0.58004,-0.00468,0.10997,-0.18744,-0.02594,
68,1.04235,9.33349,11.69778,0.01082,0.81839,-0.57454,-0.00519,0.11526,-0.18631,-0.03239,
69,1.04181,9.30522,11.68552,0.01116,0.82292,-0.56802,-0.00518,0.12408,-0.20005,-0.03577,
69,1.04621,9.29016,11.68397,0.01208,0.82763,-0.56111,-0.00592,0.13185,-0.19919,-0.03689,
69,1.06334,9.24911,11.67986,0.01249,0.83273,-0.55350,-0.00608,0.14462,-0.21297,-0.03534,
69,1.07015,9.23949,11.67960,0.01343,0.83790,-0.54561,-0.00682,0.15333,-0.20686,-0.03492,
69,1.08887,9.20001,11.67820,0.01383,0.84329,-0.53724,-0.00703,0.16841,-0.22202,-0.03168,
69,1.11970,9.14584,11.67559,0.01439,0.84877,-0.52851,-0.00736,0.19015,-0.24059,-0.02961,
69,1.14291,9.11268,11.67535,0.01498,0.85422,-0.51964,-0.00775,0.21219,-0.24860,-0.02672,
69,1.16111,9.09220,11.67856,0.01571,0.85967,-0.51055,-0.00818,0.23343,-0.24746,-0.02244,
69,1.17662,9.08868,11.68845,0.01639,0.86500,-0.50143,-0.00870,0.25564,-0.23302,-0.01179,
69,1.19896,9.08418,11.68967,0.01737,0.87021,-0.49228,-0.00922,0.28786,-0.21220,-0.00880,
69,1.21905,9.08738,11.68908,0.01838,0.87525,-0.48323,-0.00964,0.31411,-0.17789,-0.00943,
69,1.23614,9.08473,11.68869,0.01910,0.88008,-0.47434,-0.01004,0.33182,-0.15644,-0.00969,
69,1.25469,9.07919,11.68829,0.01962,0.88465,-0.46573,-0.01038,0.35056,-0.14193,-0.01009,
69,1.27359,9.07516,11.68793,0.02002,0.88888,-0.45757,-0.01063,0.36862,-0.12533,-0.01062,
69,1.29335,9.07173,11.68727,0.02031,0.89274,-0.44999,-0.01081,0.38672,-0.10886,-0.01203,
69,1.31392,9.06206,11.68672,0.02041,0.89621,-0.44302,-0.01099,0.40441,-0.10770,-0.01318,
69,1.33584,9.05003,11.68595,0.02045,0.89932,-0.43666,-0.01113,0.42303,-0.11175,-0.01473,
69,1.35758,9.04581,11.68500,0.02060,0.90210,-0.43090,-0.01117,0.44035,-0.09835,-0.01655,
69,1.38118,9.03497,11.68362,0.02058,0.90449,-0.42585,-0.01123,0.45894,-0.09963,-0.01924,
70,1.40439,9.03004,11.68279,0.02066,0.90670,-0.42112,-0.01122,0.47566,-0.08871,-0.02048,
70,1.43026,9.01596,11.68112,0.02057,0.90865,-0.41690,-0.01125,0.49471,-0.09569,-0.02332,
70,1.45535,9.01251,11.68017,0.02066,0.91045,-0.41294,-0.01119,0.51150,-0.08242,-0.02438,
70,1.48331,8.99681,11.67880,0.02054,0.91212,-0.40925,-0.01119,0.53060,-0.09147,-0.02625,
70,1.51024,8.99359,11.67766,0.02064,0.91376,-0.40557,-0.01111,0.54732,-0.07821,-0.02737,
70,1.54058,8.97599,11.67633,0.02050,0.91535,-0.40199,-0.01110,0.56675,-0.08927,-0.02877,
70,1.56919,8.97307,11.67461,0.02060,0.91698,-0.39826,-0.01103,0.58317,-0.07581,-0.03076,
70,1.60184,8.95465,11.67312,0.02051,0.91861,-0.39448,-0.01101,0.60281,-0.08681,-0.03212,
70,1.63234,8.95200,11.67156,0.02063,0.92034,-0.39043,-0.01096,0.61920,-0.07322,-0.03344,
70,1.66632,8.93433,11.66982,0.02055,0.92208,-0.38629,-0.01096,0.63791,-0.08205,-0.03495,
70,1.69850,8.93143,11.66823,0.02067,0.92397,-0.38176,-0.01093,0.65416,-0.06917,-0.03610,
70,1.73345,8.91293,11.66510,0.02065,0.92587,-0.37712,-0.01099,0.66840,-0.08112,-0.13346,
70,1.76720,8.91007,11.65968,0.02077,0.92793,-0.37202,-0.01096,0.68647,-0.06656,-0.08408,
70,1.80376,8.89387,11.65654,0.02087,0.93003,-0.36673,-0.01102,0.70507,-0.07087,-0.05472,
70,1.83925,8.89258,11.65444,0.02133,0.93235,-0.36075,-0.01114,0.72188,-0.05582,-0.04393,
70,1.87755,8.87983,11.65267,0.02183,0.93487,-0.35414,-0.01133,0.74001,-0.05617,-0.04003,
70,1.91470,8.87911,11.65072,0.02261,0.93769,-0.34655,-0.01156,0.75686,-0.04040,-0.03895,
70,1.95403,8.87170,11.64844,0.02346,0.94083,-0.33787,-0.01186,0.77526,-0.03355,-0.03896,
70,1.99435,8.86233,11.64583,0.02439,0.94428,-0.32801,-0.01222,0.79422,-0.02951,-0.03949,
70,2.03548,8.85292,11.64289,0.02549,0.94811,-0.31668,-0.01263,0.81359,-0.02532,-0.04026,
70,2.07802,8.83852,11.64009,0.02667,0.95230,-0.30373,-0.01312,0.83415,-0.02862,-0.04065,
71,2.12111,8.82939,11.63832,0.02812,0.95679,-0.28911,-0.01369,0.85520,-0.02314,-0.03916,
71,2.16503,8.82385,11.63712,0.02976,0.96150,-0.27282,-0.01432,0.87686,-0.01146,-0.03619,
71,2.20984,8.82061,11.63582,0.03097,0.96637,-0.25486,-0.01490,0.89905,0.00440,-0.03435,
71,2.25574,8.82002,11.63352,0.03162,0.97107,-0.23618,-0.01540,0.91937,0.02194,-0.08620,
71,2.30267,8.82244,11.62757,0.03182,0.97534,-0.21785,-0.01577,0.94129,0.04632,-0.10951,
71,2.35032,8.82520,11.62360,0.03158,0.97905,-0.20051,-0.01596,0.96525,0.07259,-0.05577,
71,2.39930,8.82852,11.62157,0.03115,0.98214,-0.18484,-0.01604,0.98769,0.09532,-0.03620,
71,2.44965,8.83460,11.61975,0.03067,0.98458,-0.17146,-0.01596,1.00964,0.12097,-0.03230,
71,2.50061,8.84123,11.61810,0.03009,0.98641,-0.16073,-0.01576,1.03004,0.14444,-0.03322,
71,2.55276,8.84871,11.61637,0.02948,0.98780,-0.15216,-0.01548,1.05025,0.16682,-0.03549,
71,2.60660,8.85707,11.61383,0.02893,0.98876,-0.14590,-0.01517,1.06950,0.18565,-0.08835,
71,2.66098,8.86628,11.60749,0.02838,0.98941,-0.14154,-0.01481,1.08687,0.20323,-0.15636,
71,2.71793,8.87581,11.60106,0.02776,0.98985,-0.13864,-0.01436,1.11141,0.22563,-0.09828,
71,2.77397,8.88770,11.59694,0.02716,0.99008,-0.13712,-0.01387,1.13028,0.24842,-0.07083,
71,2.83121,8.90042,11.59376,0.02657,0.99018,-0.13658,-0.01336,1.14837,0.26936,-0.06033,
71,2.88921,8.91435,11.59084,0.02602,0.99015,-0.13694,-0.01285,1.16534,0.28973,-0.05864,
71,2.94769,8.92973,11.58786,0.02540,0.99006,-0.13780,-0.01231,1.18110,0.31018,-0.05992,
71,3.00764,8.94510,11.58494,0.02467,0.98991,-0.13904,-0.01179,1.19721,0.32842,-0.06212,
71,3.06800,8.96190,11.58182,0.02388,0.98973,-0.14052,-0.01127,1.21220,0.34675,-0.06476,
72,3.12902,8.97970,11.57855,0.02306,0.98952,-0.14212,-0.01078,1.22653,0.36447,-0.06749,
72,3.19048,8.99852,11.57514,0.02222,0.98931,-0.14373,-0.01030,1.24000,0.38160,-0.07018,
72,3.25271,9.01814,11.57156,0.02138,0.98911,-0.14527,-0.00985,1.25303,0.39793,-0.07279,
72,3.31551,9.03861,11.56785,0.02055,0.98892,-0.14671,-0.00942,1.26545,0.41354,-0.07530,
72,3.37903,9.05972,11.56403,0.01973,0.98874,-0.14804,-0.00902,1.27747,0.42829,-0.07771,
72,3.44313,9.08152,11.56007,0.01894,0.98859,-0.14922,-0.00863,1.28900,0.44228,-0.08003,
72,3.50790,9.10387,11.55602,0.01817,0.98844,-0.15028,-0.00828,1.30020,0.45538,-0.08223,
72,3.58034,9.12130,11.55009,0.01739,0.98829,-0.15140,-0.00800,1.31757,0.46192,-0.08631,
72,3.64877,9.14295,11.54719,0.01671,0.98818,-0.15220,-0.00770,1.33014,0.47222,-0.08680,
72,3.71562,9.16680,11.54297,0.01603,0.98807,-0.15299,-0.00742,1.34034,0.48334,-0.08858,
72,3.78246,9.19154,11.53869,0.01538,0.98796,-0.15377,-0.00714,1.34960,0.49419,-0.09023,
72,3.84978,9.21676,11.53444,0.01476,0.98785,-0.15456,-0.00689,1.35873,0.50431,-0.09176,
72,3.91800,9.24205,11.52990,0.01417,0.98773,-0.15540,-0.00666,1.36785,0.51355,-0.09340,
72,3.98660,9.26797,11.52535,0.01362,0.98759,-0.15631,-0.00643,1.37650,0.52250,-0.09493,
72,4.05571,9.29419,11.52068,0.01310,0.98745,-0.15729,-0.00621,1.38496,0.53081,-0.09645,
72,4.12524,9.32079,11.51586,0.01261,0.98728,-0.15838,-0.00601,1.39315,0.53861,-0.09799,
72,4.19527,9.34779,11.51095,0.01215,0.98710,-0.15957,-0.00583,1.40125,0.54603,-0.09951,
72,4.26539,9.37524,11.50582,0.01170,0.98689,-0.16086,-0.00565,1.40883,0.55302,-0.10110,
72,4.34816,9.39156,11.50165,0.01118,0.98663,-0.16249,-0.00556,1.42511,0.55001,-0.10193,
72,4.41820,9.42187,11.49599,0.01090,0.98641,-0.16387,-0.00534,1.43106,0.55922,-0.10367,
72,4.48928,9.45052,11.49047,0.01055,0.98615,-0.16546,-0.00519,1.43768,0.56554,-0.10530,
73,4.56105,9.47902,11.48502,0.01021,0.98587,-0.16712,-0.00504,1.44434,0.57114,-0.10680,
73,4.63330,9.50768,11.47953,0.00990,0.98559,-0.16882,-0.00490,1.45087,0.57650,-0.10825,
73,4.70532,9.53719,11.47420,0.00962,0.98528,-0.17059,-0.00476,1.45690,0.58191,-0.10952,
73,4.77765,9.56712,11.46902,0.00936,0.98497,-0.17240,-0.00462,1.46272,0.58724,-0.11061,
73,4.86663,9.58198,11.46324,0.00903,0.98462,-0.17440,-0.00458,1.47875,0.58153,-0.11207,
73,4.93922,9.61314,11.45825,0.00884,0.98430,-0.17622,-0.00445,1.48379,0.58728,-0.11292,
73,5.01337,9.64272,11.45261,0.00865,0.98397,-0.17806,-0.00434,1.48950,0.59140,-0.11420,
73,5.08795,9.67223,11.44697,0.00850,0.98365,-0.17985,-0.00424,1.49517,0.59517,-0.11542,
73,5.16256,9.70215,11.44125,0.00837,0.98333,-0.18157,-0.00415,1.50059,0.59896,-0.11667,
73,5.23720,9.73239,11.43527,0.00827,0.98303,-0.18321,-0.00407,1.50576,0.60269,-0.11803,
73,5.33073,9.74332,11.42740,0.00804,0.98272,-0.18488,-0.00402,1.52030,0.59333,-0.12051,
73,5.40781,9.77384,11.42344,0.00802,0.98245,-0.18629,-0.00398,1.52654,0.59751,-0.12052,
73,5.48408,9.80364,11.41808,0.00796,0.98219,-0.18767,-0.00391,1.53166,0.60073,-0.12139,
73,5.55885,9.83502,11.41261,0.00792,0.98194,-0.18897,-0.00383,1.53564,0.60471,-0.12229,
73,5.63380,9.86666,11.40711,0.00789,0.98170,-0.19022,-0.00376,1.53955,0.60873,-0.12319,
73,5.71039,9.89719,11.40164,0.00786,0.98147,-0.19143,-0.00369,1.54419,0.61197,-0.12405,
73,5.78694,9.92794,11.39570,0.00783,0.98124,-0.19261,-0.00364,1.54867,0.61517,-0.12518,
73,5.88903,9.92941,11.39017,0.00763,0.98098,-0.19391,-0.00365,1.56502,0.60051,-0.12606,
73,5.96623,9.96216,11.38497,0.00765,0.98075,-0.19508,-0.00360,1.56946,0.60526,-0.12669,
74,6.04470,9.99210,11.37892,0.00764,0.98051,-0.19629,-0.00355,1.57418,0.60796,-0.12777,
74,6.12285,10.02241,11.37297,0.00763,0.98026,-0.19752,-0.00349,1.57852,0.61077,-0.12879,
74,6.20074,10.05325,11.36675,0.00762,0.98001,-0.19878,-0.00344,1.58256,0.61376,-0.12992,
74,6.27879,10.08425,11.36018,0.00761,0.97974,-0.20009,-0.00339,1.58661,0.61671,-0.13120,
74,6.35826,10.11484,11.35413,0.00762,0.97947,-0.20144,-0.00335,1.59124,0.61950,-0.13218,
74,6.43853,10.14546,11.34834,0.00763,0.97918,-0.20282,-0.00330,1.59611,0.62230,-0.13299,
74,6.51714,10.17694,11.34167,0.00763,0.97888,-0.20425,-0.00326,1.60001,0.62527,-0.13422,
74,6.63418,10.16891,11.33873,0.00747,0.97853,-0.20593,-0.00330,1.62087,0.60766,-0.13376,
74,6.71654,10.20229,11.33228,0.00754,0.97822,-0.20739,-0.00331,1.62679,0.61225,-0.13484,
74,6.79869,10.23320,11.32622,0.00762,0.97790,-0.20889,-0.00328,1.63178,0.61535,-0.13571,
74,6.87984,10.26437,11.31903,0.00771,0.97759,-0.21034,-0.00325,1.63605,0.61835,-0.13709,
74,6.96121,10.29583,11.31224,0.00783,0.97730,-0.21170,-0.00323,1.64028,0.62160,-0.13827,
74,7.04403,10.32668,11.30604,0.00796,0.97703,-0.21294,-0.00321,1.64513,0.62462,-0.13915,
74,7.12574,10.35885,11.29911,0.00811,0.97678,-0.21405,-0.00320,1.64936,0.62830,-0.14036,
74,7.20676,10.39191,11.29129,0.00825,0.97657,-0.21503,-0.00318,1.65329,0.63240,-0.14196,
74,7.28955,10.42354,11.28410,0.00841,0.97638,-0.21585,-0.00318,1.65795,0.63584,-0.14325,
74,7.42058,10.40535,11.28534,0.00842,0.97620,-0.21669,-0.00329,1.68175,0.61635,-0.14084,
74,7.50624,10.43220,11.27679,0.00856,0.97607,-0.21725,-0.00331,1.68720,0.61783,-0.14277,
74,7.59076,10.46335,11.26948,0.00872,0.97597,-0.21771,-0.00331,1.69196,0.62167,-0.14406,
74,7.67611,10.49412,11.26253,0.00888,0.97588,-0.21809,-0.00331,1.69701,0.62538,-0.14518,
74,7.76176,10.52538,11.25586,0.00904,0.97581,-0.21840,-0.00332,1.70223,0.62934,-0.14616,
75,7.84791,10.55732,11.24897,0.00920,0.97575,-0.21865,-0.00334,1.70779,0.63367,-0.14722,
75,7.93459,10.58931,11.24109,0.00935,0.97570,-0.21888,-0.00337,1.71359,0.63809,-0.14869,
75,8.02093,10.62158,11.23285,0.00950,0.97565,-0.21909,-0.00340,1.71915,0.64261,-0.15030,
75,8.10611,10.65370,11.22435,0.00963,0.97560,-0.21930,-0.00342,1.72402,0.64694,-0.15198,
75,8.19158,10.68610,11.21584,0.00977,0.97555,-0.21952,-0.00343,1.72890,0.65146,-0.15362,
75,8.27690,10.71915,11.20808,0.00991,0.97550,-0.21976,-0.00344,1.73364,0.65634,-0.15492,
75,8.36287,10.75230,11.20065,0.01005,0.97544,-0.22002,-0.00345,1.73863,0.66134,-0.15609,
75,8.44891,10.78476,11.19312,0.01018,0.97537,-0.22032,-0.00346,1.74347,0.66603,-0.15727,
75,8.53373,10.81714,11.18596,0.01032,0.97530,-0.22063,-0.00346,1.74757,0.67062,-0.15828,
75,8.61850,10.85026,11.17891,0.01045,0.97522,-0.22097,-0.00346,1.75174,0.67553,-0.15926,
75,8.70205,10.88236,11.17024,0.01056,0.97514,-0.22132,-0.00345,1.75526,0.67979,-0.16082,
75,8.78437,10.91424,11.16104,0.01067,0.97506,-0.22167,-0.00343,1.75805,0.68391,-0.16254,
75,8.86732,10.94780,11.15191,0.01079,0.97498,-0.22202,-0.00341,1.76111,0.68901,-0.16419,
75,8.95104,10.98168,11.14338,0.01091,0.97490,-0.22236,-0.00339,1.76448,0.69428,-0.16558,
75,9.03544,11.01546,11.13642,0.01103,0.97482,-0.22269,-0.00337,1.76809,0.69947,-0.16639,
75,9.11954,11.05021,11.13013,0.01116,0.97475,-0.22301,-0.00335,1.77158,0.70516,-0.16696,
75,9.20427,11.08506,11.12353,0.01128,0.97468,-0.22331,-0.00334,1.77528,0.71092,-0.16764,
75,9.28998,11.12018,11.11679,0.01141,0.97461,-0.22359,-0.00333,1.77935,0.71684,-0.16837,
75,9.37541,11.15627,11.10991,0.01153,0.97455,-0.22385,-0.00332,1.78334,0.72311,-0.16913,
76,9.46089,11.19211,11.10179,0.01164,0.97449,-0.22409,-0.00331,1.78734,0.72909,-0.17031,
76,9.57577,11.11565,11.11054,0.01135,0.97442,-0.22442,-0.00320,1.79388,0.69109,-0.16650,
76,9.67700,11.15473,11.10524,0.01153,0.97437,-0.22462,-0.00332,1.80519,0.69954,-0.16651,
76,9.76405,11.19086,11.09638,0.01164,0.97433,-0.22481,-0.00331,1.80945,0.70610,-0.16794,
76,9.85067,11.22840,11.08730,0.01176,0.97428,-0.22499,-0.00329,1.81330,0.71331,-0.16940,
76,9.93717,11.26624,11.07778,0.01187,0.97424,-0.22516,-0.00327,1.81705,0.72058,-0.17099,
76,10.02463,11.30364,11.06806,0.01197,0.97421,-0.22532,-0.00326,1.82137,0.72752,-0.17264,
76,10.11367,11.33940,11.05926,0.01207,0.97417,-0.22548,-0.00326,1.82615,0.73385,-0.17397,
76,10.20305,11.37502,11.05103,0.01217,0.97413,-0.22564,-0.00325,1.83075,0.74016,-0.17509,
76,10.29221,11.41159,11.04261,0.01228,0.97409,-0.22578,-0.00324,1.83516,0.74683,-0.17624,
76,10.38162,11.44917,11.03330,0.01257,0.97408,-0.22582,-0.00328,1.83983,0.75385,-0.17767,
76,10.47103,11.48716,11.02360,0.01299,0.97415,-0.22552,-0.00335,1.84462,0.76114,-0.17923,
76,10.56187,11.52494,11.01451,0.01352,0.97432,-0.22474,-0.00346,1.85005,0.76879,-0.18058,
76,10.65089,11.56366,11.00375,0.01411,0.97464,-0.22332,-0.00357,1.85485,0.77711,-0.18242,
76,10.73959,11.60255,10.99330,0.01475,0.97512,-0.22117,-0.00369,1.85940,0.78590,-0.18409,
76,10.83063,11.64327,10.98451,0.01543,0.97576,-0.21828,-0.00384,1.86515,0.79603,-0.18518,
76,10.92471,11.68895,10.97695,0.01614,0.97654,-0.21471,-0.00400,1.87231,0.80877,-0.18588,
76,10.97807,11.54998,10.99509,0.01618,0.97744,-0.21056,-0.00392,1.85499,0.75249,-0.17970,
76,11.09733,11.58008,10.98616,0.01686,0.97845,-0.20573,-0.00422,1.87199,0.76098,-0.18064,
76,11.18097,11.38446,11.01086,0.01672,0.97955,-0.20044,-0.00419,1.86371,0.68261,-0.17202,
76,11.28714,11.43565,11.00338,0.01744,0.98069,-0.19474,-0.00446,1.87752,0.70112,-0.17272,
77,11.43987,11.25573,11.01809,0.01740,0.98185,-0.18883,-0.00463,1.89759,0.62939,-0.16680,
77,11.55146,11.29510,11.01567,0.01804,0.98299,-0.18273,-0.00500,1.91492,0.64466,-0.16616,
77,11.69823,11.15220,11.02758,0.01805,0.98412,-0.17651,-0.00530,1.93790,0.58808,-0.16129,
77,11.80901,11.13668,11.02788,0.01849,0.98519,-0.17040,-0.00552,1.95110,0.58210,-0.15954,
77,11.94208,10.93422,11.04680,0.01827,0.98624,-0.16420,-0.00578,1.96916,0.49940,-0.15191,
77,12.03735,10.97760,11.03668,0.01881,0.98719,-0.15832,-0.00594,1.97714,0.51906,-0.15380,
77,12.15458,10.79817,11.05391,0.01860,0.98815,-0.15223,-0.00620,1.99162,0.44202,-0.14590,
77,12.24532,10.83230,11.04298,0.01904,0.98898,-0.14670,-0.00623,1.99563,0.45897,-0.14816,
77,12.35142,10.66438,11.05738,0.01874,0.98980,-0.14109,-0.00638,2.00527,0.38085,-0.14042,
77,12.45117,10.70313,11.04712,0.01919,0.99053,-0.13581,-0.00649,2.01454,0.40260,-0.14283,
77,12.54393,10.61238,11.05365,0.01891,0.99122,-0.13072,-0.00659,2.01730,0.33503,-0.13470,
77,12.64212,10.62593,11.04772,0.01924,0.99186,-0.12572,-0.00669,2.02478,0.34520,-0.13517,
77,12.73954,10.61077,11.04395,0.01925,0.99246,-0.12086,-0.00668,2.02875,0.31879,-0.13261,
77,12.84097,10.62802,11.03767,0.01955,0.99303,-0.11604,-0.00675,2.03787,0.33303,-0.13321,
77,12.93278,10.59820,11.03407,0.01940,0.99357,-0.11131,-0.00671,2.03441,0.29015,-0.13061,
77,13.03554,10.61628,11.02742,0.01968,0.99409,-0.10657,-0.00678,2.04475,0.30724,-0.13173,
77,13.12559,10.58820,11.02376,0.01951,0.99458,-0.10195,-0.00673,2.03904,0.26827,-0.12930,
77,13.22844,10.60450,11.01729,0.01974,0.99504,-0.09728,-0.00678,2.04908,0.28461,-0.13031,
77,13.31908,10.57573,11.01414,0.01955,0.99549,-0.09260,-0.00674,2.04381,0.24633,-0.12739,
78,13.42056,10.58882,11.00676,0.01973,0.99591,-0.08796,-0.00675,2.05186,0.26034,-0.12956,
78,13.50922,10.55402,11.00388,0.01947,0.99631,-0.08327,-0.00669,2.04396,0.21633,-0.12643,
78,13.61087,10.56503,10.99764,0.01960,0.99669,-0.07863,-0.00669,2.05201,0.22950,-0.12736,
78,13.70358,10.53881,10.99467,0.01941,0.99705,-0.07393,-0.00663,2.04875,0.19750,-0.12447,
78,13.80761,10.55492,10.98858,0.01956,0.99738,-0.06928,-0.00664,2.05909,0.21764,-0.12534,
78,13.90066,10.53145,10.98571,0.01939,0.99770,-0.06461,-0.00655,2.05561,0.18981,-0.12246,
78,14.00488,10.54639,10.97972,0.01950,0.99799,-0.05996,-0.00655,2.06567,0.20912,-0.12336,
78,14.10260,10.53451,10.97567,0.01944,0.99826,-0.05529,-0.00648,2.06725,0.19603,-0.12197,
78,14.20566,10.54425,10.97031,0.01948,0.99850,-0.05072,-0.00647,2.07514,0.20905,-0.12222,
78,14.30839,10.54494,10.96504,0.01953,0.99873,-0.04608,-0.00643,2.08207,0.21140,-0.12230,
78,14.41260,10.55345,10.96071,0.01953,0.99892,-0.04157,-0.00642,2.09030,0.22219,-0.12139,
78,14.50864,10.54136,10.96042,0.01907,0.99911,-0.03716,-0.00638,2.08858,0.20774,-0.11606,
78,14.59685,10.52210,10.95758,0.01809,0.99926,-0.03329,-0.00621,2.07798,0.18559,-0.11457,
78,14.70741,10.53641,10.95297,0.01717,0.99937,-0.03056,-0.00617,2.09285,0.20258,-0.11531,
78,14.82666,10.52749,10.95107,0.01584,0.99943,-0.02922,-0.00611,2.11656,0.19119,-0.11300,
78,14.93376,10.54008,10.94535,0.01451,0.99944,-0.02973,-0.00592,2.12536,0.20374,-0.11496,
78,15.04104,10.54702,10.94009,0.01302,0.99938,-0.03224,-0.00569,2.13355,0.20811,-0.11624,
78,15.14888,10.55465,10.93470,0.01148,0.99924,-0.03688,-0.00543,2.14163,0.21158,-0.11742,
78,15.25815,10.56383,10.92891,0.00996,0.99899,-0.04344,-0.00515,2.15032,0.21516,-0.11871,
78,15.36805,10.57414,10.92274,0.00847,0.99862,-0.05151,-0.00487,2.15880,0.21827,-0.12012,
78,15.46495,10.54218,10.92491,0.00665,0.99809,-0.06118,-0.00454,2.15422,0.17798,-0.11366,
79,15.57069,10.55817,10.91771,0.00530,0.99740,-0.07169,-0.00424,2.15794,0.18522,-0.11579,
79,15.68307,10.52773,10.91873,0.00363,0.99652,-0.08316,-0.00400,2.16688,0.14510,-0.11025,
79,15.79437,10.49668,10.91976,0.00199,0.99545,-0.09520,-0.00378,2.17411,0.10306,-0.10456,
79,15.90333,10.46466,10.92097,0.00039,0.99420,-0.10745,-0.00356,2.17824,0.05883,-0.09861,
79,16.00369,10.43516,10.92150,-0.00115,0.99280,-0.11977,-0.00334,2.17260,0.01654,-0.09331,
79,16.09825,10.40830,10.92129,-0.00261,0.99125,-0.13192,-0.00311,2.15998,-0.02319,-0.08876,
79,16.19157,10.38436,10.92101,-0.00394,0.98959,-0.14382,-0.00290,2.14540,-0.05964,-0.08422,
79,16.30300,10.36667,10.91935,-0.00511,0.98788,-0.15514,-0.00277,2.15275,-0.08941,-0.08113,
79,16.41727,10.36115,10.91537,-0.00604,0.98611,-0.16593,-0.00264,2.16662,-0.10206,-0.08108,
79,16.52945,10.35958,10.91038,-0.00681,0.98433,-0.17617,-0.00247,2.17554,-0.10595,-0.08306,
79,16.63778,10.35522,10.90602,-0.00758,0.98252,-0.18596,-0.00228,2.17522,-0.11601,-0.08359,
79,16.74954,10.35294,10.90151,-0.00823,0.98074,-0.19511,-0.00214,2.18155,-0.12134,-0.08435,
79,16.85816,10.35329,10.89637,-0.00876,0.97898,-0.20376,-0.00193,2.18029,-0.12110,-0.08634,
79,16.96139,10.35030,10.89186,-0.00929,0.97723,-0.21196,-0.00170,2.16764,-0.12836,-0.08692,
79,17.06218,10.34539,10.88644,-0.00972,0.97550,-0.21976,-0.00144,2.15069,-0.13928,-0.08943,
79,17.16040,10.33293,10.88234,-0.01017,0.97379,-0.22721,-0.00124,2.12985,-0.16532,-0.08920,
79,17.26268,10.31932,10.87833,-0.01050,0.97214,-0.23417,-0.00111,2.11913,-0.19135,-0.08890,
79,17.36808,10.30943,10.87421,-0.01063,0.97057,-0.24060,-0.00100,2.11578,-0.20696,-0.08896,
79,17.46631,10.29141,10.87055,-0.01087,0.96905,-0.24663,-0.00085,2.09892,-0.23691,-0.08825,
80,17.57249,10.28057,10.86630,-0.01087,0.96761,-0.25220,-0.00075,2.09819,-0.25033,-0.08870,
80,17.66616,10.25884,10.86320,-0.01106,0.96622,-0.25749,-0.00055,2.07553,-0.28196,-0.08724,
80,17.76831,10.24438,10.85935,-0.01105,0.96487,-0.26249,-0.00043,2.06951,-0.29790,-0.08723,
80,17.85838,10.21974,10.85739,-0.01125,0.96350,-0.26746,-0.00026,2.04445,-0.32945,-0.08426,
80,17.95850,10.20246,10.85283,-0.01123,0.96218,-0.27219,-0.00008,2.03717,-0.34595,-0.08553,
80,18.03426,10.16849,10.85162,-0.01156,0.96076,-0.27714,0.00019,1.99395,-0.38712,-0.08188,
80,18.13668,10.15004,10.84738,-0.01154,0.95932,-0.28208,0.00031,1.99306,-0.40128,-0.08280,
80,18.20150,10.11030,10.84818,-0.01194,0.95776,-0.28734,0.00063,1.93953,-0.44528,-0.07680,
80,18.30516,10.09046,10.84369,-0.01196,0.95611,-0.29275,0.00075,1.94281,-0.45769,-0.07826,
80,18.36271,10.04718,10.84616,-0.01241,0.95430,-0.29860,0.00109,1.88534,-0.50108,-0.07070,
80,18.45608,10.02177,10.84201,-0.01257,0.95236,-0.30471,0.00129,1.87779,-0.51746,-0.07195,
80,18.49950,9.97287,10.84695,-0.01314,0.95019,-0.31138,0.00166,1.80915,-0.56289,-0.06204,
80,18.58086,9.94231,10.84406,-0.01351,0.94783,-0.31849,0.00192,1.79102,-0.58232,-0.06211,
80,18.59433,9.88527,10.85249,-0.01382,0.94525,-0.32605,0.00220,1.69486,-0.63266,-0.04994,
80,18.69018,9.85679,10.84856,-0.01290,0.94284,-0.33300,0.00195,1.69883,-0.64525,-0.05364,
80,18.68997,9.79736,10.85733,-0.01187,0.94093,-0.33840,0.00182,1.59241,-0.69328,-0.04334,
80,18.75345,9.76045,10.85584,-0.01006,0.93991,-0.34128,0.00140,1.56718,-0.71013,-0.04551,
80,18.72521,9.69602,10.86743,-0.00843,0.93985,-0.34148,0.00126,1.43743,-0.75748,-0.03241,
80,18.81005,9.66060,10.86476,-0.00609,0.94101,-0.33832,0.00069,1.44629,-0.76550,-0.03584,
80,18.89378,9.62318,10.86254,-0.00371,0.94319,-0.33224,0.00015,1.45414,-0.77347,-0.03812,
80,19.00683,9.58992,10.85761,-0.00126,0.94640,-0.32300,-0.00048,1.49188,-0.77464,-0.04245,
81,19.06087,9.53428,10.86508,0.00084,0.95033,-0.31125,-0.00103,1.47026,-0.79780,-0.03336,
81,19.19466,9.49325,10.86734,0.00310,0.95473,-0.29745,-0.00189,1.53792,-0.80198,-0.02941,
81,19.34103,9.45635,10.86760,0.00530,0.95935,-0.28215,-0.00280,1.62121,-0.79904,-0.02750,
81,19.48238,9.41979,10.86765,0.00734,0.96394,-0.26598,-0.00367,1.69909,-0.79394,-0.02571,
81,19.62591,9.38421,10.86718,0.00921,0.96833,-0.24947,-0.00455,1.78045,-0.78604,-0.02444,
81,19.75920,9.34903,10.86494,0.01082,0.97237,-0.23314,-0.00530,1.84766,-0.77644,-0.02571,
81,19.89800,9.31623,10.86271,0.01206,0.97593,-0.21764,-0.00603,1.92326,-0.76246,-0.02716,
81,20.03631,9.28626,10.85991,0.01303,0.97898,-0.20343,-0.00665,1.99765,-0.74364,-0.02967,
81,20.15548,9.25457,10.85770,0.01368,0.98146,-0.19104,-0.00706,2.04501,-0.72633,-0.03157,
81,20.26895,9.22250,10.85509,0.01408,0.98340,-0.18073,-0.00732,2.07620,-0.71127,-0.03425,
81,20.38485,9.19027,10.85268,0.01432,0.98480,-0.17293,-0.00752,2.10950,-0.69777,-0.03631,
81,20.48700,9.15722,10.85059,0.01442,0.98580,-0.16712,-0.00749,2.11129,-0.68730,-0.03754,
81,20.58983,9.12318,10.84863,0.01443,0.98645,-0.16326,-0.00742,2.11422,-0.67995,-0.03842,
81,20.69444,9.08907,10.84659,0.01440,0.98679,-0.16117,-0.00735,2.12075,-0.67338,-0.03940,
81,20.79453,9.05475,10.84472,0.01433,0.98690,-0.16052,-0.00717,2.11797,-0.66793,-0.03997,
81,20.89968,9.02140,10.84254,0.01428,0.98682,-0.16101,-0.00703,2.12500,-0.66104,-0.04107,
81,21.00519,8.98806,10.84048,0.01422,0.98663,-0.16223,-0.00689,2.13204,-0.65478,-0.04186,
81,21.11213,8.95532,10.83843,0.01415,0.98637,-0.16381,-0.00675,2.14065,-0.64807,-0.04259,
81,21.21902,8.92263,10.83628,0.01409,0.98609,-0.16550,-0.00661,2.14843,-0.64181,-0.04341,
82,21.32524,8.88994,10.83405,0.01402,0.98583,-0.16701,-0.00646,2.15467,-0.63601,-0.04427,
82,21.43245,8.85770,10.83181,0.01396,0.98565,-0.16810,-0.00633,2.16175,-0.63000,-0.04507,
82,21.54046,8.82598,10.82950,0.01392,0.98556,-0.16864,-0.00622,2.16930,-0.62371,-0.04591,
82,21.64866,8.79441,10.82720,0.01388,0.98558,-0.16854,-0.00613,2.17654,-0.61763,-0.04667,
82,21.75695,8.76302,10.82472,0.01385,0.98571,-0.16778,-0.00604,2.18341,-0.61167,-0.04757,
82,21.86582,8.73209,10.82236,0.01386,0.98596,-0.16629,-0.00598,2.19049,-0.60549,-0.04827,
82,21.97473,8.70141,10.81997,0.01395,0.98634,-0.16402,-0.00593,2.19724,-0.59927,-0.04890,
82,22.08525,8.67161,10.81739,0.01416,0.98685,-0.16093,-0.00593,2.20522,-0.59235,-0.04960,
82,22.19615,8.64215,10.81477,0.01448,0.98748,-0.15699,-0.00595,2.21321,-0.58515,-0.05022,
82,22.30405,8.61133,10.81187,0.01488,0.98822,-0.15220,-0.00598,2.21830,-0.57929,-0.05096,
82,22.38558,8.56794,10.81001,0.01519,0.98905,-0.14669,-0.00588,2.20001,-0.58555,-0.05061,
82,22.49506,8.54064,10.80690,0.01589,0.99000,-0.14001,-0.00598,2.20724,-0.57546,-0.05127,
82,22.58174,8.48961,10.80541,0.01642,0.99105,-0.13238,-0.00593,2.19431,-0.58736,-0.05028,
82,22.69486,8.46346,10.80252,0.01749,0.99219,-0.12338,-0.00610,2.20503,-0.57458,-0.05036,
82,22.78516,8.41867,10.80221,0.01851,0.99339,-0.11315,-0.00617,2.19677,-0.57812,-0.04792,
82,22.93429,8.36868,10.80194,0.01981,0.99465,-0.10114,-0.00654,2.23640,-0.58432,-0.04519,
82,23.07068,8.33109,10.80097,0.02144,0.99592,-0.08739,-0.00688,2.26510,-0.57782,-0.04266,
82,23.15907,8.30028,10.80062,0.02260,0.99711,-0.07222,-0.00705,2.25473,-0.56461,-0.04015,
82,23.25428,8.26738,10.80021,0.02323,0.99811,-0.05645,-0.00726,2.25017,-0.55261,-0.03860,
82,23.40691,8.22671,10.79792,0.02346,0.99886,-0.04079,-0.00764,2.29230,-0.54723,-0.03920,
82,23.52444,8.19889,10.79726,0.02349,0.99936,-0.02589,-0.00787,2.30653,-0.53168,-0.03752,
83,23.64478,8.17270,10.79570,0.02334,0.99962,-0.01234,-0.00806,2.32510,-0.51435,-0.03784,
83,23.76363,8.14956,10.79410,0.02309,0.99970,-0.00073,-0.00817,2.33963,-0.49246,-0.03837,
83,23.88032,8.12936,10.79135,0.02284,0.99967,0.00887,-0.00820,2.34737,-0.46904,-0.09078,
83,23.99461,8.10791,10.78720,0.02237,0.99958,0.01633,-0.00812,2.35041,-0.44781,-0.06879,
83,24.11270,8.08841,10.78401,0.02193,0.99949,0.02185,-0.00800,2.36072,-0.42487,-0.04457,
83,24.23044,8.06826,10.78198,0.02145,0.99941,0.02552,-0.00784,2.36898,-0.40693,-0.03661,
83,24.34295,8.05207,10.77971,0.02098,0.99936,0.02783,-0.00760,2.36640,-0.38396,-0.03559,
83,24.46150,8.03173,10.77745,0.02048,0.99934,0.02895,-0.00737,2.37497,-0.37132,-0.03650,
83,24.58012,8.01299,10.77557,0.02000,0.99935,0.02927,-0.00715,2.38283,-0.35741,-0.03739,
83,24.69847,7.99607,10.77383,0.01955,0.99937,0.02897,-0.00692,2.38960,-0.34214,-0.03828,
83,24.81642,7.98049,10.77184,0.01913,0.99939,0.02830,-0.00669,2.39521,-0.32653,-0.03953,
83,24.93466,7.96553,10.76996,0.01880,0.99942,0.02761,-0.00647,2.40079,-0.31160,-0.04046,
83,25.05349,7.95125,10.76826,0.01854,0.99944,0.02716,-0.00626,2.40668,-0.29713,-0.04105,
83,25.17232,7.93791,10.76639,0.01832,0.99944,0.02716,-0.00606,2.41214,-0.28269,-0.04178,
83,25.29087,7.92556,10.76430,0.01814,0.99943,0.02782,-0.00588,2.41689,-0.26821,-0.04267,
83,25.41038,7.91348,10.76202,0.01798,0.99939,0.02924,-0.00572,2.42237,-0.25449,-0.04370,
83,25.50168,7.92082,10.75684,0.01796,0.99933,0.03139,-0.00545,2.39777,-0.22049,-0.04776,
83,25.62630,7.90724,10.75503,0.01781,0.99924,0.03419,-0.00535,2.40888,-0.21100,-0.04802,
83,25.74729,7.89700,10.75263,0.01768,0.99912,0.03773,-0.00524,2.41569,-0.19872,-0.04885,
84,25.86804,7.88753,10.74974,0.01756,0.99895,0.04190,-0.00516,2.42189,-0.18636,-0.05010,
84,25.94576,7.90687,10.74337,0.01763,0.99874,0.04671,-0.00491,2.38811,-0.14714,-0.05447,
84,26.07742,7.89279,10.74165,0.01747,0.99850,0.05175,-0.00487,2.40465,-0.14154,-0.05438,
84,26.14492,7.92035,10.73501,0.01759,0.99819,0.05730,-0.00461,2.36369,-0.09789,-0.05868,
84,26.27209,7.91073,10.73332,0.01747,0.99786,0.06282,-0.00458,2.37670,-0.09012,-0.05843,
84,26.30869,7.95494,10.72658,0.01769,0.99747,0.06866,-0.00427,2.31220,-0.03496,-0.06262,
84,26.42155,7.95527,10.72481,0.01763,0.99707,0.07426,-0.00422,2.31487,-0.02101,-0.06646,
84,26.43589,8.00933,10.71874,0.01793,0.99664,0.07988,-0.00390,2.23677,0.03631,-0.12417,
84,26.55057,8.01003,10.71443,0.01782,0.99620,0.08515,-0.00386,2.24367,0.04952,-0.07707,
84,26.60446,8.03930,10.71200,0.01786,0.99576,0.09019,-0.00367,2.20228,0.08431,-0.05876,
84,26.72640,8.03781,10.70907,0.01773,0.99532,0.09494,-0.00367,2.21559,0.09230,-0.05217,
84,26.82660,8.04252,10.70669,0.01761,0.99489,0.09938,-0.00362,2.21166,0.10399,-0.04974,
84,26.93940,8.04654,10.70216,0.01757,0.99444,0.10374,-0.00356,2.21714,0.11601,-0.05088,
84,27.04695,8.05503,10.69940,0.01752,0.99401,0.10784,-0.00349,2.21869,0.13058,-0.05142,
84,27.17002,8.05426,10.69773,0.01737,0.99360,0.11157,-0.00351,2.23167,0.13675,-0.05140,
84,27.27203,8.06618,10.69309,0.01734,0.99318,0.11522,-0.00340,2.22846,0.15315,-0.05374,
84,27.37154,8.08088,10.68990,0.01732,0.99277,0.11869,-0.00331,2.22390,0.17087,-0.05492,
84,27.48212,8.09291,10.69098,0.01723,0.99239,0.12192,-0.00325,2.22711,0.18643,-0.05197,
84,27.59755,8.10069,10.68782,0.01713,0.99198,0.12518,-0.00319,2.23420,0.19713,-0.05331,
84,27.70478,8.11324,10.68461,0.01703,0.99158,0.12830,-0.00311,2.23360,0.21168,-0.05467,
84,27.80006,8.13677,10.68463,0.01696,0.99118,0.13139,-0.00299,2.22065,0.23731,-0.05281,
85,27.91703,8.14638,10.68199,0.01678,0.99080,0.13428,-0.00296,2.22963,0.24684,-0.05368,
85,28.02652,8.15986,10.67949,0.01662,0.99042,0.13707,-0.00290,2.23099,0.25956,-0.05436,
85,28.09212,8.19511,10.67816,0.01660,0.99003,0.13987,-0.00269,2.19021,0.29368,-0.05409,
85,28.20524,8.20819,10.67473,0.01644,0.98965,0.14251,-0.00263,2.19625,0.30372,-0.05562,
85,28.31262,8.22460,10.67267,0.01627,0.98929,0.14506,-0.00257,2.19696,0.31619,-0.05580,
85,28.35859,8.26812,10.66963,0.01630,0.98890,0.14764,-0.00228,2.14095,0.35431,-0.05704,
85,28.47226,8.28348,10.66695,0.01611,0.98854,0.15008,-0.00226,2.14928,0.36325,-0.05773,
85,28.57610,8.30337,10.66420,0.01597,0.98817,0.15251,-0.00220,2.14863,0.37593,-0.05847,
85,28.67886,8.32427,10.66105,0.01584,0.98780,0.15492,-0.00214,2.14713,0.38877,-0.05952,
85,28.68468,8.38409,10.65601,0.01598,0.98742,0.15732,-0.00174,2.06267,0.43609,-0.06229,
85,28.79022,8.40516,10.65294,0.01584,0.98704,0.15967,-0.00169,2.06639,0.44638,-0.06312,
85,28.88994,8.42903,10.65055,0.01571,0.98666,0.16201,-0.00163,2.06541,0.45856,-0.06333,
85,28.99863,8.44986,10.64786,0.01554,0.98629,0.16430,-0.00162,2.07148,0.46740,-0.06380,
85,29.01848,8.50297,10.64024,0.01560,0.98591,0.16657,-0.00127,2.00621,0.50282,-0.06830,
85,29.12290,8.52677,10.63791,0.01546,0.98551,0.16890,-0.00125,2.01081,0.51237,-0.06824,
85,29.21861,8.55442,10.63529,0.01516,0.98514,0.17108,-0.00123,2.00867,0.52441,-0.06859,
85,29.31691,8.58152,10.63249,0.01472,0.98482,0.17293,-0.00124,2.00860,0.53513,-0.06916,
85,29.32755,8.64198,10.62602,0.01440,0.98459,0.17430,-0.00095,1.94267,0.57121,-0.07250,
85,29.42758,8.66969,10.62237,0.01379,0.98448,0.17498,-0.00098,1.94607,0.57985,-0.07352,
86,29.52550,8.69850,10.61896,0.01316,0.98447,0.17505,-0.00101,1.94794,0.58846,-0.07436,
86,29.62193,8.72812,10.61505,0.01251,0.98460,0.17438,-0.00103,1.94885,0.59673,-0.07549,
86,29.71435,8.75936,10.61070,0.01186,0.98485,0.17301,-0.00103,1.94716,0.60526,-0.07686,
86,29.81215,8.78937,10.60717,0.01120,0.98521,0.17097,-0.00105,1.94932,0.61186,-0.07760,
86,29.90777,8.82030,10.60356,0.01056,0.98567,0.16838,-0.00106,1.95011,0.61834,-0.07831,
86,29.99971,8.85264,10.59873,0.00995,0.98618,0.16537,-0.00105,1.94862,0.62507,-0.07977,
86,30.09578,8.88405,10.59356,0.00934,0.98675,0.16195,-0.00106,1.94999,0.63017,-0.08135,
86,30.18784,8.91740,10.58890,0.00879,0.98735,0.15828,-0.00105,1.94904,0.63591,-0.08250,
86,30.19665,8.97667,10.58056,0.00836,0.98793,0.15468,-0.00076,1.89624,0.65727,-0.08588,
86,30.27680,9.01358,10.57421,0.00788,0.98853,0.15079,-0.00070,1.88907,0.66358,-0.08788,
86,30.36158,9.04936,10.56948,0.00739,0.98912,0.14691,-0.00066,1.88532,0.66834,-0.08883,
86,30.38784,9.09552,10.55910,0.00697,0.98965,0.14333,-0.00037,1.84418,0.67868,-0.09326,
86,30.46976,9.13331,10.55440,0.00656,0.99019,0.13960,-0.00035,1.83992,0.68352,-0.09403,
86,30.56774,9.16538,10.55001,0.00610,0.99069,0.13601,-0.00036,1.84532,0.68353,-0.09450,
86,30.64009,9.19467,10.54520,0.00563,0.99114,0.13273,-0.00028,1.83451,0.68064,-0.09532,
86,30.73293,9.23010,10.54249,0.00527,0.99157,0.12948,-0.00030,1.83753,0.68239,-0.09464,
86,30.82699,9.26403,10.53930,0.00493,0.99196,0.12644,-0.00031,1.84093,0.68269,-0.09427,
86,30.91996,9.29696,10.54126,0.00457,0.99231,0.12372,-0.00033,1.84367,0.68160,-0.09081,
86,31.00093,9.33509,10.53577,0.00431,0.99265,0.12094,-0.00027,1.83877,0.68432,-0.09195,
86,31.09139,9.36982,10.53097,0.00403,0.99297,0.11832,-0.00026,1.83989,0.68428,-0.09268,
86,31.18245,9.40386,10.52608,0.00376,0.99327,0.11577,-0.00023,1.84130,0.68328,-0.09341,
87,31.27568,9.43404,10.52937,0.00348,0.99353,0.11349,-0.00024,1.84431,0.67945,-0.08917,
87,31.36465,9.47018,10.52428,0.00328,0.99381,0.11105,-0.00022,1.84452,0.67978,-0.09016,
87,31.45750,9.50385,10.52005,0.00309,0.99407,0.10867,-0.00020,1.84691,0.67810,-0.09057,
87,31.55844,9.53392,10.51653,0.00290,0.99433,0.10629,-0.00021,1.85414,0.67367,-0.09054,
87,31.66709,9.55810,10.52078,0.00268,0.99456,0.10411,-0.00027,1.86665,0.66488,-0.08563,
87,31.76163,9.58976,10.51668,0.00256,0.99480,0.10178,-0.00026,1.86987,0.66167,-0.08613,
87,31.86119,9.61841,10.51311,0.00243,0.99504,0.09947,-0.00025,1.87590,0.65619,-0.08628,
87,31.95705,9.64890,10.50897,0.00233,0.99526,0.09719,-0.00022,1.87934,0.65209,-0.08675,
87,32.07596,9.66354,10.51429,0.00209,0.99548,0.09494,-0.00034,1.89816,0.63647,-0.08116,
87,32.16620,9.69849,10.50948,0.00206,0.99569,0.09275,-0.00029,1.89750,0.63630,-0.08225,
87,32.26280,9.72825,10.50611,0.00199,0.99589,0.09050,-0.00027,1.90082,0.63213,-0.08239,
87,32.35725,9.75989,10.50224,0.00195,0.99610,0.08826,-0.00022,1.90249,0.62938,-0.08282,
87,32.45231,9.79144,10.49774,0.00191,0.99629,0.08602,-0.00017,1.90440,0.62664,-0.08362,
87,32.57927,9.80586,10.50260,0.00173,0.99648,0.08379,-0.00030,1.92652,0.61177,-0.07869,
87,32.67081,9.83843,10.49675,0.00170,0.99667,0.08151,-0.00022,1.92559,0.61014,-0.08052,
87,32.76765,9.86734,10.49303,0.00166,0.99686,0.07920,-0.00019,1.92803,0.60594,-0.08095,
87,32.86518,9.89487,10.49013,0.00161,0.99704,0.07688,-0.00016,1.93082,0.60093,-0.08086,
87,32.96274,9.92398,10.48694,0.00159,0.99722,0.07456,-0.00012,1.93334,0.59720,-0.08091,
87,33.08342,9.93409,10.49160,0.00139,0.99738,0.07228,-0.00023,1.95267,0.57876,-0.07563,
88,33.17850,9.96088,10.48874,0.00137,0.99755,0.06990,-0.00020,1.95321,0.57378,-0.07555,
88,33.27597,9.98629,10.48594,0.00132,0.99772,0.06751,-0.00017,1.95521,0.56787,-0.07545,
88,33.37328,10.01258,10.48278,0.00129,0.99788,0.06512,-0.00012,1.95685,0.56283,-0.07560,
88,33.47953,10.01103,10.49081,0.00105,0.99804,0.06261,-0.00026,1.96665,0.53716,-0.06840,
88,33.57660,10.04223,10.48555,0.00125,0.99817,0.06038,-0.00018,1.96725,0.53672,-0.07022,
88,33.67587,10.07279,10.48127,0.00151,0.99829,0.05839,-0.00012,1.96925,0.53591,-0.07138,
88,33.77343,10.09914,10.47690,0.00180,0.99839,0.05670,-0.00005,1.97026,0.53232,-0.07263,
88,33.87022,10.12143,10.47320,0.00211,0.99846,0.05545,-0.00001,1.97107,0.52644,-0.07346,
88,33.97867,10.11759,10.48126,0.00223,0.99850,0.05467,-0.00011,1.98085,0.50239,-0.06689,
88,34.07720,10.14465,10.47755,0.00264,0.99851,0.05442,-0.00005,1.98206,0.50140,-0.06783,
88,34.17603,10.16848,10.47464,0.00304,0.99850,0.05470,0.00001,1.98345,0.49852,-0.06822,
88,34.27413,10.19130,10.47168,0.00343,0.99846,0.05537,0.00006,1.98438,0.49542,-0.06865,
88,34.37245,10.21417,10.46854,0.00381,0.99840,0.05641,0.00010,1.98537,0.49279,-0.06919,
88,34.47395,10.23982,10.46551,0.00421,0.99832,0.05779,0.00014,1.98793,0.49253,-0.06960,
88,34.57459,10.26444,10.46277,0.00459,0.99822,0.05938,0.00017,1.98999,0.49196,-0.06985,
88,34.67511,10.28854,10.45959,0.00495,0.99812,0.06113,0.00020,1.99192,0.49138,-0.07034,
88,34.77573,10.31279,10.45688,0.00531,0.99800,0.06298,0.00023,1.99375,0.49133,-0.07052,
88,34.87944,10.34123,10.45224,0.00567,0.99788,0.06488,0.00026,1.99671,0.49412,-0.07172,
88,34.99457,10.32887,10.46800,0.00577,0.99775,0.06686,0.00010,2.00907,0.47295,-0.06221,
88,35.09406,10.35478,10.46198,0.00609,0.99763,0.06859,0.00015,2.00950,0.47512,-0.06450,
88,35.19486,10.37934,10.45771,0.00639,0.99750,0.07031,0.00019,2.01068,0.47680,-0.06569,
89,35.29424,10.40246,10.45420,0.00667,0.99739,0.07192,0.00022,2.01117,0.47791,-0.06642,
89,35.39284,10.42457,10.45086,0.00693,0.99728,0.07341,0.00025,2.01133,0.47865,-0.06705,
89,35.48769,10.41035,10.46033,0.00689,0.99718,0.07474,0.00016,2.01214,0.45844,-0.06134,
89,35.59005,10.43502,10.45657,0.00710,0.99708,0.07598,0.00017,2.01425,0.46150,-0.06237,
89,35.69265,10.45957,10.45368,0.00729,0.99700,0.07704,0.00019,2.01618,0.46462,-0.06286,
89,35.79074,10.48220,10.45128,0.00745,0.99693,0.07794,0.00023,2.01586,0.46666,-0.06308,
89,35.88744,10.50212,10.44926,0.00757,0.99687,0.07871,0.00026,2.01500,0.46732,-0.06315,
89,35.98565,10.52418,10.44688,0.00770,0.99682,0.07934,0.00029,2.01473,0.46928,-0.06341,
89,36.08434,10.54696,10.44353,0.00781,0.99677,0.07987,0.00032,2.01461,0.47162,-0.06414,
89,36.18099,10.56775,10.44084,0.00790,0.99674,0.08030,0.00036,2.01364,0.47301,-0.06452,
89,36.24812,10.54401,10.44550,0.00769,0.99672,0.08052,0.00038,2.00033,0.44953,-0.06116,
89,36.34716,10.56473,10.44142,0.00777,0.99669,0.08086,0.00040,2.00085,0.45129,-0.06226,
89,36.44272,10.58477,10.43857,0.00784,0.99667,0.08118,0.00044,1.99947,0.45271,-0.06273,
89,36.53723,10.60451,10.43567,0.00791,0.99664,0.08150,0.00048,1.99764,0.45400,-0.06322,
89,36.63349,10.62566,10.43247,0.00797,0.99661,0.08184,0.00052,1.99660,0.45608,-0.06381,
89,36.72926,10.64643,10.42851,0.00803,0.99658,0.08221,0.00055,1.99533,0.45793,-0.06480,
89,36.82692,10.66747,10.42539,0.00809,0.99655,0.08264,0.00058,1.99507,0.46002,-0.06536,
89,36.92508,10.68906,10.42257,0.00814,0.99651,0.08312,0.00060,1.99497,0.46243,-0.06576,
89,37.02188,10.71035,10.41886,0.00819,0.99646,0.08364,0.00063,1.99426,0.46460,-0.06659,
90,37.11748,10.73113,10.41417,0.00822,0.99641,0.08420,0.00066,1.99300,0.46644,-0.06783,
90,37.21685,10.75506,10.40943,0.00828,0.99636,0.08481,0.00068,1.99319,0.46988,-0.06904,
90,37.31841,10.77810,10.40785,0.00833,0.99631,0.08547,0.00069,1.99464,0.47308,-0.06885,
90,37.42547,10.80356,10.40486,0.00839,0.99625,0.08616,0.00068,1.99825,0.47734,-0.06925,
90,37.52350,10.82630,10.39988,0.00854,0.99618,0.08691,0.00072,1.99789,0.48014,-0.07055,
90,37.63661,10.82000,10.40446,0.00867,0.99606,0.08823,0.00076,2.00359,0.46866,-0.06806,
90,37.74008,10.84936,10.39767,0.00908,0.99593,0.08962,0.00088,2.00413,0.47476,-0.06983,
90,37.83798,10.86956,10.39447,0.00953,0.99576,0.09152,0.00093,2.00365,0.47718,-0.07022,
90,37.93555,10.88885,10.39024,0.01001,0.99552,0.09401,0.00099,2.00304,0.47953,-0.07107,
90,38.03235,10.90679,10.38607,0.01052,0.99522,0.09707,0.00104,2.00220,0.48165,-0.07186,
90,38.12637,10.92300,10.38357,0.01104,0.99486,0.10069,0.00110,2.00035,0.48345,-0.07188,
90,38.17472,10.89819,10.39279,0.01128,0.99442,0.10488,0.00116,1.98202,0.46605,-0.06795,
90,38.27590,10.92543,10.38863,0.01189,0.99390,0.10964,0.00120,1.98244,0.47459,-0.06877,
90,38.38651,10.96025,10.38526,0.01252,0.99329,0.11496,0.00123,1.98583,0.48718,-0.06914,
90,38.49684,10.97045,10.39590,0.01292,0.99260,0.12077,0.00119,1.99129,0.48732,-0.06394,
90,38.59678,10.99321,10.39287,0.01347,0.99185,0.12670,0.00123,1.99095,0.49455,-0.06405,
90,38.69979,11.00643,10.40224,0.01386,0.99101,0.13305,0.00123,1.99283,0.49680,-0.05895,
90,38.80037,11.02877,10.40005,0.01438,0.99014,0.13931,0.00124,1.99307,0.50446,-0.05887,
90,38.86607,11.03773,10.40652,0.01477,0.98921,0.14574,0.00130,1.97809,0.50586,-0.05474,
90,38.97525,11.07289,10.40252,0.01534,0.98824,0.15214,0.00131,1.98096,0.52125,-0.05549,
90,39.06780,11.10072,10.40243,0.01579,0.98723,0.15854,0.00140,1.97584,0.53280,-0.05421,
91,39.16822,11.12669,10.39852,0.01625,0.98619,0.16478,0.00142,1.97544,0.54316,-0.05519,
91,39.25959,11.15258,10.39985,0.01666,0.98513,0.17099,0.00147,1.97009,0.55380,-0.05307,
91,39.35322,11.17154,10.39728,0.01703,0.98407,0.17697,0.00150,1.96656,0.55964,-0.05340,
91,39.45245,11.19689,10.39626,0.01737,0.98297,0.18291,0.00154,1.96573,0.56910,-0.05250,
91,39.54833,11.22461,10.39227,0.01777,0.98184,0.18887,0.00159,1.96219,0.58102,-0.05368,
91,39.64901,11.25239,10.39253,0.01801,0.98072,0.19458,0.00157,1.96307,0.59177,-0.05123,
91,39.74561,11.28416,10.38805,0.01832,0.97957,0.20028,0.00165,1.95912,0.60674,-0.05334,
91,39.84850,11.31763,10.38682,0.01854,0.97843,0.20573,0.00165,1.96232,0.62306,-0.05218,
91,39.94640,11.34952,10.38386,0.01872,0.97731,0.21096,0.00168,1.95976,0.63703,-0.05304,
91,40.04428,11.38342,10.38209,0.01887,0.97621,0.21598,0.00171,1.95717,0.65264,-0.05250,
91,40.14236,11.41594,10.37928,0.01899,0.97514,0.22077,0.00174,1.95490,0.66588,-0.05325,
91,40.23624,11.44717,10.37710,0.01904,0.97411,0.22528,0.00179,1.94783,0.67663,-0.05322,
91,40.33324,11.48126,10.37417,0.01913,0.97306,0.22975,0.00183,1.94462,0.69052,-0.05410,
91,40.43558,11.51712,10.37206,0.01915,0.97206,0.23396,0.00183,1.94783,0.70531,-0.05397,
91,40.53538,11.55076,10.36878,0.01918,0.97105,0.23811,0.00186,1.94764,0.71688,-0.05521,
91,40.63250,11.58473,10.36564,0.01914,0.97008,0.24203,0.00190,1.94448,0.72778,-0.05628,
91,40.72839,11.62137,10.36289,0.01917,0.96906,0.24606,0.00194,1.93999,0.74175,-0.05683,
91,40.82440,11.65579,10.35986,0.01910,0.96810,0.24984,0.00197,1.93593,0.75181,-0.05769,
91,40.91846,11.69421,10.35660,0.01912,0.96708,0.25375,0.00204,1.92956,0.76640,-0.05874,
92,41.01172,11.73399,10.35389,0.01913,0.96606,0.25761,0.00209,1.92286,0.78165,-0.05914,
92,41.10623,11.77653,10.35136,0.01911,0.96503,0.26145,0.00215,1.91762,0.79907,-0.05929,
92,41.20280,11.81697,10.34858,0.01908,0.96399,0.26525,0.00217,1.91494,0.81314,-0.05974,
92,41.29712,11.85842,10.34587,0.01905,0.96293,0.26906,0.00221,1.91003,0.82747,-0.06012,
92,41.37333,11.90632,10.34396,0.01907,0.96183,0.27296,0.00232,1.88606,0.84841,-0.05965,
92,41.46275,11.94996,10.34072,0.01901,0.96075,0.27674,0.00236,1.87745,0.86329,-0.06063,
92,41.56241,11.99286,10.33805,0.01890,0.95970,0.28039,0.00235,1.87932,0.87620,-0.06097,
92,41.63384,12.04028,10.33695,0.01884,0.95862,0.28405,0.00245,1.85295,0.89356,-0.05975,
92,41.73258,12.08468,10.33342,0.01869,0.95758,0.28755,0.00243,1.85507,0.90624,-0.06100,
92,41.82829,12.13034,10.33005,0.01854,0.95656,0.29093,0.00241,1.85405,0.91948,-0.06202,
92,41.91052,12.17735,10.32819,0.01841,0.95558,0.29415,0.00244,1.84039,0.93345,-0.06157,
92,41.99404,12.22458,10.32512,0.01828,0.95460,0.29732,0.00249,1.82864,0.94695,-0.06234,
92,42.07736,12.27236,10.32270,0.01814,0.95365,0.30035,0.00252,1.81757,0.96023,-0.06247,
92,42.14352,12.32229,10.32185,0.01804,0.95275,0.30320,0.00261,1.79091,0.97518,-0.06111,
92,42.23428,12.37129,10.31849,0.01787,0.95188,0.30593,0.00261,1.78805,0.98775,-0.06211,
92,42.32397,12.42076,10.31568,0.01771,0.95104,0.30855,0.00261,1.78436,1.00006,-0.06258,
92,42.38833,12.47439,10.31547,0.01762,0.95020,0.31114,0.00269,1.75849,1.01604,-0.06073,
92,42.48351,12.52566,10.31175,0.01744,0.94940,0.31357,0.00267,1.76067,1.02828,-0.06204,
92,42.56800,12.57697,10.30871,0.01728,0.94861,0.31596,0.00269,1.75377,1.04013,-0.06271,
92,42.64704,12.62867,10.30586,0.01712,0.94783,0.31830,0.00272,1.74296,1.05178,-0.06321,
92,42.69831,12.68279,10.30627,0.01703,0.94703,0.32068,0.00282,1.70976,1.06540,-0.06103,
93,42.78373,12.73629,10.30310,0.01687,0.94629,0.32287,0.00282,1.70564,1.07705,-0.06181,
93,42.86283,12.78965,10.30035,0.01671,0.94555,0.32503,0.00284,1.69690,1.08814,-0.06226,
93,42.95120,12.84467,10.29695,0.01653,0.94483,0.32713,0.00282,1.69558,1.09967,-0.06319,
93,43.00633,12.89786,10.29712,0.01641,0.94409,0.32927,0.00288,1.66927,1.10982,-0.06140,
93,43.08518,12.95294,10.29402,0.01622,0.94338,0.33130,0.00288,1.66189,1.12045,-0.06216,
93,43.16665,13.00896,10.29094,0.01600,0.94270,0.33324,0.00287,1.65679,1.13117,-0.06290,
93,43.24378,13.06506,10.28795,0.01578,0.94205,0.33508,0.00286,1.64891,1.14147,-0.06355,
93,43.31267,13.11899,10.28775,0.01555,0.94145,0.33679,0.00285,1.63534,1.14968,-0.06216,
93,43.39388,13.17650,10.28448,0.01531,0.94090,0.33834,0.00282,1.63126,1.15978,-0.06303,
93,43.46824,13.23356,10.28150,0.01507,0.94039,0.33976,0.00282,1.62258,1.16916,-0.06365,
93,43.53781,13.29057,10.27881,0.01485,0.93993,0.34103,0.00283,1.61109,1.17813,-0.06404,
93,43.61488,13.34909,10.27566,0.01463,0.93952,0.34217,0.00283,1.60519,1.18745,-0.06472,
93,43.68554,13.40393,10.27254,0.01440,0.93917,0.34315,0.00283,1.59500,1.19360,-0.06539,
93,43.75296,13.46624,10.26932,0.01423,0.93884,0.34405,0.00285,1.58324,1.20485,-0.06607,
93,43.83302,13.52679,10.26590,0.01403,0.93852,0.34493,0.00283,1.58044,1.21394,-0.06685,
93,43.91408,13.58780,10.26233,0.01382,0.93822,0.34575,0.00280,1.57844,1.22283,-0.06769,
93,43.99187,13.64883,10.25898,0.01363,0.93793,0.34654,0.00279,1.57449,1.23135,-0.06834,
93,44.06895,13.71031,10.25566,0.01345,0.93765,0.34731,0.00278,1.57033,1.23974,-0.06896,
93,44.14132,13.77148,10.25230,0.01328,0.93737,0.34807,0.00278,1.56358,1.24765,-0.06959,
94,44.21508,13.83324,10.24892,0.01312,0.93709,0.34883,0.00278,1.55800,1.25551,-0.07020,
94,44.29264,13.89592,10.24545,0.01296,0.93681,0.34959,0.00277,1.55479,1.26344,-0.07082,
94,44.37017,13.95907,10.24203,0.01281,0.93653,0.35035,0.00276,1.55170,1.27126,-0.07139,
94,44.42675,14.02155,10.23953,0.01267,0.93625,0.35108,0.00279,1.53667,1.27839,-0.07147,
94,44.50012,14.08510,10.23634,0.01251,0.93596,0.35187,0.00277,1.53196,1.28594,-0.07189,
94,44.57334,14.14875,10.23289,0.01218,0.93572,0.35252,0.00270,1.52735,1.29302,-0.07251,
94,44.64635,14.21300,10.22946,0.01175,0.93560,0.35286,0.00260,1.52297,1.29994,-0.07311,
94,44.72123,14.27796,10.22584,0.01127,0.93564,0.35276,0.00247,1.51998,1.30671,-0.07381,
94,44.79925,14.34394,10.22215,0.01073,0.93588,0.35215,0.00232,1.51909,1.31337,-0.07449,
94,44.87715,14.41016,10.21824,0.01017,0.93633,0.35095,0.00219,1.51839,1.31936,-0.07521,
94,44.95968,14.47739,10.21477,0.00958,0.93702,0.34915,0.00203,1.52047,1.32515,-0.07564,
94,45.04365,14.54537,10.21143,0.00899,0.93791,0.34676,0.00187,1.52352,1.33069,-0.07595,
94,45.12094,14.61234,10.20800,0.00843,0.93896,0.34393,0.00174,1.52345,1.33535,-0.07632,
94,45.20183,14.68014,10.20434,0.00787,0.94015,0.34066,0.00160,1.52538,1.33976,-0.07677,
94,45.28765,14.74901,10.20079,0.00733,0.94148,0.33700,0.00145,1.52989,1.34392,-0.07711,
94,45.36339,14.82607,10.20412,0.00679,0.94279,0.33332,0.00132,1.53028,1.35147,-0.07390,
94,45.42649,14.89147,10.20069,0.00632,0.94422,0.32924,0.00124,1.52443,1.35359,-0.07421,
94,45.49005,14.95637,10.19734,0.00586,0.94567,0.32507,0.00116,1.51926,1.35493,-0.07450,
94,45.56069,15.01488,10.20068,0.00532,0.94710,0.32088,0.00103,1.51888,1.35121,-0.07131,
94,45.64684,15.08497,10.19654,0.00488,0.94856,0.31654,0.00092,1.52513,1.35349,-0.07193,
94,45.73717,15.15002,10.19861,0.00438,0.94997,0.31232,0.00076,1.53456,1.35197,-0.06926,
95,45.81785,15.21890,10.19430,0.00400,0.95131,0.30820,0.00067,1.53830,1.35319,-0.07009,
95,45.92240,15.29067,10.19524,0.00355,0.95261,0.30417,0.00049,1.55547,1.35448,-0.06787,
95,46.00925,15.35997,10.19107,0.00319,0.95387,0.30021,0.00039,1.56274,1.35452,-0.06862,
95,46.12025,15.43147,10.19305,0.00280,0.95507,0.29637,0.00021,1.58397,1.35489,-0.06568,
95,46.19426,15.49740,10.18952,0.00249,0.95618,0.29278,0.00017,1.58382,1.35327,-0.06621,
95,46.27610,15.56539,10.18597,0.00219,0.95726,0.28921,0.00011,1.58817,1.35198,-0.06666,
95,46.39775,15.64453,10.18727,0.00187,0.95831,0.28572,-0.00007,1.61523,1.35541,-0.06407,
95,46.47304,15.71016,10.18358,0.00161,0.95932,0.28233,-0.00008,1.61540,1.35245,-0.06473,
95,46.55568,15.77751,10.18026,0.00137,0.96030,0.27898,-0.00011,1.61973,1.35007,-0.06510,
95,46.65877,15.83800,10.18281,0.00105,0.96133,0.27540,-0.00025,1.63765,1.34213,-0.06169,
95,46.73678,15.90388,10.17849,0.00087,0.96226,0.27213,-0.00023,1.63854,1.33915,-0.06280,
95,46.82005,15.97011,10.17538,0.00067,0.96320,0.26879,-0.00024,1.64289,1.33587,-0.06313,
95,46.93414,16.03637,10.17564,0.00039,0.96420,0.26518,-0.00041,1.66979,1.33068,-0.06093,
95,47.01448,16.10270,10.17198,0.00025,0.96511,0.26184,-0.00039,1.67114,1.32762,-0.06175,
95,47.09762,16.16906,10.16881,0.00009,0.96604,0.25840,-0.00038,1.67452,1.32425,-0.06217,
95,47.19918,16.23210,10.16716,-0.00011,0.96701,0.25472,-0.00049,1.69547,1.31693,-0.06114,
95,47.28196,16.29724,10.16339,-0.00021,0.96792,0.25125,-0.00044,1.69721,1.31274,-0.06216,
95,47.36679,16.36131,10.16034,-0.00034,0.96884,0.24770,-0.00042,1.70099,1.30741,-0.06249,
95,47.46553,16.41598,10.15751,-0.00055,0.96981,0.24385,-0.00050,1.71823,1.29247,-0.06259,
96,47.55014,16.48019,10.15408,-0.00063,0.97069,0.24035,-0.00044,1.72061,1.28800,-0.06326,
96,47.63610,16.54324,10.15110,-0.00071,0.97156,0.23679,-0.00040,1.72434,1.28244,-0.06351,
96,47.73420,16.59032,10.14842,-0.00094,0.97249,0.23294,-0.00048,1.73974,1.26147,-0.06347,
96,47.81973,16.65458,10.14541,-0.00099,0.97332,0.22944,-0.00042,1.74204,1.25798,-0.06375,
96,47.90647,16.71624,10.14229,-0.00105,0.97415,0.22591,-0.00037,1.74539,1.25212,-0.06411,
96,48.00109,16.75383,10.14043,-0.00128,0.97502,0.22209,-0.00044,1.75676,1.22444,-0.06342,
96,48.08824,16.81620,10.13694,-0.00130,0.97580,0.21867,-0.00038,1.75966,1.22050,-0.06413,
96,48.17601,16.87646,10.13378,-0.00133,0.97656,0.21523,-0.00033,1.76300,1.21472,-0.06453,
96,48.26902,16.91248,10.13328,-0.00151,0.97737,0.21155,-0.00039,1.77191,1.18801,-0.06278,
96,48.35699,16.97244,10.13030,-0.00124,0.97806,0.20834,-0.00028,1.77486,1.18323,-0.06331,
96,48.44417,17.02831,10.12731,-0.00068,0.97861,0.20571,-0.00009,1.77695,1.17557,-0.06404,
96,48.53326,17.06876,10.12814,0.00004,0.97901,0.20380,0.00007,1.78096,1.15557,-0.06172,
96,48.62132,17.12586,10.12449,0.00099,0.97906,0.20358,0.00036,1.78260,1.15131,-0.06312,
96,48.70947,17.18194,10.12104,0.00201,0.97884,0.20459,0.00066,1.78388,1.14725,-0.06426,
96,48.79618,17.23530,10.11751,0.00306,0.97834,0.20696,0.00097,1.78367,1.14215,-0.06536,
96,48.88182,17.28691,10.11368,0.00413,0.97759,0.21045,0.00128,1.78236,1.13693,-0.06658,
96,48.96835,17.33967,10.10980,0.00520,0.97656,0.21517,0.00158,1.78118,1.13385,-0.06768,
96,49.05702,17.39527,10.10621,0.00629,0.97526,0.22098,0.00187,1.78096,1.13403,-0.06843,
96,49.14683,17.45222,10.10272,0.00736,0.97370,0.22770,0.00215,1.78100,1.13613,-0.06896,
96,49.21313,17.44865,10.10328,0.00813,0.97202,0.23475,0.00234,1.76677,1.09523,-0.06679,
96,49.29287,17.49470,10.09949,0.00909,0.97011,0.24247,0.00257,1.76013,1.09245,-0.06753,
97,49.36442,17.50661,10.09922,0.00983,0.96811,0.25033,0.00274,1.74838,1.06490,-0.06576,
97,49.45112,17.56073,10.09580,0.01076,0.96596,0.25846,0.00294,1.74578,1.07057,-0.06613,
97,49.50727,17.55983,10.09490,0.01137,0.96382,0.26628,0.00312,1.72225,1.03461,-0.06476,
97,49.59573,17.61608,10.09146,0.01222,0.96159,0.27421,0.00330,1.72075,1.04434,-0.06511,
97,49.65998,17.62872,10.09029,0.01276,0.95944,0.28161,0.00347,1.70239,1.01947,-0.06375,
97,49.72501,17.64818,10.08921,0.01327,0.95731,0.28874,0.00365,1.68372,0.99953,-0.06222,
97,49.81149,17.70182,10.08569,0.01397,0.95517,0.29570,0.00377,1.68146,1.01038,-0.06273,
97,49.87605,17.72401,10.08560,0.01441,0.95317,0.30208,0.00393,1.66194,0.99338,-0.06016,
97,49.95773,17.77286,10.08184,0.01501,0.95117,0.30828,0.00406,1.65614,1.00136,-0.06112,
97,50.00961,17.78184,10.08181,0.01530,0.94935,0.31382,0.00427,1.62549,0.97265,-0.05865,
97,50.09431,17.83609,10.07860,0.01577,0.94755,0.31919,0.00436,1.62298,0.98692,-0.05913,
97,50.15652,17.85847,10.07793,0.01593,0.94594,0.32391,0.00451,1.60112,0.97056,-0.05734,
97,50.24398,17.91858,10.07473,0.01624,0.94438,0.32841,0.00456,1.60154,0.99090,-0.05799,
97,50.31239,17.95330,10.07305,0.01629,0.94302,0.33231,0.00470,1.58172,0.98203,-0.05692,
97,50.39403,18.00728,10.06994,0.01646,0.94172,0.33597,0.00474,1.57859,0.99773,-0.05768,
97,50.46962,18.05422,10.06762,0.01648,0.94059,0.33911,0.00484,1.56841,1.00373,-0.05745,
97,50.54791,18.10480,10.06481,0.01656,0.93950,0.34212,0.00488,1.56211,1.01421,-0.05786,
97,50.62662,18.15801,10.06189,0.01663,0.93847,0.34492,0.00493,1.55637,1.02707,-0.05837,
97,50.69238,18.19859,10.06004,0.01656,0.93755,0.34742,0.00505,1.53615,1.02420,-0.05768,
98,50.76835,18.24892,10.05688,0.01659,0.93658,0.35002,0.00511,1.52876,1.03320,-0.05849,
98,50.84335,18.29883,10.05416,0.01660,0.93562,0.35259,0.00516,1.52077,1.04121,-0.05879,
98,50.93616,18.37806,10.05073,0.01675,0.93458,0.35532,0.00514,1.53192,1.08155,-0.05974,
98,51.01264,18.43377,10.04729,0.01678,0.93354,0.35803,0.00521,1.52506,1.09332,-0.06072,
98,51.08831,18.48976,10.04431,0.01681,0.93245,0.36086,0.00526,1.51765,1.10477,-0.06116,
98,51.16384,18.54613,10.04127,0.01684,0.93130,0.36382,0.00531,1.51041,1.11598,-0.06164,
98,51.22682,18.60354,10.03986,0.01686,0.93012,0.36683,0.00541,1.49131,1.12774,-0.06055,
98,51.30085,18.65883,10.03602,0.01691,0.92882,0.37009,0.00548,1.48364,1.13677,-0.06181,
98,51.37463,18.71531,10.03294,0.01695,0.92746,0.37351,0.00553,1.47616,1.14650,-0.06229,
98,51.45156,18.79618,10.03040,0.01714,0.92596,0.37720,0.00556,1.47100,1.17910,-0.06218,
98,51.52103,18.85635,10.02685,0.01724,0.92439,0.38102,0.00564,1.45978,1.19078,-0.06307,
98,51.58125,18.92682,10.02392,0.01737,0.92265,0.38521,0.00572,1.43980,1.21206,-0.06334,
98,51.65419,18.98918,10.01859,0.01723,0.92107,0.38897,0.00571,1.43292,1.22356,-0.06592,
98,51.69261,19.05536,10.01409,0.01716,0.91941,0.39287,0.00585,1.39341,1.23955,-0.06774,
98,51.76193,19.11729,10.01080,0.01689,0.91804,0.39610,0.00574,1.38549,1.24958,-0.06844,
98,51.79536,19.17703,10.00708,0.01667,0.91671,0.39915,0.00584,1.34395,1.25794,-0.06953,
98,51.86935,19.24041,10.00465,0.01630,0.91571,0.40146,0.00567,1.34288,1.26770,-0.06941,
98,51.93756,19.30406,10.00158,0.01593,0.91492,0.40329,0.00555,1.33662,1.27722,-0.06986,
98,51.98650,19.36504,9.99889,0.01557,0.91428,0.40475,0.00552,1.31352,1.28409,-0.06993,
98,52.05202,19.42937,9.99565,0.01517,0.91393,0.40556,0.00540,1.30663,1.29294,-0.07050,
98,52.11742,19.49405,9.99224,0.01477,0.91378,0.40591,0.00529,1.30014,1.30137,-0.07116,
99,52.18145,19.55919,9.98914,0.01437,0.91382,0.40583,0.00519,1.29305,1.30956,-0.07152,
99,52.24580,19.62488,9.98598,0.01397,0.91402,0.40541,0.00509,1.28679,1.31753,-0.07189,
99,52.31228,19.69154,9.98249,0.01357,0.91434,0.40470,0.00498,1.28266,1.32553,-0.07249,
99,52.37575,19.75778,9.97909,0.01319,0.91472,0.40383,0.00489,1.27664,1.33274,-0.07300,
99,52.43746,19.82414,9.97577,0.01283,0.91515,0.40287,0.00480,1.26979,1.33955,-0.07342,
99,52.49953,19.89095,9.97236,0.01248,0.91560,0.40186,0.00472,1.26372,1.34613,-0.07387,
99,52.56341,19.95858,9.96888,0.01215,0.91604,0.40087,0.00464,1.25932,1.35269,-0.07433,
99,52.62744,20.02641,9.96535,0.01185,0.91645,0.39995,0.00458,1.25531,1.35888,-0.07480,
99,52.68833,20.09405,9.96191,0.01158,0.91679,0.39917,0.00453,1.24955,1.36464,-0.07518,
99,52.75270,20.16323,9.95801,0.01133,0.91707,0.39854,0.00448,1.24628,1.37089,-0.07584,
99,52.81817,20.23287,9.95430,0.01110,0.91727,0.39809,0.00443,1.24389,1.37695,-0.07634,
99,52.88115,20.30232,9.95112,0.01088,0.91739,0.39781,0.00439,1.24019,1.38257,-0.07650,
99,52.94299,20.37172,9.94783,0.01068,0.91745,0.39768,0.00435,1.23599,1.38783,-0.07672,
99,53.00486,20.44149,9.94446,0.01049,0.91745,0.39769,0.00432,1.23204,1.39297,-0.07699,
99,53.06900,20.51218,9.94109,0.01031,0.91739,0.39782,0.00429,1.22955,1.39827,-0.07724,
99,53.13121,20.58288,9.93814,0.01015,0.91730,0.39804,0.00426,1.22617,1.40337,-0.07724,
99,53.18958,20.65329,9.93498,0.01000,0.91718,0.39832,0.00424,1.22092,1.40812,-0.07737,
99,53.24857,20.72420,9.93173,0.00986,0.91705,0.39863,0.00422,1.21621,1.41286,-0.07753,
99,53.30945,20.79624,9.92832,0.00972,0.91692,0.39894,0.00420,1.21270,1.41791,-0.07777,
100,53.36468,20.86998,9.92596,0.00962,0.91679,0.39923,0.00419,1.20643,1.42385,-0.07751,
100,53.41588,20.94365,9.92478,0.00953,0.91669,0.39947,0.00419,1.19855,1.42967,-0.07667,
100,53.47992,21.01344,9.92051,0.00939,0.91659,0.39969,0.00418,1.19696,1.43255,-0.07732,
100,53.54128,21.08574,9.91771,0.00928,0.91653,0.39983,0.00417,1.19433,1.43682,-0.07726,
100,53.60227,21.15852,9.91497,0.00918,0.91650,0.39991,0.00416,1.19165,1.44118,-0.07716,
100,53.66256,21.23137,9.91160,0.00909,0.91649,0.39992,0.00415,1.18878,1.44534,-0.07736,
100,53.72154,21.30357,9.90819,0.00899,0.91652,0.39988,0.00414,1.18535,1.44901,-0.07761,
100,53.78154,21.37666,9.90526,0.00877,0.91659,0.39972,0.00408,1.18255,1.45294,-0.07763,
100,53.83711,21.45503,9.91688,0.00845,0.91676,0.39934,0.00393,1.17847,1.45974,-0.07099,
100,53.89677,21.52669,9.91139,0.00794,0.91722,0.39830,0.00376,1.17659,1.46202,-0.07231,
100,53.95642,21.60029,9.90839,0.00737,0.91795,0.39662,0.00357,1.17484,1.46491,-0.07243,
100,54.01415,21.67396,9.90544,0.00676,0.91895,0.39430,0.00337,1.17260,1.46751,-0.07250,
100,54.05674,21.74265,9.90211,0.00615,0.92024,0.39130,0.00321,1.16381,1.46806,-0.07272,
100,54.12008,21.81849,9.89944,0.00547,0.92184,0.38752,0.00299,1.16503,1.47030,-0.07258,
100,54.21881,21.90678,9.90844,0.00474,0.92373,0.38301,0.00262,1.18379,1.47669,-0.06725,
100,54.28688,21.98196,9.90357,0.00404,0.92587,0.37782,0.00238,1.18801,1.47718,-0.06809,
100,54.39086,22.08110,9.91314,0.00335,0.92811,0.37230,0.00198,1.20994,1.48818,-0.06239,
100,54.43115,22.14513,9.90678,0.00265,0.93052,0.36621,0.00187,1.20132,1.48290,-0.06393,
100,54.53028,22.23471,9.91379,0.00191,0.93301,0.35984,0.00150,1.22228,1.48752,-0.05934,
100,54.59771,22.30998,9.91069,0.00120,0.93565,0.35292,0.00129,1.22741,1.48511,-0.05943,
100,54.69136,22.38528,9.92216,0.00045,0.93830,0.34581,0.00092,1.24734,1.48206,-0.05284,
101,54.74323,22.45646,9.91804,-0.00022,0.94095,0.33856,0.00078,1.24514,1.47734,-0.05348,
101,54.84691,22.53408,9.92782,-0.00097,0.94361,0.33107,0.00039,1.27053,1.47384,-0.04778,
101,54.90314,22.60394,9.92422,-0.00163,0.94615,0.32373,0.00024,1.27060,1.46768,-0.04819,
101,55.00721,22.68495,9.93644,-0.00233,0.94873,0.31609,-0.00013,1.29611,1.46497,-0.04135,
101,55.12541,22.77855,9.94687,-0.00300,0.95124,0.30844,-0.00051,1.32827,1.46747,-0.03531,
101,55.19062,22.84999,9.94388,-0.00364,0.95362,0.30098,-0.00066,1.33244,1.46027,-0.03576,
101,55.27889,22.93171,9.94453,-0.00428,0.95604,0.29320,-0.00093,1.35967,1.46173,-0.03307,
101,55.34602,23.00313,9.94142,-0.00490,0.95832,0.28565,-0.00101,1.36384,1.45259,-0.03419,
101,55.43190,23.08071,9.93993,-0.00548,0.96064,0.27773,-0.00122,1.39115,1.45034,-0.03369,
101,55.51716,23.15704,9.93897,-0.00601,0.96290,0.26979,-0.00139,1.41732,1.44651,-0.03260,
101,55.58738,23.22849,9.93758,-0.00647,0.96505,0.26200,-0.00146,1.42248,1.43633,-0.03217,
101,55.67175,23.30226,9.93542,-0.00688,0.96714,0.25413,-0.00155,1.44554,1.42917,-0.03285,
101,55.75535,23.37350,9.93393,-0.00728,0.96915,0.24634,-0.00164,1.46726,1.41868,-0.03264,
101,55.82861,23.44367,9.93259,-0.00763,0.97103,0.23882,-0.00165,1.47324,1.40728,-0.03224,
101,55.91107,23.51260,9.93174,-0.00797,0.97284,0.23133,-0.00171,1.49163,1.39431,-0.03126,
101,55.98578,23.58064,9.93047,-0.00824,0.97452,0.22413,-0.00171,1.49793,1.38105,-0.03094,
101,56.06391,23.64839,9.92927,-0.00851,0.97611,0.21709,-0.00169,1.50852,1.36759,-0.03056,
101,56.13828,23.71168,9.92848,-0.00876,0.97763,0.21015,-0.00167,1.51334,1.34917,-0.02974,
101,56.21214,23.77750,9.92622,-0.00898,0.97906,0.20339,-0.00159,1.51682,1.33479,-0.03087,
102,56.28650,23.84728,9.92405,-0.00915,0.98041,0.19673,-0.00149,1.52043,1.32627,-0.03176,
102,56.36122,23.89714,9.92366,-0.00943,0.98173,0.19003,-0.00145,1.52486,1.29216,-0.03040,
102,56.43719,23.96078,9.92227,-0.00960,0.98298,0.18347,-0.00136,1.52992,1.27810,-0.03043,
102,56.51416,24.00866,9.92115,-0.00988,0.98420,0.17679,-0.00130,1.53626,1.24386,-0.03017,
102,56.59037,24.07106,9.91941,-0.01000,0.98534,0.17033,-0.00118,1.54049,1.23076,-0.03067,
102,56.66586,24.11109,9.91836,-0.01027,0.98646,0.16370,-0.00112,1.54425,1.19040,-0.03038,
102,56.74249,24.17001,9.91707,-0.01015,0.98750,0.15732,-0.00097,1.54827,1.17590,-0.03072,
102,56.81448,24.19918,9.91639,-0.00982,0.98846,0.15118,-0.00083,1.54707,1.12573,-0.03088,
102,56.89289,24.25984,9.91405,-0.00898,0.98921,0.14626,-0.00053,1.55195,1.11759,-0.03329,
102,56.96640,24.29185,9.91179,-0.00807,0.98975,0.14258,-0.00025,1.55143,1.07733,-0.03570,
102,57.04463,24.34788,9.91011,-0.00691,0.99006,0.14046,0.00010,1.55516,1.06815,-0.03723,
102,57.12196,24.40016,9.90819,-0.00568,0.99015,0.13992,0.00048,1.55722,1.05645,-0.03889,
102,57.19361,24.43103,9.90469,-0.00450,0.99003,0.14079,0.00086,1.55283,1.02290,-0.04219,
102,57.27056,24.48075,9.90325,-0.00320,0.98967,0.14330,0.00124,1.55369,1.01312,-0.04286,
102,57.35027,24.53429,9.90161,-0.00188,0.98909,0.14727,0.00163,1.55658,1.00897,-0.04356,
102,57.43150,24.59034,9.89970,-0.00056,0.98830,0.15248,0.00201,1.56009,1.00851,-0.04437,
102,57.51623,24.64077,9.89716,0.00075,0.98733,0.15867,0.00233,1.56677,1.00423,-0.04556,
102,57.60316,24.70420,9.89524,0.00202,0.98617,0.16568,0.00266,1.57410,1.01347,-0.04595,
102,57.70426,24.79213,9.89110,0.00339,0.98489,0.17311,0.00296,1.59430,1.04868,-0.04835,
102,57.78235,24.84264,9.88873,0.00450,0.98354,0.18063,0.00324,1.59139,1.04563,-0.04892,
102,57.84660,24.86445,9.88762,0.00544,0.98212,0.18814,0.00350,1.57516,1.01505,-0.04810,
103,57.90880,24.89161,9.88546,0.00635,0.98069,0.19542,0.00373,1.55790,0.99290,-0.04838,
103,57.96580,24.90171,9.88456,0.00714,0.97927,0.20238,0.00397,1.53562,0.95477,-0.04724,
103,58.04888,24.95915,9.88190,0.00808,0.97786,0.20905,0.00414,1.53851,0.96621,-0.04785,
103,58.13872,25.02309,9.87842,0.00894,0.97648,0.21539,0.00430,1.54780,0.98416,-0.04924,
103,58.21205,25.06864,9.87661,0.00969,0.97519,0.22110,0.00445,1.54071,0.98407,-0.04892,
103,58.26808,25.08932,9.87619,0.01029,0.97397,0.22641,0.00468,1.51658,0.95948,-0.04714,
103,58.34726,25.14234,9.87379,0.01099,0.97281,0.23129,0.00481,1.51555,0.96916,-0.04742,
103,58.40218,25.16059,9.87351,0.01145,0.97176,0.23562,0.00502,1.49095,0.94410,-0.04556,
103,58.47929,25.21218,9.87087,0.01190,0.97080,0.23956,0.00511,1.48860,0.95402,-0.04620,
103,58.54918,25.25140,9.86987,0.01219,0.96997,0.24288,0.00521,1.47922,0.95100,-0.04512,
103,58.62302,25.29978,9.86732,0.01243,0.96924,0.24575,0.00529,1.47398,0.95801,-0.04576,
103,58.70050,25.35378,9.86513,0.01264,0.96864,0.24810,0.00535,1.47226,0.97044,-0.04603,
103,58.77180,25.39867,9.86401,0.01278,0.96817,0.24992,0.00545,1.46435,0.97309,-0.04508,
103,58.84212,25.44312,9.86174,0.01284,0.96778,0.25142,0.00551,1.45610,0.97511,-0.04552,
103,58.91420,25.49101,9.85947,0.01291,0.96745,0.25267,0.00558,1.44995,0.98087,-0.04592,
103,58.98660,25.54010,9.85722,0.01296,0.96717,0.25372,0.00563,1.44431,0.98760,-0.04631,
103,59.05832,25.58874,9.85487,0.01300,0.96693,0.25466,0.00569,1.43827,0.99361,-0.04677,
103,59.10963,25.61046,9.85309,0.01293,0.96674,0.25538,0.00581,1.41344,0.97348,-0.04669,
103,59.17281,25.64974,9.84945,0.01291,0.96649,0.25632,0.00591,1.40084,0.97129,-0.04837,
104,59.24139,25.69589,9.84678,0.01293,0.96622,0.25734,0.00596,1.39374,0.97564,-0.04905,
104,59.30986,25.74254,9.84432,0.01295,0.96590,0.25851,0.00602,1.38682,0.98035,-0.04950,
104,59.37864,25.79083,9.84196,0.01298,0.96554,0.25986,0.00606,1.38037,0.98633,-0.04986,
104,59.44756,25.84041,9.83958,0.01302,0.96512,0.26142,0.00611,1.37424,0.99321,-0.05020,
104,59.51606,25.89064,9.83711,0.01308,0.96463,0.26320,0.00615,1.36795,1.00037,-0.05062,
104,59.56913,25.91011,9.83648,0.01302,0.96411,0.26511,0.00625,1.35019,0.98250,-0.04950,
104,59.63757,25.96516,9.83386,0.01311,0.96350,0.26731,0.00628,1.34453,0.99390,-0.05004,
104,59.70529,26.01737,9.83176,0.01321,0.96283,0.26970,0.00632,1.33843,1.00264,-0.05014,
104,59.77144,26.06558,9.82974,0.01328,0.96212,0.27222,0.00636,1.33150,1.00799,-0.05019,
104,59.84369,26.11003,9.83000,0.01331,0.96135,0.27495,0.00640,1.32921,1.01027,-0.04851,
104,59.91031,26.16170,9.82637,0.01327,0.96063,0.27746,0.00642,1.32283,1.01742,-0.04981,
104,59.97654,26.21403,9.82416,0.01325,0.95989,0.27999,0.00642,1.31633,1.02525,-0.05007,
104,60.04327,26.26534,9.82200,0.01321,0.95919,0.28239,0.00641,1.31048,1.03191,-0.05029,
104,60.09526,26.27973,9.82142,0.01303,0.95852,0.28465,0.00649,1.29535,1.01168,-0.04939,
104,60.15988,26.33419,9.81824,0.01300,0.95791,0.28671,0.00647,1.28872,1.02092,-0.05035,
104,60.22458,26.38632,9.81640,0.01295,0.95733,0.28862,0.00647,1.28234,1.02814,-0.05034,
104,60.29007,26.43649,9.81401,0.01288,0.95682,0.29033,0.00646,1.27688,1.03351,-0.05073,
104,60.36558,26.47333,9.81487,0.01275,0.95630,0.29203,0.00646,1.27857,1.02895,-0.04881,
104,60.42625,26.52774,9.81159,0.01270,0.95587,0.29344,0.00647,1.26985,1.03722,-0.04978,
104,60.49148,26.57900,9.80930,0.01264,0.95547,0.29473,0.00646,1.26464,1.04281,-0.05011,
104,60.55723,26.63018,9.80683,0.01257,0.95510,0.29594,0.00645,1.25993,1.04805,-0.05055,
105,60.62327,26.68217,9.80437,0.01250,0.95475,0.29707,0.00643,1.25555,1.05357,-0.05096,
105,60.68728,26.73600,9.80195,0.01245,0.95441,0.29818,0.00642,1.24998,1.06022,-0.05132,
105,60.76857,26.77082,9.80240,0.01228,0.95401,0.29945,0.00641,1.25551,1.05371,-0.04986,
105,60.82889,26.82464,9.79955,0.01221,0.95369,0.30049,0.00641,1.24781,1.06029,-0.05055,
105,60.89273,26.87908,9.79710,0.01211,0.95337,0.30149,0.00639,1.24240,1.06680,-0.05097,
105,60.95740,26.93322,9.79458,0.01198,0.95307,0.30244,0.00637,1.23773,1.07277,-0.05142,
105,61.02197,26.98753,9.79202,0.01185,0.95280,0.30331,0.00635,1.23322,1.07851,-0.05189,
105,61.08655,27.04188,9.78944,0.01170,0.95254,0.30411,0.00633,1.22883,1.08395,-0.05236,
105,61.15028,27.09738,9.78655,0.01156,0.95232,0.30483,0.00631,1.22405,1.08978,-0.05298,
105,61.23960,27.13189,9.78856,0.01132,0.95205,0.30568,0.00627,1.23410,1.08282,-0.05081,
105,61.29515,27.18548,9.78632,0.01119,0.95187,0.30623,0.00628,1.22498,1.08768,-0.05113,
105,61.35877,27.24072,9.78410,0.01105,0.95171,0.30673,0.00626,1.22044,1.09284,-0.05140,
105,61.42292,27.29619,9.78178,0.01092,0.95157,0.30717,0.00625,1.21634,1.09778,-0.05171,
105,61.48726,27.35198,9.77891,0.01078,0.95145,0.30756,0.00623,1.21246,1.10256,-0.05233,
105,61.55156,27.40873,9.77647,0.01066,0.95133,0.30791,0.00622,1.20868,1.10768,-0.05268,
105,61.61467,27.46583,9.77366,0.01053,0.95123,0.30824,0.00620,1.20444,1.11273,-0.05323,
105,61.67715,27.52326,9.77007,0.01041,0.95113,0.30855,0.00619,1.20004,1.11767,-0.05416,
105,61.73927,27.58147,9.76703,0.01030,0.95104,0.30884,0.00618,1.19553,1.12281,-0.05477,
105,61.80155,27.63983,9.76399,0.01020,0.95094,0.30913,0.00617,1.19117,1.12774,-0.05537,
106,61.86527,27.69931,9.76126,0.01010,0.95085,0.30943,0.00616,1.18767,1.13300,-0.05576,
106,61.92875,27.75922,9.75886,0.01000,0.95075,0.30973,0.00616,1.18411,1.13819,-0.05598,
106,61.99175,27.81899,9.75520,0.00990,0.95066,0.31002,0.00617,1.18024,1.14278,-0.05674,
106,62.05570,27.87770,9.75177,0.00982,0.95056,0.31033,0.00616,1.17701,1.14686,-0.05745,
106,62.11789,27.93633,9.74910,0.00977,0.95045,0.31067,0.00617,1.17307,1.15091,-0.05778,
106,62.23170,27.96060,9.74993,0.00956,0.95025,0.31127,0.00612,1.19315,1.13757,-0.05655,
106,62.27720,28.01296,9.74708,0.00954,0.95012,0.31168,0.00616,1.18195,1.13934,-0.05705,
106,62.33922,28.07209,9.74379,0.00952,0.94996,0.31218,0.00617,1.17788,1.14345,-0.05768,
106,62.40173,28.13199,9.74061,0.00951,0.94977,0.31274,0.00618,1.17412,1.14777,-0.05823,
106,62.46570,28.19186,9.73830,0.00950,0.94956,0.31338,0.00620,1.17106,1.15193,-0.05837,
106,62.52970,28.25151,9.73566,0.00950,0.94933,0.31406,0.00621,1.16797,1.15586,-0.05865,
106,62.59279,28.31165,9.73264,0.00950,0.94909,0.31479,0.00622,1.16463,1.15993,-0.05909,
106,62.65499,28.37308,9.72852,0.00950,0.94884,0.31556,0.00623,1.16094,1.16445,-0.05999,
106,62.72009,28.43441,9.72525,0.00951,0.94858,0.31635,0.00624,1.15837,1.16868,-0.06052,
106,62.78828,28.49503,9.72216,0.00950,0.94831,0.31714,0.00624,1.15714,1.17228,-0.06098,
106,62.85339,28.55639,9.71893,0.00951,0.94804,0.31795,0.00625,1.15461,1.17633,-0.06146,
106,62.91771,28.61846,9.71630,0.00952,0.94777,0.31876,0.00626,1.15180,1.18069,-0.06170,
106,63.08921,28.66882,9.72055,0.00936,0.94742,0.31980,0.00613,1.19252,1.17658,-0.05898,
106,63.13442,28.72319,9.71750,0.00936,0.94717,0.32055,0.00616,1.18204,1.17849,-0.05952,
106,63.19567,28.78437,9.71504,0.00938,0.94691,0.32131,0.00618,1.17772,1.18274,-0.05969,
106,63.25885,28.84639,9.71229,0.00939,0.94666,0.32205,0.00619,1.17423,1.18709,-0.05999,
107,63.32412,28.90861,9.71050,0.00940,0.94642,0.32275,0.00619,1.17159,1.19136,-0.05990,
107,63.38992,28.97142,9.70893,0.00941,0.94619,0.32342,0.00620,1.16918,1.19575,-0.05973,
107,63.45352,29.03544,9.70659,0.00943,0.94596,0.32408,0.00620,1.16595,1.20071,-0.05986,
107,63.51845,29.10034,9.70381,0.00944,0.94574,0.32472,0.00620,1.16330,1.20584,-0.06018,
107,63.58545,29.16551,9.70218,0.00945,0.94553,0.32533,0.00619,1.16145,1.21086,-0.06003,
107,63.76236,29.22879,9.70628,0.00930,0.94524,0.32620,0.00603,1.20301,1.21187,-0.05749,
107,63.80577,29.28234,9.70447,0.00930,0.94505,0.32675,0.00606,1.19194,1.21277,-0.05756,
107,63.87087,29.34570,9.70280,0.00931,0.94485,0.32732,0.00606,1.18914,1.21712,-0.05746,
107,63.93700,29.40992,9.70077,0.00931,0.94466,0.32787,0.00606,1.18676,1.22154,-0.05752,
107,64.00311,29.47380,9.69910,0.00932,0.94447,0.32842,0.00606,1.18439,1.22570,-0.05744,
107,64.06938,29.53766,9.69769,0.00932,0.94428,0.32897,0.00606,1.18207,1.22976,-0.05727,
107,64.13656,29.60210,9.69622,0.00932,0.94409,0.32950,0.00606,1.18013,1.23380,-0.05713,
107,64.20284,29.66774,9.69537,0.00932,0.94390,0.33004,0.00605,1.17784,1.23846,-0.05674,
107,64.26976,29.73356,9.69437,0.00933,0.94372,0.33057,0.00605,1.17578,1.24306,-0.05640,
107,64.33731,29.79931,9.69192,0.00932,0.94353,0.33110,0.00605,1.17396,1.24728,-0.05663,
107,64.40312,29.86595,9.68903,0.00932,0.94335,0.33162,0.00604,1.17151,1.25186,-0.05704,
107,64.56445,29.90248,9.69737,0.00914,0.94312,0.33227,0.00587,1.20599,1.24351,-0.05331,
107,64.60896,29.95598,9.69097,0.00910,0.94294,0.33278,0.00591,1.19559,1.24327,-0.05511,
107,64.67375,30.02133,9.68660,0.00909,0.94276,0.33328,0.00591,1.19261,1.24726,-0.05614,
108,64.74008,30.08763,9.68395,0.00908,0.94258,0.33380,0.00591,1.19013,1.25164,-0.05643,
108,64.80559,30.15336,9.68283,0.00908,0.94241,0.33429,0.00591,1.18745,1.25580,-0.05615,
108,64.87204,30.22003,9.68080,0.00908,0.94224,0.33477,0.00591,1.18513,1.26007,-0.05623,
108,64.94012,30.28834,9.67740,0.00907,0.94207,0.33525,0.00591,1.18327,1.26473,-0.05677,
108,65.00284,30.35673,9.67461,0.00907,0.94191,0.33570,0.00591,1.17962,1.26951,-0.05708,
108,65.06379,30.42510,9.67266,0.00907,0.94175,0.33615,0.00591,1.17549,1.27438,-0.05710,
108,65.13077,30.49190,9.67006,0.00905,0.94159,0.33658,0.00591,1.17343,1.27806,-0.05737,
108,65.19632,30.55701,9.66611,0.00903,0.94145,0.33698,0.00591,1.17089,1.28073,-0.05815,
108,65.26103,30.62309,9.66223,0.00900,0.94130,0.33739,0.00591,1.16810,1.28380,-0.05889,
108,65.32553,30.69196,9.65888,0.00892,0.94117,0.33776,0.00589,1.16524,1.28814,-0.05942,
108,65.53263,30.74020,9.66080,0.00851,0.94102,0.33819,0.00565,1.21112,1.28012,-0.05813,
108,65.58086,30.79739,9.65969,0.00828,0.94106,0.33811,0.00560,1.20331,1.28058,-0.05805,
108,65.64596,30.86256,9.65676,0.00803,0.94117,0.33779,0.00553,1.20078,1.28296,-0.05847,
108,65.71664,30.93003,9.65434,0.00775,0.94141,0.33713,0.00545,1.20035,1.28556,-0.05866,
108,65.78809,30.99909,9.65223,0.00746,0.94177,0.33613,0.00536,1.20032,1.28844,-0.05870,
108,65.85649,31.06697,9.65051,0.00718,0.94225,0.33480,0.00528,1.19947,1.29085,-0.05862,
108,65.92748,31.13648,9.64864,0.00690,0.94282,0.33320,0.00520,1.19951,1.29353,-0.05858,
108,65.99851,31.20669,9.64588,0.00663,0.94346,0.33137,0.00513,1.19956,1.29608,-0.05884,
108,66.06773,31.27655,9.64299,0.00636,0.94417,0.32935,0.00506,1.19923,1.29835,-0.05915,
108,66.13598,31.34519,9.64050,0.00611,0.94492,0.32720,0.00499,1.19874,1.29996,-0.05932,
108,66.20943,31.41541,9.63917,0.00586,0.94571,0.32494,0.00492,1.20015,1.30160,-0.05908,
109,66.44012,31.45036,9.65128,0.00530,0.94639,0.32296,0.00462,1.25415,1.28548,-0.05431,
109,66.49237,31.50972,9.64916,0.00509,0.94719,0.32061,0.00458,1.24900,1.28433,-0.05457,
109,66.56195,31.57640,9.64763,0.00488,0.94795,0.31835,0.00454,1.24912,1.28464,-0.05445,
109,66.63346,31.64418,9.64564,0.00469,0.94869,0.31615,0.00449,1.24988,1.28493,-0.05449,
109,66.83108,31.67462,9.66198,0.00421,0.94932,0.31426,0.00418,1.29636,1.26856,-0.04844,
109,66.87660,31.73242,9.65983,0.00408,0.94999,0.31224,0.00418,1.28860,1.26685,-0.04864,
109,66.94063,31.79753,9.65864,0.00395,0.95061,0.31035,0.00416,1.28679,1.26678,-0.04837,
109,67.00662,31.86151,9.65684,0.00382,0.95119,0.30856,0.00414,1.28569,1.26602,-0.04837,
109,67.07578,31.92632,9.65508,0.00370,0.95175,0.30683,0.00412,1.28580,1.26512,-0.04836,
109,67.23850,31.95596,9.67378,0.00336,0.95222,0.30538,0.00384,1.32190,1.25041,-0.04144,
109,67.29028,32.01404,9.67094,0.00326,0.95272,0.30381,0.00387,1.31590,1.24800,-0.04201,
109,67.35662,32.07831,9.66833,0.00317,0.95320,0.30231,0.00387,1.31469,1.24711,-0.04241,
109,67.42508,32.14215,9.66689,0.00309,0.95366,0.30086,0.00387,1.31441,1.24592,-0.04233,
109,67.49288,32.20708,9.66411,0.00301,0.95411,0.29943,0.00387,1.31378,1.24485,-0.04274,
109,67.56086,32.27303,9.66088,0.00295,0.95454,0.29804,0.00388,1.31310,1.24422,-0.04334,
109,67.63461,32.34028,9.65819,0.00289,0.95498,0.29663,0.00387,1.31452,1.24354,-0.04381,
109,67.77967,32.37738,9.67416,0.00265,0.95535,0.29545,0.00363,1.34558,1.23120,-0.03762,
109,67.82867,32.42982,9.67246,0.00259,0.95579,0.29401,0.00369,1.33834,1.22605,-0.03781,
109,67.89748,32.49028,9.67124,0.00255,0.95622,0.29261,0.00369,1.33832,1.22346,-0.03785,
110,67.96688,32.55240,9.66911,0.00252,0.95665,0.29122,0.00370,1.33831,1.22142,-0.03825,
110,68.03333,32.61564,9.66619,0.00249,0.95707,0.28982,0.00372,1.33705,1.21992,-0.03895,
110,68.10248,32.67784,9.66416,0.00246,0.95750,0.28838,0.00374,1.33706,1.21779,-0.03931,
110,68.17563,32.73862,9.66314,0.00243,0.95794,0.28693,0.00374,1.33865,1.21494,-0.03928,
110,68.30073,32.75927,9.67416,0.00219,0.95833,0.28563,0.00352,1.36410,1.19516,-0.03489,
110,68.35706,32.81109,9.67215,0.00216,0.95876,0.28419,0.00358,1.35926,1.18965,-0.03541,
110,68.42118,32.86400,9.67042,0.00214,0.95918,0.28277,0.00361,1.35744,1.18429,-0.03575,
110,68.48687,32.91705,9.66776,0.00212,0.95959,0.28137,0.00364,1.35621,1.17895,-0.03650,
110,68.55144,32.96948,9.66553,0.00210,0.96000,0.27998,0.00367,1.35456,1.17353,-0.03705,
110,68.61449,33.02314,9.66353,0.00209,0.96039,0.27862,0.00370,1.35217,1.16891,-0.03746,
110,68.68140,33.08181,9.66094,0.00210,0.96078,0.27727,0.00374,1.35096,1.16622,-0.03807,
110,68.76286,33.05795,9.67293,0.00182,0.96111,0.27612,0.00360,1.36120,1.12931,-0.03348,
110,68.83074,33.11942,9.67051,0.00182,0.96151,0.27474,0.00364,1.36033,1.12854,-0.03406,
110,68.90253,33.17005,9.66972,0.00177,0.96189,0.27339,0.00365,1.36172,1.12295,-0.03400,
110,68.97170,33.22407,9.66803,0.00172,0.96228,0.27204,0.00366,1.36165,1.11896,-0.03434,
110,69.04032,33.27645,9.66633,0.00166,0.96268,0.27061,0.00367,1.36151,1.11434,-0.03470,
110,69.10827,33.32706,9.66514,0.00159,0.96310,0.26911,0.00368,1.36119,1.10912,-0.03479,
110,69.18452,33.29056,9.67943,0.00119,0.96350,0.26770,0.00354,1.37041,1.06622,-0.02893,
110,69.25057,33.35294,9.67642,0.00117,0.96397,0.26599,0.00358,1.36834,1.06673,-0.02975,
110,69.31599,33.39971,9.67577,0.00109,0.96445,0.26425,0.00359,1.36713,1.06041,-0.02969,
110,69.38175,33.44699,9.67494,0.00102,0.96494,0.26246,0.00361,1.36599,1.05436,-0.02968,
111,69.44879,33.49547,9.67369,0.00096,0.96544,0.26061,0.00362,1.36529,1.04881,-0.02987,
111,69.50818,33.45508,9.68859,0.00059,0.96594,0.25876,0.00354,1.36716,1.00189,-0.02289,
111,69.58222,33.51903,9.68492,0.00061,0.96644,0.25685,0.00356,1.36842,1.00439,-0.02429,
111,69.64885,33.56608,9.68484,0.00057,0.96694,0.25496,0.00358,1.36741,0.99895,-0.02401,
111,69.71652,33.61643,9.68408,0.00055,0.96744,0.25309,0.00361,1.36654,0.99508,-0.02409,
111,69.78551,33.66811,9.68263,0.00052,0.96792,0.25125,0.00363,1.36615,0.99165,-0.02448,
111,69.83430,33.64312,9.69488,0.00024,0.96837,0.24948,0.00362,1.36051,0.95022,-0.01806,
111,69.90498,33.69816,9.69260,0.00025,0.96884,0.24766,0.00364,1.36096,0.94963,-0.01901,
111,69.97414,33.74505,9.69183,0.00023,0.96929,0.24589,0.00367,1.36115,0.94477,-0.01915,
111,70.04019,33.78640,9.69169,0.00022,0.96973,0.24416,0.00369,1.36018,0.93755,-0.01903,
111,70.10684,33.82647,9.69126,0.00020,0.97015,0.24248,0.00371,1.35965,0.92990,-0.01910,
111,70.17490,33.86986,9.69042,0.00019,0.97055,0.24087,0.00373,1.35944,0.92389,-0.01935,
111,70.22190,33.82506,9.69889,-0.00012,0.97091,0.23943,0.00369,1.35513,0.87534,-0.01513,
111,70.28891,33.88667,9.69912,-0.00003,0.97128,0.23789,0.00374,1.35335,0.87921,-0.01497,
111,70.35923,33.93098,9.69844,-0.00000,0.97163,0.23647,0.00377,1.35418,0.87461,-0.01522,
111,70.43027,33.97654,9.69791,0.00004,0.97196,0.23510,0.00380,1.35514,0.87074,-0.01537,
111,70.50378,34.02486,9.69706,0.00009,0.97227,0.23382,0.00382,1.35690,0.86823,-0.01568,
111,70.57899,34.07556,9.69527,0.00015,0.97257,0.23259,0.00385,1.35904,0.86679,-0.01644,
111,70.65044,34.12163,9.69415,0.00019,0.97285,0.23138,0.00388,1.35972,0.86333,-0.01685,
112,70.72347,34.11443,9.69966,0.00001,0.97311,0.23030,0.00379,1.36616,0.83513,-0.01444,
112,70.78242,34.15194,9.69927,0.00008,0.97337,0.22920,0.00385,1.36108,0.82878,-0.01467,
112,70.85186,34.19259,9.69877,0.00012,0.97363,0.22811,0.00388,1.36112,0.82376,-0.01487,
112,70.92098,34.23301,9.69842,0.00017,0.97387,0.22705,0.00392,1.36090,0.81879,-0.01499,
112,70.99285,34.27708,9.69776,0.00023,0.97411,0.22602,0.00395,1.36152,0.81560,-0.01527,
112,71.06520,34.32256,9.69663,0.00029,0.97435,0.22502,0.00399,1.36207,0.81308,-0.01578,
112,71.13486,34.36400,9.69596,0.00035,0.97458,0.22401,0.00402,1.36170,0.80892,-0.01607,
112,71.20319,34.40367,9.69605,0.00039,0.97481,0.22301,0.00406,1.36081,0.80412,-0.01598,
112,71.27394,34.44737,9.69541,0.00045,0.97503,0.22203,0.00410,1.36048,0.80112,-0.01618,
112,71.34458,34.48985,9.69428,0.00051,0.97525,0.22105,0.00414,1.36016,0.79768,-0.01663,
112,71.43772,34.49498,9.70258,0.00039,0.97545,0.22018,0.00398,1.37450,0.77853,-0.01311,
112,71.49577,34.52711,9.70037,0.00044,0.97567,0.21920,0.00404,1.36879,0.77134,-0.01436,
112,71.56099,34.56111,9.69982,0.00048,0.97589,0.21823,0.00408,1.36658,0.76500,-0.01468,
112,71.62881,34.59876,9.69918,0.00054,0.97610,0.21727,0.00412,1.36514,0.76040,-0.01497,
112,71.69430,34.63106,9.69899,0.00045,0.97632,0.21628,0.00413,1.36316,0.75374,-0.01503,
112,71.75555,34.65646,9.69952,0.00006,0.97662,0.21493,0.00408,1.36010,0.74422,-0.01469,
112,71.82168,34.68858,9.69907,-0.00054,0.97707,0.21286,0.00400,1.35871,0.73722,-0.01467,
112,71.88686,34.72052,9.69854,-0.00126,0.97770,0.20997,0.00390,1.35711,0.72966,-0.01464,
112,71.96734,34.70975,9.70858,-0.00229,0.97852,0.20612,0.00361,1.36760,0.70288,-0.01010,
112,72.02508,34.73845,9.70814,-0.00318,0.97962,0.20079,0.00350,1.36314,0.69282,-0.01004,
112,72.08199,34.76038,9.70941,-0.00414,0.98093,0.19428,0.00339,1.35934,0.67908,-0.00905,
113,72.12333,34.72456,9.71691,-0.00536,0.98243,0.18655,0.00314,1.35399,0.63736,-0.00528,
113,72.19338,34.76436,9.71553,-0.00628,0.98401,0.17799,0.00302,1.35485,0.63084,-0.00552,
113,72.21605,34.72024,9.71582,-0.00755,0.98568,0.16846,0.00281,1.33990,0.58086,-0.00517,
113,72.23478,34.68614,9.71242,-0.00877,0.98735,0.15827,0.00267,1.32023,0.53354,-0.00678,
113,72.26034,34.66335,9.71111,-0.00991,0.98900,0.14757,0.00253,1.30194,0.49047,-0.00703,
113,72.29592,34.65180,9.71322,-0.01101,0.99057,0.13652,0.00241,1.28701,0.45143,-0.00500,
113,72.34369,34.65267,9.71610,-0.01204,0.99204,0.12534,0.00227,1.27744,0.41881,-0.00208,
113,72.40078,34.66258,9.71791,-0.01298,0.99339,0.11402,0.00214,1.27234,0.39055,0.00045,
113,72.46226,34.67562,9.71809,-0.01387,0.99462,0.10262,0.00203,1.27050,0.36309,0.00116,
113,72.52468,34.68965,9.71825,-0.01472,0.99571,0.09135,0.00193,1.26980,0.33762,0.00182,
113,72.58583,34.70377,9.71872,-0.01552,0.99665,0.08029,0.00186,1.26627,0.31348,0.00308,
113,72.64639,34.71534,9.71895,-0.01632,0.99746,0.06933,0.00180,1.26181,0.28578,0.00369,
113,72.71005,34.72957,9.71929,-0.01703,0.99814,0.05855,0.00173,1.26384,0.26587,0.00448,
113,72.77643,34.74477,9.71963,-0.01771,0.99869,0.04791,0.00167,1.27098,0.24936,0.00515,
113,72.83987,34.75605,9.71994,-0.01839,0.99913,0.03740,0.00165,1.27128,0.22583,0.00566,
113,72.91143,34.77316,9.72038,-0.01897,0.99945,0.02710,0.00159,1.28632,0.21500,0.00637,
113,72.98542,34.79298,9.72032,-0.01946,0.99967,0.01696,0.00156,1.30408,0.20972,0.00598,
113,73.05645,34.80667,9.72070,-0.01999,0.99978,0.00684,0.00154,1.31471,0.19286,0.00644,
113,73.13127,34.82284,9.72093,-0.02045,0.99978,-0.00317,0.00152,1.33103,0.18184,0.00651,
114,73.21136,34.84436,9.72043,-0.02082,0.99970,-0.01303,0.00152,1.35507,0.18149,0.00515,
114,73.29185,34.86558,9.72090,-0.02115,0.99951,-0.02289,0.00152,1.37741,0.18030,0.00577,
114,73.37608,34.89059,9.72071,-0.02140,0.99923,-0.03271,0.00156,1.40406,0.18609,0.00504,
114,73.46055,34.91582,9.72050,-0.02162,0.99886,-0.04255,0.00162,1.42828,0.19158,0.00433,
114,73.53267,34.92472,9.72085,-0.02205,0.99837,-0.05263,0.00172,1.42742,0.16544,0.00470,
114,73.61451,34.94173,9.72096,-0.02236,0.99778,-0.06265,0.00179,1.44413,0.15671,0.00458,
114,73.70200,34.96209,9.72072,-0.02262,0.99709,-0.07278,0.00186,1.46929,0.15486,0.00383,
114,73.78284,34.97720,9.72026,-0.02290,0.99628,-0.08303,0.00199,1.47933,0.14302,0.00273,
114,73.86498,34.99427,9.71899,-0.02314,0.99536,-0.09337,0.00216,1.49011,0.13569,0.00013,
114,73.94346,35.00741,9.71806,-0.02339,0.99432,-0.10384,0.00235,1.49269,0.12155,-0.00158,
114,74.01693,35.01417,9.71761,-0.02350,0.99316,-0.11436,0.00253,1.48541,0.09662,-0.00266,
114,74.09585,35.02304,9.71722,-0.02334,0.99192,-0.12464,0.00264,1.48845,0.07811,-0.00400,
114,74.17555,35.03242,9.71643,-0.02293,0.99068,-0.13424,0.00273,1.49221,0.06256,-0.00639,
114,74.24337,35.03054,9.71619,-0.02246,0.98946,-0.14304,0.00289,1.47234,0.02714,-0.00773,
114,74.31330,35.02824,9.71590,-0.02187,0.98831,-0.15086,0.00301,1.45857,-0.00496,-0.00916,
114,74.38429,35.02636,9.71543,-0.02118,0.98729,-0.15748,0.00315,1.44835,-0.03214,-0.01088,
114,74.45343,35.02182,9.71511,-0.02045,0.98645,-0.16272,0.00332,1.43539,-0.06113,-0.01220,
114,74.52388,35.01785,9.71462,-0.01964,0.98579,-0.16681,0.00347,1.42613,-0.08540,-0.01370,
114,74.57916,35.00301,9.71452,-0.01887,0.98529,-0.16980,0.00371,1.39182,-0.12541,-0.01437,
114,74.64857,34.99626,9.71369,-0.01802,0.98497,-0.17177,0.00388,1.38426,-0.14738,-0.01619,
114,74.71675,34.98793,9.71307,-0.01717,0.98477,-0.17297,0.00405,1.37536,-0.16924,-0.01747,
115,74.77022,34.97278,9.71210,-0.01636,0.98471,-0.17339,0.00434,1.34512,-0.19885,-0.01912,
115,74.83760,34.96313,9.71139,-0.01550,0.98472,-0.17337,0.00449,1.33769,-0.21729,-0.02017,
115,74.90356,34.95151,9.71064,-0.01467,0.98480,-0.17302,0.00464,1.32889,-0.23634,-0.02115,
115,74.96847,34.93877,9.70965,-0.01386,0.98490,-0.17249,0.00478,1.31939,-0.25482,-0.02233,
115,75.03270,34.92500,9.70852,-0.01308,0.98502,-0.17189,0.00491,1.30976,-0.27262,-0.02356,
115,75.09549,34.90975,9.70743,-0.01231,0.98513,-0.17130,0.00504,1.29921,-0.29029,-0.02458,
115,75.15900,34.89441,9.70606,-0.01158,0.98522,-0.17081,0.00516,1.29006,-0.30638,-0.02581,
115,75.22280,34.87880,9.70448,-0.01088,0.98529,-0.17047,0.00527,1.28169,-0.32121,-0.02714,
115,75.28716,34.86296,9.70285,-0.01020,0.98533,-0.17029,0.00536,1.27428,-0.33490,-0.02837,
115,75.35400,34.84769,9.70155,-0.00954,0.98532,-0.17035,0.00545,1.26951,-0.34677,-0.02914,
115,75.42212,34.83259,9.70025,-0.00892,0.98528,-0.17061,0.00552,1.26593,-0.35743,-0.02982,
115,75.49278,34.81839,9.69830,-0.00833,0.98520,-0.17109,0.00558,1.26449,-0.36646,-0.03105,
115,75.56531,34.80470,9.69629,-0.00777,0.98509,-0.17176,0.00562,1.26444,-0.37423,-0.03219,
115,75.63459,34.78903,9.69450,-0.00723,0.98495,-0.17261,0.00567,1.26163,-0.38280,-0.03304,
115,75.70455,34.77341,9.69259,-0.00672,0.98478,-0.17357,0.00571,1.25930,-0.39053,-0.03393,
115,75.77284,34.75664,9.69046,-0.00624,0.98460,-0.17461,0.00575,1.25571,-0.39841,-0.03492,
115,75.84270,34.74034,9.68819,-0.00578,0.98441,-0.17568,0.00578,1.25327,-0.40526,-0.03596,
115,75.91683,34.72606,9.68582,-0.00534,0.98423,-0.17673,0.00580,1.25367,-0.41016,-0.03698,
115,75.94905,34.68410,9.68855,-0.00503,0.98405,-0.17775,0.00586,1.22641,-0.43364,-0.03425,
116,76.00084,34.65650,9.68692,-0.00466,0.98387,-0.17871,0.00592,1.21291,-0.44588,-0.03469,
116,76.06328,34.63485,9.68533,-0.00430,0.98372,-0.17958,0.00595,1.20674,-0.45340,-0.03509,
116,76.13242,34.61613,9.68327,-0.00394,0.98358,-0.18035,0.00596,1.20501,-0.45848,-0.03580,
116,76.20279,34.59788,9.68093,-0.00355,0.98346,-0.18100,0.00596,1.20394,-0.46285,-0.03668,
116,76.27031,34.57793,9.67921,-0.00303,0.98338,-0.18142,0.00594,1.20116,-0.46770,-0.03714,
116,76.33916,34.55847,9.67772,-0.00244,0.98337,-0.18148,0.00590,1.19926,-0.47167,-0.03744,
116,76.40805,34.53885,9.67633,-0.00179,0.98344,-0.18111,0.00585,1.19744,-0.47511,-0.03766,
116,76.47417,34.51732,9.67567,-0.00109,0.98363,-0.18013,0.00580,1.19426,-0.47884,-0.03739,
116,76.53227,34.49207,9.67453,-0.00037,0.98391,-0.17859,0.00575,1.18683,-0.48411,-0.03741,
116,76.59250,34.46769,9.67314,0.00037,0.98429,-0.17645,0.00570,1.18097,-0.48812,-0.03755,
116,76.65287,34.44336,9.67225,0.00113,0.98478,-0.17371,0.00564,1.17548,-0.49130,-0.03734,
116,76.72118,34.42180,9.67190,0.00192,0.98538,-0.17028,0.00555,1.17462,-0.49209,-0.03676,
116,76.78278,34.39763,9.67152,0.00271,0.98606,-0.16629,0.00548,1.17037,-0.49377,-0.03620,
116,76.84932,34.37520,9.67166,0.00350,0.98681,-0.16176,0.00539,1.16903,-0.49376,-0.03532,
116,76.94735,34.35298,9.68101,0.00423,0.98764,-0.15662,0.00511,1.18621,-0.49334,-0.02928,
116,77.01333,34.33088,9.67933,0.00509,0.98849,-0.15109,0.00501,1.18493,-0.49097,-0.02946,
116,77.11084,34.30743,9.68867,0.00581,0.98938,-0.14514,0.00470,1.20233,-0.49000,-0.02362,
116,77.14923,34.27499,9.68738,0.00657,0.99025,-0.13909,0.00468,1.18699,-0.49302,-0.02370,
116,77.21303,34.23859,9.70186,0.00721,0.99110,-0.13282,0.00442,1.18843,-0.49855,-0.01538,
116,77.25258,34.21206,9.69663,0.00811,0.99195,-0.12628,0.00444,1.17364,-0.49572,-0.01753,
116,77.32335,34.18165,9.70672,0.00876,0.99277,-0.11960,0.00425,1.17702,-0.49793,-0.01152,
117,77.38521,34.15851,9.70513,0.00966,0.99358,-0.11261,0.00414,1.17512,-0.49210,-0.01185,
117,77.44326,34.12852,9.71858,0.01037,0.99435,-0.10560,0.00396,1.17351,-0.49237,-0.00402,
117,77.49626,34.10324,9.71578,0.01134,0.99511,-0.09807,0.00391,1.16727,-0.48579,-0.00484,
117,77.57145,34.07422,9.72455,0.01205,0.99582,-0.09044,0.00376,1.17311,-0.48559,0.00073,
117,77.63771,34.05294,9.72484,0.01305,0.99651,-0.08237,0.00363,1.17454,-0.47576,0.00142,
117,77.72235,34.03052,9.73419,0.01389,0.99716,-0.07399,0.00343,1.18615,-0.46954,0.00746,
117,77.78698,34.01052,9.73364,0.01504,0.99777,-0.06497,0.00329,1.18710,-0.45704,0.00760,
117,77.85744,33.99174,9.74269,0.01607,0.99833,-0.05542,0.00309,1.19446,-0.44457,0.01516,
117,77.91752,33.97231,9.74722,0.01729,0.99883,-0.04513,0.00292,1.19378,-0.42945,0.02093,
117,77.96954,33.95186,9.75339,0.01849,0.99924,-0.03411,0.00283,1.18250,-0.41541,0.02881,
117,78.02130,33.93181,9.75810,0.01954,0.99955,-0.02250,0.00276,1.17081,-0.40071,0.03439,
117,78.08621,33.91637,9.76150,0.02055,0.99973,-0.01028,0.00251,1.17937,-0.37863,0.03789,
117,78.15081,33.90278,9.76292,0.02147,0.99976,0.00216,0.00231,1.18724,-0.35413,0.03797,
117,78.21435,33.89115,9.76416,0.02232,0.99964,0.01462,0.00211,1.19337,-0.32691,0.03759,
117,78.27701,33.88050,9.76537,0.02310,0.99937,0.02701,0.00194,1.19780,-0.29896,0.03700,
117,78.33744,33.86857,9.76750,0.02379,0.99895,0.03914,0.00186,1.19748,-0.27517,0.03822,
117,78.39767,33.85805,9.76967,0.02444,0.99840,0.05100,0.00179,1.19667,-0.25022,0.03936,
117,78.45761,33.84948,9.77166,0.02507,0.99772,0.06256,0.00174,1.19519,-0.22314,0.03996,
117,78.51474,33.84362,9.77487,0.02571,0.99694,0.07375,0.00169,1.18809,-0.19247,0.04315,
118,78.57214,33.83823,9.77726,0.02631,0.99606,0.08463,0.00168,1.18195,-0.16355,0.04408,
118,78.62860,33.83507,9.77970,0.02690,0.99508,0.09529,0.00168,1.17429,-0.13243,0.04503,
118,78.68302,33.83380,9.78193,0.02750,0.99402,0.10567,0.00171,1.16292,-0.09996,0.04543,
118,78.73156,33.84226,9.78266,0.02825,0.99285,0.11597,0.00173,1.14054,-0.04969,0.04253,
118,78.78173,33.84742,9.78437,0.02884,0.99159,0.12615,0.00180,1.12323,-0.01138,0.04197,
118,78.81748,33.86598,9.78648,0.02940,0.99026,0.13611,0.00178,1.07824,0.05195,0.04176,
118,78.85285,33.88524,9.78696,0.02966,0.98890,0.14559,0.00182,1.03634,0.11004,0.03766,
118,78.87699,33.91108,9.78871,0.02984,0.98757,0.15430,0.00186,0.97563,0.17608,0.03641,
118,78.90015,33.93765,9.78926,0.02982,0.98633,0.16204,0.00194,0.91858,0.23649,0.03249,
118,78.91124,33.97180,9.78870,0.02981,0.98520,0.16876,0.00210,0.84221,0.30619,0.02653,
118,78.95356,33.98729,9.79003,0.02922,0.98425,0.17433,0.00215,0.83717,0.32918,0.02512,
118,78.95376,34.02863,9.78826,0.02911,0.98341,0.17903,0.00240,0.75378,0.39879,0.01784,
118,78.99638,34.04640,9.78950,0.02838,0.98277,0.18264,0.00246,0.75640,0.41679,0.01700,
118,78.99499,34.09004,9.78748,0.02813,0.98222,0.18562,0.00270,0.68317,0.47784,0.01043,
118,79.03939,34.10939,9.78885,0.02733,0.98183,0.18778,0.00277,0.69325,0.49121,0.01040,
118,79.08799,34.12816,9.79026,0.02650,0.98153,0.18943,0.00284,0.70773,0.50246,0.01041,
118,79.11601,34.16167,9.78917,0.02597,0.98129,0.19074,0.00297,0.69171,0.53118,-0.05408,
118,79.15524,34.18646,9.78644,0.02522,0.98114,0.19162,0.00306,0.69182,0.54820,-0.04173,
118,79.19498,34.21243,9.78535,0.02447,0.98103,0.19227,0.00315,0.69206,0.56558,-0.01703,
118,79.23355,34.23977,9.78492,0.02375,0.98095,0.19279,0.00325,0.69073,0.58228,-0.00882,
118,79.27117,34.26828,9.78463,0.02302,0.98088,0.19324,0.00334,0.68824,0.59851,-0.00670,
119,79.30869,34.29759,9.78444,0.02230,0.98081,0.19368,0.00342,0.68569,0.61399,-0.00661,
119,79.34504,34.32805,9.78416,0.02161,0.98073,0.19415,0.00351,0.68187,0.62923,-0.00726,
119,79.38071,34.35936,9.78388,0.02094,0.98064,0.19466,0.00358,0.67752,0.64395,-0.00802,
119,79.41594,34.39150,9.78352,0.02029,0.98054,0.19523,0.00365,0.67293,0.65815,-0.00886,
119,79.44942,34.42498,9.78313,0.01967,0.98043,0.19587,0.00372,0.66693,0.67237,-0.00967,
119,79.52926,34.44763,9.78322,0.01896,0.98029,0.19662,0.00365,0.70400,0.67433,-0.00995,
119,79.56420,34.48123,9.78243,0.01838,0.98014,0.19740,0.00368,0.69842,0.68678,-0.01099,
119,79.59888,34.51596,9.78175,0.01784,0.97999,0.19823,0.00373,0.69272,0.69908,-0.01185,
119,79.63452,34.55098,9.78133,0.01733,0.97982,0.19908,0.00377,0.68812,0.71059,-0.01239,
119,79.66921,34.58696,9.78072,0.01684,0.97965,0.19996,0.00380,0.68298,0.72196,-0.01304,
119,79.70402,34.62335,9.78029,0.01638,0.97948,0.20084,0.00384,0.67814,0.73274,-0.01346,
119,79.73538,34.66148,9.77992,0.01596,0.97931,0.20170,0.00388,0.67091,0.74402,-0.01379,
119,79.76208,34.70207,9.77921,0.01558,0.97914,0.20253,0.00392,0.66070,0.75639,-0.01433,
119,79.89302,34.70658,9.78072,0.01492,0.97898,0.20335,0.00371,0.72641,0.74001,-0.01311,
119,79.92753,34.74360,9.77826,0.01454,0.97884,0.20406,0.00374,0.72034,0.74886,-0.01505,
119,79.96623,34.78051,9.77751,0.01425,0.97870,0.20478,0.00377,0.71735,0.75699,-0.01552,
119,80.00311,34.81860,9.77658,0.01403,0.97854,0.20554,0.00381,0.71321,0.76543,-0.01609,
119,80.03622,34.85875,9.77686,0.01389,0.97836,0.20642,0.00387,0.70673,0.77489,-0.01565,
119,80.07144,34.89807,9.77690,0.01377,0.97814,0.20745,0.00391,0.70188,0.78325,-0.01538,
120,80.24122,34.88278,9.77740,0.01329,0.97789,0.20867,0.00367,0.78214,0.75440,-0.01491,
120,80.27117,34.92443,9.77641,0.01324,0.97760,0.21003,0.00374,0.77194,0.76449,-0.01541,
120,80.30823,34.96407,9.77637,0.01320,0.97726,0.21159,0.00378,0.76652,0.77290,-0.01517,
120,80.34731,35.00331,9.77767,0.01317,0.97689,0.21329,0.00382,0.76243,0.78074,-0.01409,
120,80.38730,35.04215,9.77743,0.01314,0.97649,0.21514,0.00385,0.75896,0.78802,-0.01412,
120,80.58733,35.00921,9.78452,0.01270,0.97604,0.21717,0.00360,0.84725,0.75085,-0.00960,
120,80.62815,35.04663,9.78289,0.01268,0.97557,0.21927,0.00364,0.84206,0.75762,-0.01069,
120,80.67292,35.08403,9.78315,0.01268,0.97508,0.22146,0.00366,0.83938,0.76439,-0.01048,
120,80.71565,35.12234,9.78151,0.01271,0.97456,0.22373,0.00369,0.83534,0.77169,-0.01142,
120,80.88613,35.09325,9.78459,0.01239,0.97402,0.22609,0.00351,0.89990,0.73993,-0.00979,
120,80.92293,35.13365,9.78236,0.01244,0.97348,0.22840,0.00358,0.89100,0.74874,-0.01114,
120,80.96919,35.17093,9.78174,0.01248,0.97293,0.23073,0.00360,0.88768,0.75574,-0.01150,
120,81.09335,35.15398,9.77956,0.01228,0.97239,0.23303,0.00354,0.92454,0.73266,-0.01265,
120,81.13892,35.19054,9.77967,0.01230,0.97183,0.23531,0.00357,0.92000,0.73914,-0.01266,
120,81.19126,35.22445,9.77841,0.01232,0.97128,0.23759,0.00357,0.91931,0.74388,-0.01354,
120,81.29513,35.21696,9.77715,0.01217,0.97072,0.23988,0.00356,0.94464,0.72622,-0.01431,
120,81.34699,35.25106,9.77919,0.01217,0.97017,0.24210,0.00355,0.94347,0.73094,-0.01310,
120,81.39919,35.28479,9.77855,0.01219,0.96961,0.24433,0.00356,0.94206,0.73569,-0.01351,
120,81.44948,35.31961,9.77684,0.01223,0.96904,0.24657,0.00358,0.93940,0.74113,-0.01456,
120,81.54760,35.31465,9.77474,0.01206,0.96847,0.24883,0.00353,0.96193,0.72392,-0.01612,
120,81.59394,35.35198,9.77519,0.01209,0.96790,0.25100,0.00356,0.95690,0.73066,-0.01570,
121,81.64492,35.38711,9.77509,0.01214,0.96733,0.25322,0.00357,0.95447,0.73623,-0.01570,
121,81.69494,35.42356,9.77496,0.01219,0.96673,0.25547,0.00359,0.95141,0.74276,-0.01570,
121,81.76304,35.43732,9.76584,0.01208,0.96613,0.25776,0.00361,0.95913,0.73288,-0.02164,
121,81.80435,35.47764,9.76471,0.01216,0.96552,0.26001,0.00367,0.95046,0.74214,-0.02202,
121,81.85168,35.51480,9.76429,0.01221,0.96491,0.26228,0.00369,0.94581,0.74888,-0.02185,
121,81.90155,35.55144,9.76401,0.01224,0.96429,0.26453,0.00370,0.94293,0.75496,-0.02169,
121,81.96063,35.57229,9.75680,0.01214,0.96367,0.26681,0.00374,0.94582,0.74807,-0.02651,
121,82.00923,35.61136,9.75721,0.01215,0.96306,0.26900,0.00370,0.94259,0.75585,-0.02572,
121,82.05809,35.64821,9.75584,0.01215,0.96245,0.27118,0.00371,0.93924,0.76163,-0.02621,
121,82.10759,35.68517,9.75425,0.01214,0.96184,0.27332,0.00370,0.93644,0.76722,-0.02682,
121,82.16775,35.70700,9.74892,0.01202,0.96123,0.27545,0.00370,0.94101,0.75986,-0.03033,
121,82.21384,35.74725,9.74781,0.01203,0.96064,0.27752,0.00370,0.93589,0.76829,-0.03039,
121,82.26205,35.78552,9.74629,0.01202,0.96005,0.27953,0.00370,0.93240,0.77457,-0.03077,
121,82.31028,35.82396,9.74487,0.01200,0.95948,0.28150,0.00370,0.92902,0.78076,-0.03103,
121,82.37560,35.84452,9.74592,0.01185,0.95889,0.28350,0.00369,0.93792,0.77168,-0.02913,
121,82.42311,35.88465,9.74510,0.01183,0.95834,0.28536,0.00368,0.93405,0.77922,-0.02897,
121,82.47023,35.92449,9.74281,0.01181,0.95779,0.28719,0.00369,0.92991,0.78618,-0.02989,
121,82.51869,35.96374,9.74101,0.01178,0.95726,0.28898,0.00368,0.92688,0.79237,-0.03047,
121,82.58284,35.98589,9.74054,0.01161,0.95669,0.29085,0.00366,0.93529,0.78417,-0.02994,
122,82.62709,36.02703,9.73904,0.01159,0.95616,0.29258,0.00367,0.92903,0.79195,-0.03030,
122,82.67394,36.06758,9.73734,0.01156,0.95564,0.29427,0.00368,0.92488,0.79888,-0.03078,
122,82.72311,36.10710,9.73518,0.01151,0.95514,0.29592,0.00366,0.92260,0.80444,-0.03157,
122,82.79124,36.13031,9.73147,0.01134,0.95463,0.29754,0.00360,0.93369,0.79764,-0.03382,
122,82.83365,36.17115,9.72899,0.01130,0.95413,0.29915,0.00362,0.92622,0.80421,-0.03485,
122,82.87997,36.21147,9.72656,0.01120,0.95364,0.30070,0.00360,0.92187,0.81014,-0.03582,
122,82.92669,36.25178,9.72450,0.01107,0.95319,0.30215,0.00357,0.91801,0.81569,-0.03646,
122,82.99120,36.27546,9.72184,0.01081,0.95280,0.30340,0.00349,0.92687,0.80890,-0.03753,
122,83.03590,36.31681,9.72036,0.01064,0.95244,0.30452,0.00345,0.92169,0.81487,-0.03765,
122,83.08196,36.35771,9.71827,0.01046,0.95214,0.30548,0.00341,0.91765,0.82021,-0.03822,
122,83.12794,36.39870,9.71587,0.01028,0.95189,0.30624,0.00338,0.91377,0.82522,-0.03902,
122,83.17383,36.43994,9.71341,0.01009,0.95171,0.30682,0.00334,0.91004,0.83005,-0.03982,
122,83.22013,36.48130,9.71131,0.00990,0.95158,0.30723,0.00330,0.90680,0.83462,-0.04030,
122,83.28058,36.50711,9.71035,0.00963,0.95146,0.30762,0.00325,0.91313,0.82824,-0.04022,
122,83.32647,36.54858,9.70855,0.00942,0.95142,0.30774,0.00322,0.90980,0.83215,-0.04048,
122,83.37510,36.58986,9.70680,0.00923,0.95140,0.30780,0.00317,0.90845,0.83581,-0.04068,
122,83.42373,36.63147,9.70565,0.00905,0.95140,0.30779,0.00313,0.90720,0.83947,-0.04036,
122,83.47248,36.67348,9.70479,0.00888,0.95142,0.30774,0.00308,0.90612,0.84313,-0.03985,
122,83.52144,36.71580,9.70440,0.00872,0.95145,0.30766,0.00304,0.90527,0.84677,-0.03902,
122,83.57099,36.75740,9.70418,0.00856,0.95148,0.30758,0.00300,0.90483,0.84957,-0.03811,
122,83.62150,36.79935,9.70378,0.00840,0.95150,0.30751,0.00295,0.90504,0.85238,-0.03748,
123,83.67117,36.84170,9.70299,0.00826,0.95152,0.30745,0.00290,0.90476,0.85530,-0.03711,
123,83.72045,36.88467,9.70236,0.00812,0.95153,0.30743,0.00286,0.90431,0.85846,-0.03662,
123,83.76845,36.92813,9.70125,0.00799,0.95153,0.30744,0.00283,0.90320,0.86178,-0.03642,
123,83.81360,36.97114,9.69907,0.00787,0.95152,0.30747,0.00281,0.90051,0.86462,-0.03691,
123,83.85786,37.01461,9.69811,0.00777,0.95151,0.30752,0.00279,0.89744,0.86760,-0.03665,
123,83.89956,37.05915,9.69672,0.00768,0.95148,0.30759,0.00279,0.89312,0.87116,-0.03666,
123,83.94298,37.10335,9.69602,0.00760,0.95146,0.30767,0.00278,0.88987,0.87438,-0.03630,
123,83.98682,37.14710,9.69423,0.00750,0.95143,0.30777,0.00277,0.88701,0.87705,-0.03655,
123,84.03028,37.19104,9.69246,0.00742,0.95139,0.30788,0.00276,0.88404,0.87966,-0.03680,
123,84.07601,37.23530,9.69047,0.00733,0.95136,0.30799,0.00274,0.88238,0.88219,-0.03715,
123,84.12163,37.27956,9.68769,0.00724,0.95132,0.30809,0.00272,0.88076,0.88452,-0.03791,
123,84.16585,37.32358,9.68406,0.00715,0.95129,0.30819,0.00271,0.87851,0.88661,-0.03910,
123,84.20977,37.36816,9.68167,0.00708,0.95126,0.30828,0.00270,0.87616,0.88901,-0.03959,
123,84.25537,37.41328,9.67921,0.00701,0.95124,0.30836,0.00269,0.87470,0.89144,-0.04011,
123,84.30155,37.45861,9.67555,0.00693,0.95122,0.30843,0.00267,0.87368,0.89376,-0.04122,
123,84.34735,37.50329,9.67148,0.00685,0.95120,0.30848,0.00266,0.87252,0.89560,-0.04246,
123,84.39506,37.54661,9.66747,0.00677,0.95119,0.30851,0.00264,0.87222,0.89652,-0.04363,
123,84.44125,37.59142,9.66392,0.00670,0.95119,0.30853,0.00263,0.87126,0.89826,-0.04456,
123,84.48547,37.63620,9.66140,0.00664,0.95119,0.30853,0.00263,0.86941,0.89995,-0.04492,
124,84.53021,37.68067,9.65862,0.00658,0.95120,0.30851,0.00262,0.86799,0.90131,-0.04547,
124,84.57365,37.72727,9.65567,0.00654,0.95121,0.30847,0.00261,0.86601,0.90381,-0.04599,
124,84.61739,37.77407,9.65434,0.00651,0.95123,0.30842,0.00261,0.86407,0.90640,-0.04584,
124,84.66475,37.81892,9.65166,0.00646,0.95124,0.30836,0.00260,0.86381,0.90767,-0.04630,
124,84.71283,37.86354,9.64858,0.00640,0.95127,0.30830,0.00259,0.86390,0.90865,-0.04692,
124,84.76141,37.90806,9.64446,0.00634,0.95129,0.30823,0.00258,0.86421,0.90946,-0.04797,
124,84.80807,37.95351,9.64218,0.00630,0.95131,0.30815,0.00257,0.86369,0.91084,-0.04821,
124,84.85605,37.99891,9.63965,0.00628,0.95134,0.30808,0.00256,0.86378,0.91206,-0.04855,
124,84.90104,38.04515,9.63808,0.00629,0.95135,0.30805,0.00257,0.86259,0.91380,-0.04848,
124,84.94119,38.09308,9.63797,0.00635,0.95134,0.30806,0.00260,0.85940,0.91655,-0.04788,
124,84.98640,38.13849,9.63550,0.00640,0.95130,0.30818,0.00262,0.85829,0.91788,-0.04820,
124,85.02474,38.18389,9.63363,0.00647,0.95123,0.30840,0.00266,0.85449,0.91940,-0.04829,
124,85.06313,38.22872,9.63134,0.00654,0.95112,0.30875,0.00271,0.85072,0.92069,-0.04854,
124,85.10799,38.27475,9.62777,0.00661,0.95097,0.30921,0.00273,0.84954,0.92228,-0.04928,
124,85.15271,38.32114,9.62399,0.00669,0.95077,0.30980,0.00276,0.84823,0.92404,-0.05006,
124,85.19723,38.36776,9.62145,0.00677,0.95054,0.31050,0.00278,0.84669,0.92603,-0.05035,
124,85.24256,38.41399,9.61879,0.00685,0.95029,0.31128,0.00281,0.84549,0.92782,-0.05067,
124,85.28820,38.45976,9.61602,0.00691,0.95001,0.31212,0.00283,0.84439,0.92933,-0.05104,
124,85.33289,38.50608,9.61336,0.00698,0.94972,0.31301,0.00286,0.84281,0.93114,-0.05135,
124,85.37631,38.55304,9.61099,0.00706,0.94942,0.31393,0.00289,0.84060,0.93334,-0.05155,
124,85.54037,38.53250,9.62167,0.00695,0.94902,0.31514,0.00275,0.87992,0.90873,-0.04735,
125,85.57216,38.58572,9.61622,0.00699,0.94874,0.31598,0.00278,0.87380,0.91335,-0.04883,
125,85.61783,38.63121,9.61390,0.00705,0.94844,0.31686,0.00280,0.87211,0.91527,-0.04905,
125,85.66341,38.67713,9.61159,0.00710,0.94816,0.31771,0.00282,0.87034,0.91740,-0.04927,
125,85.70961,38.72302,9.60908,0.00715,0.94788,0.31852,0.00284,0.86886,0.91949,-0.04956,
125,85.75595,38.76903,9.60658,0.00720,0.94763,0.31929,0.00285,0.86744,0.92162,-0.04983,
125,85.80279,38.81495,9.60411,0.00724,0.94738,0.32001,0.00286,0.86619,0.92369,-0.05010,
125,85.85025,38.86043,9.60135,0.00727,0.94715,0.32069,0.00287,0.86522,0.92553,-0.05046,
125,85.89750,38.90614,9.59860,0.00730,0.94693,0.32135,0.00288,0.86414,0.92743,-0.05081,
125,85.94448,38.95216,9.59596,0.00733,0.94672,0.32197,0.00289,0.86289,0.92947,-0.05111,
125,86.09569,38.88926,9.61521,0.00703,0.94645,0.32276,0.00275,0.89879,0.89000,-0.04342,
125,86.13497,38.94038,9.61183,0.00706,0.94626,0.32331,0.00275,0.89519,0.89440,-0.04408,
125,86.18322,38.98359,9.61030,0.00708,0.94607,0.32386,0.00276,0.89419,0.89579,-0.04405,
125,86.23115,39.02675,9.60833,0.00709,0.94589,0.32440,0.00276,0.89309,0.89710,-0.04419,
125,86.27933,39.07018,9.60649,0.00710,0.94570,0.32494,0.00277,0.89199,0.89853,-0.04429,
125,86.32644,39.11620,9.60460,0.00712,0.94552,0.32548,0.00277,0.89034,0.90108,-0.04443,
125,86.37304,39.16282,9.60322,0.00715,0.94533,0.32601,0.00278,0.88848,0.90388,-0.04435,
125,86.41986,39.20943,9.60114,0.00716,0.94515,0.32655,0.00279,0.88678,0.90643,-0.04449,
125,86.46597,39.25668,9.59806,0.00717,0.94497,0.32708,0.00280,0.88487,0.90911,-0.04503,
125,86.51422,39.30037,9.59550,0.00717,0.94478,0.32760,0.00280,0.88396,0.91037,-0.04544,
126,86.56366,39.34318,9.59342,0.00716,0.94460,0.32813,0.00280,0.88347,0.91129,-0.04563,
126,86.61173,39.38727,9.59178,0.00715,0.94442,0.32866,0.00280,0.88237,0.91276,-0.04565,
126,86.65809,39.43511,9.58984,0.00716,0.94424,0.32918,0.00280,0.88061,0.91560,-0.04575,
126,86.70381,39.48345,9.58771,0.00717,0.94406,0.32969,0.00280,0.87877,0.91858,-0.04590,
126,86.81108,39.36835,9.61050,0.00678,0.94377,0.33052,0.00272,0.90036,0.86683,-0.03827,
126,86.85213,39.41402,9.60547,0.00676,0.94360,0.33101,0.00274,0.89694,0.86901,-0.03948,
126,86.90005,39.45560,9.60433,0.00675,0.94342,0.33152,0.00274,0.89584,0.87005,-0.03946,
126,86.94796,39.49757,9.60354,0.00674,0.94325,0.33202,0.00274,0.89471,0.87124,-0.03929,
126,86.99551,39.54168,9.60218,0.00673,0.94307,0.33251,0.00274,0.89325,0.87315,-0.03931,
126,87.04278,39.58487,9.60045,0.00672,0.94290,0.33299,0.00274,0.89187,0.87461,-0.03947,
126,87.09035,39.62609,9.59927,0.00677,0.94273,0.33347,0.00276,0.89079,0.87536,-0.03946,
126,87.13934,39.66669,9.59841,0.00708,0.94249,0.33415,0.00288,0.89023,0.87588,-0.03931,
126,87.18783,39.70889,9.59728,0.00760,0.94206,0.33534,0.00309,0.88899,0.87737,-0.03914,
126,87.23730,39.75076,9.59683,0.00831,0.94131,0.33742,0.00336,0.88767,0.87924,-0.03865,
126,87.28554,39.79235,9.59622,0.00913,0.94019,0.34051,0.00369,0.88548,0.88156,-0.03817,
126,87.34739,39.68329,9.63116,0.00977,0.93849,0.34513,0.00402,0.89168,0.84034,-0.02684,
126,87.37613,39.74208,9.62527,0.01084,0.93642,0.35069,0.00446,0.87993,0.85142,-0.02796,
126,87.39967,39.80422,9.61974,0.01199,0.93377,0.35765,0.00494,0.86508,0.86497,-0.02871,
126,87.43622,39.75824,9.64904,0.01251,0.93053,0.36597,0.00513,0.85807,0.84902,-0.01958,
126,87.47570,39.80290,9.64351,0.01270,0.92737,0.37390,0.00517,0.85019,0.85515,-0.02112,
126,87.54137,39.79388,9.66621,0.01254,0.92412,0.38187,0.00500,0.85290,0.84804,-0.01421,
127,87.59893,39.83712,9.66412,0.01220,0.92135,0.38851,0.00478,0.85294,0.85230,-0.01518,
127,87.67480,39.84459,9.68099,0.01159,0.91891,0.39428,0.00445,0.86119,0.84710,-0.01070,
127,87.72318,39.89030,9.67687,0.01096,0.91710,0.39848,0.00421,0.85753,0.85186,-0.01266,
127,87.78777,39.89896,9.68890,0.01008,0.91597,0.40110,0.00386,0.86458,0.84457,-0.00944,
127,87.83827,39.94849,9.68981,0.00924,0.91570,0.40175,0.00360,0.86196,0.85123,-0.00957,
127,87.88603,39.99349,9.68923,0.00831,0.91622,0.40057,0.00335,0.85972,0.85508,-0.01023,
127,87.93319,40.03912,9.68847,0.00732,0.91746,0.39775,0.00310,0.85766,0.85852,-0.01086,
127,87.97314,40.08357,9.68822,0.00629,0.91928,0.39355,0.00288,0.85347,0.86187,-0.01130,
127,88.02516,40.13192,9.68785,0.00517,0.92174,0.38777,0.00262,0.85436,0.86411,-0.01155,
127,88.08763,40.18230,9.68733,0.00393,0.92477,0.38050,0.00234,0.85978,0.86456,-0.01159,
127,88.13810,40.22752,9.68624,0.00261,0.92824,0.37196,0.00208,0.86186,0.86256,-0.01179,
127,88.19960,40.26145,9.68817,0.00116,0.93208,0.36225,0.00173,0.87332,0.85406,-0.01062,
127,88.26949,40.31077,9.68934,-0.00017,0.93609,0.35175,0.00142,0.88851,0.85283,-0.00958,
127,88.31200,40.35136,9.68908,-0.00132,0.94009,0.34093,0.00128,0.88860,0.84701,-0.00929,
127,88.34924,40.39396,9.68807,-0.00232,0.94400,0.32995,0.00126,0.88283,0.84238,-0.00973,
127,88.40293,40.44025,9.68746,-0.00330,0.94776,0.31895,0.00122,0.89460,0.84059,-0.00961,
127,88.46298,40.48767,9.68444,-0.00433,0.95136,0.30804,0.00126,0.91352,0.83885,-0.01214,
127,88.51069,40.52541,9.68450,-0.00547,0.95465,0.29768,0.00149,0.91828,0.82546,-0.01091,
127,88.55473,40.56243,9.68393,-0.00679,0.95773,0.28758,0.00186,0.91832,0.81037,-0.01030,
128,88.60598,40.60505,9.68348,-0.00832,0.96072,0.27740,0.00240,0.93125,0.80368,-0.00917,
128,88.64875,40.64197,9.68251,-0.01027,0.96367,0.26687,0.00332,0.92510,0.78425,-0.00867,
128,88.69002,40.67823,9.68141,-0.01277,0.96680,0.25519,0.00464,0.91585,0.76333,-0.00749,
128,88.74066,40.71877,9.68110,-0.01598,0.97033,0.24117,0.00645,0.92572,0.75029,-0.00311,
128,88.79021,40.75722,9.68061,-0.02004,0.97445,0.22351,0.00908,0.93078,0.73044,0.00321,
128,88.83797,40.79289,9.68101,-0.02514,0.97938,0.20003,0.01275,0.92927,0.70203,0.01278,
128,88.88653,40.82788,9.68221,-0.03130,0.98491,0.16931,0.01766,0.92556,0.66864,0.03343,
128,88.93392,40.86058,9.68467,-0.03817,0.99014,0.13275,0.02346,0.91427,0.62663,0.06122,
128,88.97474,40.88845,9.68809,-0.04526,0.99435,0.09136,0.02960,0.88356,0.57152,0.09462,
128,89.01474,40.91432,9.69362,-0.05218,0.99694,0.04623,0.03545,0.84629,0.51102,0.13263,
128,89.04798,40.93478,9.70026,-0.05886,0.99743,-0.00188,0.04078,0.79264,0.44272,0.14522,
128,89.08529,40.95573,9.70147,-0.06725,0.99526,-0.05263,0.04649,0.76600,0.40673,-0.09551,
128,89.12117,40.97437,9.69062,-0.07430,0.99038,-0.10544,0.05010,0.73030,0.36211,-0.29926,
128,89.15473,40.98961,9.68189,-0.07748,0.98285,-0.15965,0.05017,0.63880,0.25552,-0.05470,
128,89.18354,40.99884,9.68420,-0.08030,0.97210,-0.21477,0.04938,0.54684,0.15425,0.14130,
128,89.20558,41.00246,9.69330,-0.08242,0.95806,-0.27029,0.04767,0.46120,0.06891,0.21733,
128,89.22539,41.00345,9.70264,-0.08501,0.94047,-0.32589,0.04572,0.40241,0.01296,0.10423,
128,89.24394,41.00596,9.69960,-0.08710,0.91941,-0.38110,0.04315,0.36265,-0.01653,-0.14849,
128,89.25640,40.99995,9.68705,-0.08824,0.89493,-0.43558,0.03972,0.31337,-0.05969,-0.39212,
128,89.27141,40.99656,9.66818,-0.08646,0.86723,-0.48910,0.03503,0.21773,-0.13705,-0.24948,
128,89.28272,40.99150,9.66392,-0.08419,0.83609,-0.54123,0.03053,0.11466,-0.21364,-0.01298,
129,89.28616,40.97896,9.66633,-0.08177,0.80163,-0.59162,0.02629,0.02911,-0.27621,0.06727,
129,89.28542,40.96503,9.66784,-0.07901,0.76395,-0.64003,0.02234,-0.04587,-0.32408,0.07370,
129,89.28049,40.94613,9.67085,-0.07600,0.72322,-0.68617,0.01860,-0.11700,-0.37127,0.06358,
129,89.27193,40.92536,9.67379,0.07280,-0.67958,0.72982,-0.01517,-0.18550,-0.41283,0.04819,
129,89.25930,40.90214,9.67547,0.06998,-0.63316,0.77075,-0.01219,-0.24443,-0.44609,-0.03887,
129,89.24966,40.88270,9.66715,0.06820,-0.58416,0.80871,-0.00942,-0.27194,-0.45515,-0.28503,
129,89.23180,40.85631,9.65013,0.06526,-0.53285,0.84366,-0.00685,-0.33813,-0.48862,-0.31035,
129,89.21892,40.83515,9.64022,0.06129,-0.48028,0.87496,-0.00483,-0.40221,-0.51291,-0.16915,
129,89.19737,40.80748,9.63474,0.05764,-0.42903,0.90144,-0.00335,-0.46393,-0.53892,-0.12371,
129,89.17827,40.78382,9.62986,0.05411,-0.38087,0.92304,-0.00249,-0.50849,-0.54900,-0.11098,
129,89.15294,40.75637,9.62548,0.05075,-0.33796,0.93979,-0.00234,-0.55738,-0.56177,-0.11010,
129,89.12972,40.73401,9.61885,0.04753,-0.30274,0.95188,-0.00300,-0.59422,-0.55921,-0.11898,
129,89.10454,40.70971,9.61338,0.04437,-0.27459,0.96053,-0.00425,-0.62875,-0.55772,-0.12368,
129,89.07202,40.68264,9.60543,0.04134,-0.25369,0.96638,-0.00606,-0.67261,-0.55857,-0.13303,
129,89.03705,40.65662,9.60494,0.03834,-0.23870,0.97030,-0.00810,-0.71471,-0.55366,-0.12517,
129,89.00260,40.63113,9.59959,0.03525,-0.22882,0.97277,-0.01051,-0.74915,-0.54524,-0.12738,
129,88.98336,40.61537,9.59563,0.03211,-0.22277,0.97426,-0.01274,-0.74648,-0.51529,-0.12537,
129,88.94402,40.58925,9.58984,0.02955,-0.21998,0.97495,-0.01411,-0.78314,-0.50660,-0.12617,
129,88.90204,40.56404,9.58342,0.02861,-0.22247,0.97445,-0.01178,-0.81847,-0.49642,-0.14220,
130,88.86328,40.54170,9.57559,0.02758,-0.23374,0.97190,-0.00284,-0.84119,-0.48698,-0.18866,
130,88.82336,40.51469,9.56522,0.02246,-0.25337,0.96708,0.00755,-0.86188,-0.49620,-0.18892,
130,88.77892,40.48902,9.55834,0.01898,-0.27982,0.95975,0.01452,-0.88372,-0.51061,-0.14548,
130,88.72775,40.44886,9.55222,0.01680,-0.31232,0.94964,0.01916,-0.90997,-0.55465,-0.10685,
130,88.67699,40.40945,9.54738,0.01560,-0.34968,0.93648,0.02194,-0.92950,-0.59619,-0.09006,
130,88.62859,40.37658,9.54261,0.01495,-0.39007,0.92037,0.02341,-0.94099,-0.62417,-0.08276,
130,88.57958,40.34106,9.53877,0.01477,-0.43315,0.90089,0.02383,-0.95079,-0.65527,-0.07900,
130,88.52821,40.30163,9.53566,0.01485,-0.47761,0.87813,0.02354,-0.96256,-0.69074,-0.07666,
130,88.47437,40.25383,9.53122,0.01505,-0.52123,0.85297,0.02288,-0.97665,-0.73790,-0.07799,
130,88.42198,40.20824,9.52655,0.01519,-0.56181,0.82684,0.02185,-0.98714,-0.77793,-0.08054,
130,88.37283,40.17290,9.52342,0.01511,-0.59802,0.80107,0.02048,-0.99053,-0.79314,-0.08014,
130,88.31946,40.12587,9.51941,0.01496,-0.62880,0.77719,0.01919,-1.00160,-0.83052,-0.08193,
130,88.26721,40.08117,9.51510,0.01461,-0.65358,0.75650,0.01784,-1.00921,-0.85829,-0.08431,
130,88.21615,40.03734,9.51116,0.01407,-0.67250,0.73978,0.01651,-1.01354,-0.88040,-0.08564,
130,88.16563,39.99648,9.50748,0.01336,-0.68588,0.72743,0.01520,-1.01652,-0.89278,-0.08621,
130,88.11579,39.95504,9.50381,0.01253,-0.69435,0.71939,0.01399,-1.01774,-0.90387,-0.08661,
130,88.06825,39.91729,9.50090,0.01158,-0.69823,0.71566,0.01283,-1.01416,-0.90481,-0.08526,
130,88.02518,39.88337,9.49867,0.01052,-0.69829,0.71564,0.01176,-1.00172,-0.89638,-0.08246,
130,87.97741,39.83591,9.49489,0.00964,-0.69526,0.71861,0.01091,-1.00028,-0.91542,-0.08311,
130,87.93063,39.78860,9.49134,0.00878,-0.68983,0.72385,0.01012,-0.99763,-0.93106,-0.08322,
130,87.88299,39.74115,9.48770,0.00794,-0.68287,0.73043,0.00933,-0.99711,-0.94428,-0.08340,
131,87.84240,39.70608,9.48633,0.00700,-0.67500,0.73774,0.00845,-0.98566,-0.93493,-0.07975,
131,87.80121,39.67237,9.48486,0.00611,-0.66692,0.74506,0.00755,-0.97618,-0.92275,-0.07645,
131,87.75933,39.62581,9.48217,0.00545,-0.65933,0.75180,0.00684,-0.96830,-0.93157,-0.07533,
131,87.71506,39.59445,9.48054,0.00472,-0.65262,0.75765,0.00592,-0.96538,-0.91347,-0.07244,
131,87.67388,39.54815,9.47811,0.00419,-0.64714,0.76234,0.00527,-0.95743,-0.92053,-0.07112,
131,87.63663,39.50381,9.47576,0.00365,-0.64288,0.76594,0.00465,-0.94340,-0.92305,-0.06971,
131,87.59044,39.45719,9.47226,0.00323,-0.64005,0.76832,0.00401,-0.94536,-0.92805,-0.07018,
131,87.54629,39.40929,9.47197,0.00289,-0.63893,0.76925,0.00341,-0.94441,-0.93410,-0.06572,
131,87.50696,39.36082,9.46787,0.00253,-0.63903,0.76917,0.00288,-0.93681,-0.93981,-0.06735,
131,87.46053,39.31335,9.46434,0.00222,-0.64067,0.76781,0.00231,-0.94000,-0.94275,-0.06789,
131,87.41379,39.26580,9.46076,0.00194,-0.64349,0.76545,0.00176,-0.94355,-0.94495,-0.06840,
131,87.36595,39.21828,9.45730,0.00167,-0.64711,0.76240,0.00125,-0.94841,-0.94648,-0.06870,
131,87.31852,39.17057,9.45400,0.00141,-0.65126,0.75885,0.00080,-0.95259,-0.94771,-0.06877,
131,87.27108,39.12273,9.45081,0.00115,-0.65580,0.75493,0.00037,-0.95665,-0.94856,-0.06870,
131,87.24118,39.07028,9.45172,0.00089,-0.66066,0.75068,0.00010,-0.94135,-0.95481,-0.06430,
131,87.19522,39.02198,9.44806,0.00066,-0.66535,0.74653,-0.00025,-0.94441,-0.95517,-0.06494,
131,87.15796,38.97156,9.44705,0.00042,-0.66999,0.74237,-0.00055,-0.93689,-0.95790,-0.06247,
131,87.10901,38.92366,9.44318,0.00020,-0.67425,0.73851,-0.00087,-0.94349,-0.95677,-0.06350,
131,87.08094,38.87074,9.44337,-0.00002,-0.67816,0.73492,-0.00101,-0.92584,-0.96204,-0.05992,
132,87.02925,38.82396,9.43952,-0.00021,-0.68149,0.73182,-0.00133,-0.93603,-0.95877,-0.06096,
132,87.00654,38.77011,9.43917,-0.00045,-0.68454,0.72898,-0.00145,-0.91405,-0.96392,-0.05833,
132,86.96775,38.71995,9.43675,-0.00062,-0.68695,0.72670,-0.00163,-0.91073,-0.96435,-0.05791,
132,86.94792,38.66607,9.43598,-0.00084,-0.68909,0.72468,-0.00172,-0.88798,-0.96843,-0.05605,
132,86.90500,38.61707,9.43334,-0.00095,-0.69071,0.72313,-0.00192,-0.89048,-0.96691,-0.05598,
132,86.86051,38.56862,9.43043,-0.00108,-0.69202,0.72188,-0.00214,-0.89450,-0.96433,-0.05622,
132,86.84650,38.51483,9.43157,-0.00128,-0.69323,0.72071,-0.00218,-0.86900,-0.96731,-0.05265,
132,86.80194,38.46676,9.42817,-0.00139,-0.69415,0.71983,-0.00235,-0.87410,-0.96415,-0.05351,
132,86.75848,38.41858,9.42556,-0.00152,-0.69504,0.71897,-0.00251,-0.87792,-0.96095,-0.05358,
132,86.71476,38.37057,9.42298,-0.00164,-0.69593,0.71810,-0.00265,-0.88184,-0.95755,-0.05362,
132,86.67104,38.32272,9.42038,-0.00176,-0.69688,0.71718,-0.00278,-0.88562,-0.95400,-0.05367,
132,86.62689,38.27511,9.41770,-0.00187,-0.69792,0.71616,-0.00290,-0.88961,-0.95024,-0.05380,
132,86.62317,38.22133,9.41922,-0.00208,-0.69926,0.71486,-0.00287,-0.86079,-0.95204,-0.05085,
132,86.59164,38.17132,9.41705,-0.00218,-0.70051,0.71364,-0.00289,-0.85528,-0.95084,-0.05073,
132,86.55050,38.12342,9.41462,-0.00228,-0.70193,0.71224,-0.00298,-0.85781,-0.94721,-0.05079,
132,86.50781,38.07593,9.41192,-0.00237,-0.70348,0.71070,-0.00308,-0.86145,-0.94321,-0.05106,
132,86.46558,38.02847,9.40924,-0.00245,-0.70515,0.70905,-0.00317,-0.86461,-0.93929,-0.05131,
132,86.47677,37.97357,9.41728,-0.00261,-0.70702,0.70718,-0.00305,-0.82805,-0.94181,-0.04401,
132,86.43630,37.92588,9.41396,0.00267,0.70881,-0.70539,0.00314,-0.83088,-0.93802,-0.04497,
132,86.38921,37.88018,9.41320,0.00273,0.71068,-0.70350,0.00326,-0.83854,-0.93254,-0.04399,
132,86.33999,37.83539,9.41152,0.00279,0.71256,-0.70160,0.00340,-0.84740,-0.92640,-0.04374,
133,86.29510,37.78916,9.41168,0.00290,0.71455,-0.69957,0.00365,-0.85454,-0.91992,-0.04219,
133,86.27955,37.73280,9.41295,0.00298,0.71637,-0.69770,0.00350,-0.83619,-0.92473,-0.03956,
133,86.23642,37.68679,9.41118,0.00305,0.71824,-0.69578,0.00356,-0.84093,-0.91977,-0.03951,
133,86.19362,37.64092,9.40941,0.00313,0.72010,-0.69385,0.00361,-0.84520,-0.91487,-0.03947,
133,86.17314,37.58945,9.41219,0.00323,0.72204,-0.69183,0.00365,-0.83350,-0.91401,-0.03616,
133,86.13822,37.54076,9.41070,0.00332,0.72385,-0.68994,0.00364,-0.83189,-0.91163,-0.03601,
133,86.09528,37.49566,9.40933,0.00339,0.72567,-0.68803,0.00369,-0.83648,-0.90616,-0.03583,
133,86.05342,37.45063,9.40799,0.00346,0.72747,-0.68612,0.00373,-0.84010,-0.90087,-0.03563,
133,86.01406,37.40847,9.40583,0.00359,0.72933,-0.68414,0.00394,-0.84377,-0.89192,-0.03641,
133,85.99806,37.35237,9.40917,0.00363,0.73104,-0.68231,0.00379,-0.82818,-0.89614,-0.03276,
133,85.95617,37.30780,9.40751,0.00370,0.73276,-0.68047,0.00383,-0.83198,-0.89065,-0.03291,
133,85.91457,37.26343,9.40584,0.00376,0.73445,-0.67864,0.00387,-0.83547,-0.88518,-0.03307,
133,85.90837,37.21527,9.41559,0.00385,0.73620,-0.67675,0.00391,-0.81617,-0.88226,-0.02587,
133,85.87676,37.16771,9.41447,0.00391,0.73780,-0.67499,0.00389,-0.81303,-0.87950,-0.02590,
133,85.83623,37.12434,9.41326,0.00395,0.73939,-0.67325,0.00394,-0.81626,-0.87357,-0.02599,
133,85.79541,37.08117,9.41189,0.00399,0.74095,-0.67154,0.00398,-0.81960,-0.86767,-0.02618,
133,85.76716,37.04749,9.41975,0.00410,0.74258,-0.66974,0.00420,-0.81726,-0.85419,-0.02096,
133,85.76297,36.98717,9.42259,0.00412,0.74403,-0.66812,0.00402,-0.79623,-0.86137,-0.01856,
133,85.72323,36.94468,9.42205,0.00414,0.74550,-0.66648,0.00408,-0.79953,-0.85531,-0.01846,
134,85.68347,36.90196,9.42133,0.00416,0.74694,-0.66487,0.00413,-0.80276,-0.84960,-0.01849,
134,85.69766,36.86021,9.43962,0.00426,0.74843,-0.66319,0.00415,-0.77357,-0.84328,-0.00721,
134,85.66847,36.81232,9.43737,0.00427,0.74979,-0.66165,0.00413,-0.77050,-0.84148,-0.00858,
134,85.63034,36.77051,9.43707,0.00429,0.75115,-0.66011,0.00418,-0.77352,-0.83553,-0.00866,
134,85.59251,36.72964,9.43672,0.00433,0.75250,-0.65856,0.00421,-0.77626,-0.82912,-0.00874,
134,85.58580,36.69767,9.45123,0.00449,0.75396,-0.65689,0.00433,-0.76051,-0.81553,0.00015,
134,85.58033,36.64093,9.45317,0.00455,0.75533,-0.65532,0.00414,-0.74150,-0.82096,0.00138,
134,85.54357,36.60061,9.45321,0.00461,0.75677,-0.65365,0.00415,-0.74431,-0.81448,0.00125,
134,85.50646,36.56050,9.45261,0.00469,0.75824,-0.65194,0.00417,-0.74713,-0.80780,0.00076,
134,85.50262,36.52957,9.47102,0.00484,0.75983,-0.65009,0.00424,-0.72951,-0.79434,0.01225,
134,85.48930,36.47224,9.46863,0.00487,0.76134,-0.64832,0.00411,-0.71653,-0.80046,0.01010,
134,85.45385,36.43182,9.46999,0.00492,0.76290,-0.64648,0.00412,-0.71921,-0.79464,0.01053,
134,85.41838,36.39179,9.47147,0.00496,0.76447,-0.64462,0.00414,-0.72180,-0.78873,0.01102,
134,85.44035,36.35164,9.48926,0.00511,0.76612,-0.64267,0.00406,-0.68666,-0.78303,0.02169,
134,85.41155,36.31034,9.49011,0.00514,0.76767,-0.64081,0.00403,-0.68545,-0.77851,0.02146,
134,85.37823,36.27143,9.49127,0.00518,0.76923,-0.63893,0.00405,-0.68745,-0.77222,0.02137,
134,85.34495,36.23227,9.49254,0.00521,0.77077,-0.63707,0.00407,-0.68939,-0.76628,0.02136,
134,85.36438,36.19314,9.50974,0.00533,0.77235,-0.63516,0.00402,-0.65705,-0.76063,0.03136,
134,85.33994,36.14988,9.50988,0.00534,0.77381,-0.63338,0.00397,-0.65365,-0.75806,0.03031,
134,85.30697,36.11266,9.51096,0.00538,0.77526,-0.63161,0.00399,-0.65624,-0.75119,0.02990,
134,85.27310,36.07664,9.51251,0.00543,0.77668,-0.62985,0.00400,-0.65936,-0.74379,0.02981,
135,85.28473,36.03687,9.52588,0.00556,0.77816,-0.62803,0.00396,-0.63301,-0.73906,0.03712,
135,85.27201,35.99365,9.52825,0.00561,0.77955,-0.62630,0.00386,-0.62246,-0.73718,0.03746,
135,85.24311,35.95653,9.53030,0.00565,0.78096,-0.62454,0.00385,-0.62325,-0.73098,0.03744,
135,85.21252,35.91958,9.53239,0.00570,0.78238,-0.62276,0.00385,-0.62510,-0.72476,0.03745,
135,85.18228,35.88166,9.53361,0.00575,0.78380,-0.62097,0.00385,-0.62661,-0.71927,0.03690,
135,85.20621,35.84250,9.54783,0.00589,0.78529,-0.61909,0.00379,-0.59400,-0.71468,0.04422,
135,85.19936,35.80496,9.55194,0.00598,0.78670,-0.61729,0.00368,-0.58082,-0.70969,0.04549,
135,85.17028,35.77224,9.55506,0.00605,0.78815,-0.61544,0.00368,-0.58272,-0.70130,0.04591,
135,85.14043,35.73864,9.55792,0.00612,0.78962,-0.61355,0.00368,-0.58502,-0.69369,0.04615,
135,85.17187,35.71491,9.57544,0.00635,0.79118,-0.61155,0.00360,-0.54847,-0.67955,0.05542,
135,85.15492,35.68210,9.57840,0.00642,0.79268,-0.60959,0.00353,-0.54292,-0.67234,0.05551,
135,85.12852,35.65078,9.58161,0.00648,0.79423,-0.60758,0.00351,-0.54398,-0.66416,0.05568,
135,85.10296,35.62014,9.58463,0.00654,0.79576,-0.60556,0.00351,-0.54442,-0.65567,0.05572,
135,85.13838,35.60552,9.59961,0.00679,0.79737,-0.60344,0.00344,-0.50628,-0.63635,0.06299,
135,85.15665,35.56198,9.60175,0.00686,0.79889,-0.60143,0.00320,-0.47905,-0.63768,0.06237,
135,85.13118,35.53208,9.60467,0.00694,0.80043,-0.59938,0.00319,-0.48095,-0.62933,0.06214,
135,85.10738,35.50248,9.60774,0.00703,0.80197,-0.59731,0.00317,-0.48173,-0.62099,0.06203,
135,85.18647,35.49499,9.61922,0.00739,0.80362,-0.59509,0.00293,-0.41684,-0.59830,0.06683,
135,85.24110,35.46402,9.62355,0.00755,0.80519,-0.59297,0.00257,-0.36848,-0.59329,0.06756,
136,85.22747,35.43715,9.62729,0.00765,0.80679,-0.59078,0.00253,-0.36558,-0.58437,0.06771,
136,85.21456,35.41102,9.63123,0.00774,0.80841,-0.58857,0.00250,-0.36233,-0.57527,0.06796,
136,85.48568,35.45960,9.62946,0.00856,0.81009,-0.58624,0.00153,-0.17361,-0.51996,0.06475,
136,85.71162,35.56582,9.60772,0.00930,0.81167,-0.58404,0.00093,-0.02550,-0.43209,0.04905,
136,85.81526,35.61836,9.59312,0.00969,0.81328,-0.58180,0.00073,0.03972,-0.37962,0.03879,
136,86.00856,35.69144,9.54872,0.01018,0.81485,-0.57958,0.00031,0.16544,-0.31508,0.00963,
136,86.01942,35.68230,9.54839,0.01022,0.81642,-0.57737,0.00030,0.17006,-0.30279,0.00916,
136,86.02597,35.65340,9.54986,0.01020,0.81797,-0.57517,0.00028,0.17201,-0.30326,0.00949,
136,86.06222,35.59613,9.54440,0.01010,0.81953,-0.57295,0.00007,0.19443,-0.32555,0.00641,
136,86.06829,35.57742,9.54608,0.01009,0.82099,-0.57085,0.00010,0.19484,-0.31903,0.00714,
136,86.07687,35.54605,9.54761,0.01003,0.82243,-0.56878,0.00008,0.19696,-0.32117,0.00776,
136,86.08489,35.51644,9.54929,0.00999,0.82382,-0.56676,0.00007,0.19890,-0.32177,0.00837,
136,86.11218,35.44912,9.54604,0.00987,0.82523,-0.56472,-0.00013,0.21446,-0.35047,0.00645,
136,86.12188,35.44024,9.54660,0.00996,0.82658,-0.56273,-0.00013,0.21716,-0.33659,0.00638,
136,86.13410,35.42258,9.54731,0.01005,0.82798,-0.56067,-0.00019,0.22178,-0.32923,0.00660,
136,86.14614,35.40240,9.54816,0.01015,0.82943,-0.55852,-0.00025,0.22606,-0.32367,0.00693,
136,86.17255,35.35092,9.54670,0.01016,0.83103,-0.55614,-0.00048,0.24099,-0.34221,0.00595,
136,86.18369,35.34292,9.54614,0.01030,0.83258,-0.55381,-0.00048,0.24375,-0.32760,0.00523,
136,86.19717,35.33044,9.54612,0.01044,0.83424,-0.55130,-0.00054,0.24904,-0.31685,0.00500,
136,86.22314,35.27108,9.54274,0.01045,0.83606,-0.54854,-0.00074,0.26344,-0.34063,0.00278,
136,86.23500,35.26032,9.54288,0.01057,0.83781,-0.54586,-0.00077,0.26648,-0.32801,0.00264,
137,86.24886,35.24105,9.54315,0.01065,0.83962,-0.54307,-0.00083,0.27102,-0.32188,0.00272,
137,86.27150,35.19292,9.54108,0.01067,0.84153,-0.54011,-0.00097,0.28231,-0.33777,0.00145,
137,86.28440,35.17841,9.54157,0.01074,0.84335,-0.53726,-0.00100,0.28542,-0.32782,0.00167,
137,86.29884,35.15500,9.54204,0.01078,0.84517,-0.53439,-0.00104,0.28929,-0.32475,0.00190,
137,86.31698,35.11313,9.54050,0.01078,0.84703,-0.53143,-0.00111,0.29592,-0.33594,0.00073,
137,86.33206,35.10149,9.54052,0.01088,0.84879,-0.52861,-0.00113,0.30093,-0.32369,0.00049,
137,86.34774,35.08486,9.54082,0.01093,0.85052,-0.52583,-0.00116,0.30594,-0.31579,0.00068,
137,86.36079,35.06007,9.54094,0.01093,0.85225,-0.52302,-0.00116,0.30753,-0.31470,0.00109,
137,86.37781,35.03966,9.54055,0.01094,0.85386,-0.52039,-0.00116,0.31298,-0.31001,0.00058,
137,86.39432,35.02333,9.54040,0.01097,0.85541,-0.51784,-0.00117,0.31816,-0.30239,0.00031,
137,86.41037,34.99102,9.53988,0.01090,0.85694,-0.51530,-0.00117,0.32201,-0.30738,0.00012,
137,86.42764,34.97649,9.53919,0.01094,0.85835,-0.51294,-0.00117,0.32769,-0.29830,-0.00088,
137,86.44355,34.96069,9.53851,0.01094,0.85971,-0.51066,-0.00113,0.33130,-0.29046,-0.00182,
137,86.45547,34.93974,9.53717,0.01093,0.86105,-0.50840,-0.00107,0.33119,-0.28672,-0.00323,
137,86.47386,34.92233,9.53645,0.01091,0.86231,-0.50627,-0.00106,0.33692,-0.28076,-0.00415,
137,86.49136,34.90068,9.53673,0.01086,0.86353,-0.50418,-0.00103,0.34075,-0.27832,-0.00376,
137,86.50917,34.88184,9.53637,0.01082,0.86472,-0.50214,-0.00100,0.34496,-0.27367,-0.00420,
137,86.51496,34.86693,9.53462,0.01068,0.86593,-0.50006,-0.00080,0.33577,-0.26747,-0.00580,
137,86.53315,34.84913,9.53448,0.01064,0.86706,-0.49809,-0.00077,0.34029,-0.26266,-0.00594,
138,86.55145,34.83200,9.53437,0.01060,0.86817,-0.49615,-0.00074,0.34483,-0.25752,-0.00600,
138,86.57051,34.81430,9.53423,0.01056,0.86927,-0.49422,-0.00072,0.34972,-0.25295,-0.00607,
138,86.58940,34.76653,9.53128,0.01040,0.87037,-0.49229,-0.00065,0.35186,-0.27269,-0.00893,
138,86.60955,34.75229,9.53149,0.01038,0.87143,-0.49041,-0.00063,0.35793,-0.26501,-0.00847,
138,86.62938,34.73387,9.53181,0.01032,0.87248,-0.48854,-0.00061,0.36283,-0.26107,-0.00788,
138,86.64963,34.71520,9.53168,0.01026,0.87351,-0.48670,-0.00058,0.36772,-0.25735,-0.00786,
138,86.66432,34.66871,9.53153,0.01002,0.87453,-0.48487,-0.00051,0.36534,-0.27732,-0.00763,
138,86.68379,34.65417,9.53173,0.00996,0.87551,-0.48309,-0.00047,0.36940,-0.27006,-0.00721,
138,86.70397,34.63706,9.53181,0.00990,0.87648,-0.48133,-0.00044,0.37380,-0.26512,-0.00696,
138,86.72425,34.61983,9.53159,0.00983,0.87743,-0.47961,-0.00040,0.37780,-0.26040,-0.00704,
138,86.74429,34.60181,9.53148,0.00975,0.87835,-0.47793,-0.00035,0.38106,-0.25644,-0.00701,
138,86.75858,34.55743,9.53224,0.00950,0.87924,-0.47628,-0.00029,0.37830,-0.27434,-0.00589,
138,86.77884,34.54326,9.53249,0.00943,0.88012,-0.47467,-0.00024,0.38175,-0.26723,-0.00553,
138,86.79972,34.52509,9.53306,0.00935,0.88096,-0.47309,-0.00021,0.38548,-0.26351,-0.00479,
138,86.82110,34.50783,9.53349,0.00928,0.88179,-0.47155,-0.00018,0.38951,-0.25916,-0.00429,
138,86.84232,34.49075,9.53357,0.00920,0.88258,-0.47007,-0.00013,0.39295,-0.25477,-0.00407,
138,86.85540,34.44337,9.53588,0.00889,0.88337,-0.46859,-0.00009,0.38827,-0.27562,-0.00112,
138,86.87659,34.42804,9.53608,0.00883,0.88412,-0.46718,-0.00004,0.39166,-0.26950,-0.00111,
138,86.89721,34.41009,9.53594,0.00874,0.88484,-0.46581,0.00001,0.39410,-0.26579,-0.00139,
138,86.91675,34.39406,9.53676,0.00864,0.88554,-0.46448,0.00006,0.39552,-0.26109,-0.00084,
138,86.93640,34.37911,9.53656,0.00856,0.88623,-0.46317,0.00012,0.39679,-0.25556,-0.00122,
139,86.95631,34.36427,9.53724,0.00847,0.88689,-0.46190,0.00018,0.39823,-0.25026,-0.00073,
139,86.96818,34.30530,9.53872,0.00811,0.88758,-0.46059,0.00019,0.39125,-0.27847,0.00068,
139,86.98852,34.29425,9.53884,0.00805,0.88819,-0.45940,0.00027,0.39307,-0.26984,0.00059,
139,87.00790,34.27821,9.53886,0.00796,0.88880,-0.45823,0.00033,0.39373,-0.26525,0.00043,
139,87.02828,34.26278,9.53935,0.00788,0.88939,-0.45708,0.00038,0.39534,-0.26037,0.00070,
139,87.04938,34.24695,9.53973,0.00780,0.88996,-0.45597,0.00043,0.39733,-0.25591,0.00084,
139,87.06722,34.23376,9.53980,0.00771,0.89052,-0.45488,0.00050,0.39638,-0.25012,0.00074,
139,87.07647,34.17790,9.53790,0.00739,0.89111,-0.45374,0.00052,0.38750,-0.27486,-0.00065,
139,87.09685,34.16630,9.53845,0.00733,0.89164,-0.45268,0.00058,0.38899,-0.26734,-0.00043,
139,87.11448,34.15262,9.53835,0.00724,0.89216,-0.45165,0.00065,0.38796,-0.26181,-0.00064,
139,87.13233,34.13927,9.53775,0.00717,0.89268,-0.45064,0.00072,0.38705,-0.25610,-0.00118,
139,87.15094,34.12528,9.53752,0.00710,0.89318,-0.44964,0.00078,0.38663,-0.25109,-0.00139,
139,87.16891,34.11194,9.53741,0.00702,0.89367,-0.44866,0.00084,0.38572,-0.24596,-0.00158,
139,87.18616,34.10088,9.53807,0.00695,0.89415,-0.44770,0.00091,0.38441,-0.23976,-0.00117,
139,87.20234,34.09068,9.53872,0.00687,0.89463,-0.44676,0.00098,0.38231,-0.23332,-0.00080,
139,87.19975,34.03461,9.53683,0.00656,0.89511,-0.44579,0.00105,0.36617,-0.25696,-0.00206,
139,87.22359,34.01851,9.53709,0.00650,0.89557,-0.44488,0.00106,0.36975,-0.25306,-0.00208,
139,87.24047,34.00450,9.53713,0.00642,0.89600,-0.44400,0.00112,0.36819,-0.24881,-0.00215,
139,87.25725,33.98989,9.53749,0.00634,0.89643,-0.44315,0.00118,0.36648,-0.24515,-0.00197,
140,87.27312,33.97601,9.53819,0.00624,0.89684,-0.44232,0.00124,0.36411,-0.24140,-0.00154,
140,87.28793,33.96652,9.54054,0.00615,0.89723,-0.44152,0.00130,0.36139,-0.23552,0.00011,
140,87.30507,33.95237,9.54136,0.00607,0.89761,-0.44074,0.00135,0.35995,-0.23210,0.00057,
140,87.32307,33.93587,9.54194,0.00598,0.89799,-0.43998,0.00139,0.35882,-0.23020,0.00082,
140,87.34175,33.91837,9.54255,0.00588,0.89834,-0.43925,0.00142,0.35805,-0.22894,0.00104,
140,87.28837,33.90005,9.54099,0.00548,0.89876,-0.43839,0.00165,0.31363,-0.23886,-0.00041,
140,87.31131,33.88680,9.54170,0.00543,0.89908,-0.43776,0.00167,0.31643,-0.23440,-0.00003,
140,87.32987,33.86965,9.54286,0.00536,0.89940,-0.43709,0.00169,0.31653,-0.23314,0.00069,
140,87.34430,33.85679,9.54312,0.00528,0.89972,-0.43644,0.00173,0.31400,-0.22986,0.00072,
140,87.36178,33.84252,9.54325,0.00522,0.90003,-0.43580,0.00176,0.31343,-0.22699,0.00066,
140,87.38172,33.82732,9.54280,0.00517,0.90033,-0.43518,0.00177,0.31414,-0.22445,0.00013,
140,87.40246,33.81190,9.54179,0.00512,0.90062,-0.43457,0.00178,0.31531,-0.22189,-0.00071,
140,87.42304,33.79758,9.54106,0.00508,0.90091,-0.43398,0.00180,0.31636,-0.21880,-0.00132,
140,87.44178,33.78530,9.54027,0.00504,0.90119,-0.43339,0.00182,0.31637,-0.21484,-0.00200,
140,87.45954,33.77377,9.54011,0.00500,0.90147,-0.43281,0.00184,0.31589,-0.21074,-0.00224,
140,87.47548,33.76404,9.54052,0.00496,0.90174,-0.43224,0.00187,0.31440,-0.20610,-0.00205,
140,87.45444,33.70579,9.54192,0.00459,0.90209,-0.43151,0.00184,0.29295,-0.23505,-0.00020,
140,87.46492,33.69429,9.54469,0.00448,0.90237,-0.43094,0.00188,0.28868,-0.23244,0.00128,
140,87.48174,33.67929,9.54582,0.00441,0.90262,-0.43040,0.00188,0.28814,-0.23071,0.00193,
140,87.50054,33.66345,9.54658,0.00436,0.90287,-0.42988,0.00188,0.28865,-0.22904,0.00237,
140,87.51837,33.64855,9.54732,0.00431,0.90312,-0.42936,0.00188,0.28865,-0.22695,0.00273,
141,87.53890,33.63147,9.54806,0.00428,0.90336,-0.42886,0.00187,0.29006,-0.22580,0.00300,
141,87.56043,33.61401,9.54817,0.00424,0.90359,-0.42837,0.00186,0.29182,-0.22468,0.00278,
141,87.58124,33.59866,9.54781,0.00422,0.90382,-0.42790,0.00185,0.29322,-0.22238,0.00229,
141,87.60431,33.58027,9.54728,0.00420,0.90404,-0.42743,0.00183,0.29573,-0.22142,0.00173,
141,87.62810,33.56217,9.54580,0.00419,0.90425,-0.42698,0.00182,0.29843,-0.22008,0.00058,
141,87.64768,33.54761,9.54505,0.00416,0.90446,-0.42654,0.00182,0.29887,-0.21778,-0.00009,
141,87.66507,33.53477,9.54544,0.00413,0.90466,-0.42611,0.00183,0.29827,-0.21498,-0.00001,
141,87.65992,33.43707,9.55488,0.00359,0.90496,-0.42548,0.00158,0.28892,-0.26587,0.00684,
141,87.66440,33.43089,9.55611,0.00352,0.90516,-0.42506,0.00163,0.28196,-0.26111,0.00725,
141,87.67889,33.41497,9.55679,0.00347,0.90534,-0.42467,0.00163,0.28014,-0.26038,0.00730,
141,87.69372,33.39946,9.55614,0.00344,0.90553,-0.42427,0.00164,0.27839,-0.25886,0.00647,
141,87.70813,33.38342,9.55498,0.00341,0.90570,-0.42390,0.00165,0.27641,-0.25762,0.00533,
141,87.72041,33.36869,9.55397,0.00338,0.90588,-0.42352,0.00167,0.27351,-0.25599,0.00444,
141,87.73356,33.35465,9.55308,0.00336,0.90605,-0.42315,0.00169,0.27103,-0.25387,0.00378,
141,87.74973,33.33786,9.55220,0.00334,0.90622,-0.42280,0.00169,0.27016,-0.25286,0.00309,
141,87.76779,33.31854,9.55147,0.00332,0.90638,-0.42245,0.00167,0.27019,-0.25305,0.00247,
141,87.78441,33.30004,9.55119,0.00329,0.90654,-0.42211,0.00166,0.26961,-0.25313,0.00210,
141,87.79670,33.28615,9.55151,0.00326,0.90669,-0.42177,0.00167,0.26697,-0.25163,0.00208,
141,87.81038,33.27265,9.55163,0.00323,0.90684,-0.42145,0.00168,0.26489,-0.24963,0.00195,
142,87.83156,33.25422,9.55192,0.00321,0.90699,-0.42114,0.00167,0.26641,-0.24900,0.00182,
142,87.85179,33.23774,9.55237,0.00320,0.90713,-0.42084,0.00165,0.26755,-0.24749,0.00177,
142,87.86999,33.21952,9.55337,0.00317,0.90727,-0.42054,0.00163,0.26780,-0.24751,0.00202,
142,87.88701,33.20163,9.55445,0.00313,0.90740,-0.42025,0.00161,0.26742,-0.24778,0.00220,
142,87.90528,33.18358,9.55438,0.00309,0.90753,-0.41997,0.00159,0.26749,-0.24784,0.00172,
142,87.91749,33.10385,9.55499,0.00293,0.90772,-0.41957,0.00125,0.27414,-0.28090,0.00122,
142,87.92597,33.09587,9.55492,0.00288,0.90782,-0.41934,0.00129,0.26937,-0.27731,0.00088,
142,87.94242,33.07751,9.55519,0.00285,0.90794,-0.41908,0.00127,0.26894,-0.27758,0.00067,
142,87.95711,33.05992,9.55544,0.00281,0.90806,-0.41882,0.00125,0.26765,-0.27788,0.00042,
142,87.97271,33.04105,9.55539,0.00277,0.90818,-0.41857,0.00123,0.26679,-0.27884,-0.00007,
142,87.99016,33.02209,9.55529,0.00274,0.90829,-0.41834,0.00121,0.26679,-0.27943,-0.00052,
142,88.01009,33.00206,9.55538,0.00272,0.90839,-0.41810,0.00117,0.26806,-0.28040,-0.00086,
142,88.03037,32.98217,9.55601,0.00269,0.90850,-0.41788,0.00113,0.26948,-0.28144,-0.00088,
142,88.04979,32.96216,9.55699,0.00266,0.90860,-0.41766,0.00109,0.27050,-0.28268,-0.00067,
142,88.06625,32.94329,9.55742,0.00261,0.90870,-0.41744,0.00107,0.27014,-0.28381,-0.00084,
142,88.08154,32.92628,9.55789,0.00258,0.90880,-0.41723,0.00105,0.26926,-0.28404,-0.00090,
142,88.10025,32.90795,9.55822,0.00257,0.90889,-0.41703,0.00102,0.27011,-0.28400,-0.00097,
142,88.11566,32.89130,9.55831,0.00255,0.90898,-0.41683,0.00100,0.26939,-0.28358,-0.00114,
142,88.12867,32.87746,9.55898,0.00252,0.90907,-0.41664,0.00101,0.26727,-0.28231,-0.00100,
142,88.14800,32.79969,9.56229,0.00231,0.90922,-0.41631,0.00052,0.28028,-0.31798,0.00003,
142,88.15403,32.79193,9.56272,0.00227,0.90929,-0.41615,0.00058,0.27459,-0.31412,0.00010,
143,88.16821,32.77500,9.56280,0.00225,0.90937,-0.41597,0.00057,0.27333,-0.31376,-0.00005,
143,88.18257,32.75829,9.56311,0.00223,0.90945,-0.41580,0.00057,0.27216,-0.31332,-0.00009,
143,88.19718,32.74080,9.56325,0.00221,0.90953,-0.41563,0.00055,0.27125,-0.31323,-0.00031,
143,88.21234,32.72270,9.56332,0.00220,0.90961,-0.41546,0.00054,0.27069,-0.31329,-0.00057,
143,88.22893,32.70432,9.56357,0.00219,0.90968,-0.41530,0.00052,0.27079,-0.31305,-0.00057,
143,88.24457,32.68665,9.56390,0.00217,0.90975,-0.41514,0.00051,0.27035,-0.31247,-0.00056,
143,88.26075,32.66914,9.56470,0.00215,0.90982,-0.41499,0.00049,0.27033,-0.31191,-0.00028,
143,88.27888,32.65129,9.56497,0.00216,0.90989,-0.41484,0.00047,0.27126,-0.31104,-0.00029,
143,88.29465,32.63471,9.56508,0.00216,0.90996,-0.41470,0.00047,0.27087,-0.30965,-0.00031,
143,88.31065,32.61754,9.56553,0.00216,0.91002,-0.41457,0.00047,0.27054,-0.30850,-0.00014,
143,88.32706,32.60017,9.56572,0.00216,0.91008,-0.41444,0.00046,0.27030,-0.30762,-0.00012,
143,88.34362,32.58391,9.56579,0.00217,0.91013,-0.41431,0.00046,0.27022,-0.30624,-0.00017,
143,88.35877,32.56782,9.56609,0.00218,0.91019,-0.41418,0.00046,0.26959,-0.30492,-0.00011,
143,88.37436,32.55192,9.56575,0.00218,0.91025,-0.41405,0.00046,0.26913,-0.30353,-0.00049,
143,88.39005,32.53696,9.56465,0.00219,0.91030,-0.41393,0.00046,0.26861,-0.30152,-0.00120,
143,88.40549,32.52303,9.56363,0.00221,0.91036,-0.41382,0.00046,0.26808,-0.29883,-0.00180,
143,88.42071,32.50873,9.56326,0.00223,0.91041,-0.41371,0.00047,0.26744,-0.29649,-0.00202,
143,88.43552,32.49676,9.56233,0.00226,0.91045,-0.41360,0.00047,0.26675,-0.29316,-0.00251,
143,88.45215,32.48373,9.56141,0.00230,0.91050,-0.41350,0.00046,0.26708,-0.29033,-0.00298,
144,88.47120,32.44094,9.56263,0.00229,0.91059,-0.41330,0.00015,0.28049,-0.30382,-0.00367,
144,88.48135,32.43311,9.56107,0.00228,0.91063,-0.41321,0.00018,0.27774,-0.29968,-0.00441,
144,88.49620,32.42015,9.56049,0.00230,0.91067,-0.41312,0.00018,0.27734,-0.29719,-0.00468,
144,88.51218,32.40642,9.55971,0.00232,0.91071,-0.41304,0.00017,0.27759,-0.29505,-0.00506,
144,88.52827,32.39097,9.55946,0.00233,0.91075,-0.41296,0.00015,0.27781,-0.29380,-0.00521,
144,88.54412,32.37506,9.55949,0.00233,0.91079,-0.41287,0.00013,0.27800,-0.29292,-0.00512,
144,88.56069,32.35814,9.56043,0.00232,0.91082,-0.41279,0.00010,0.27870,-0.29278,-0.00466,
144,88.57535,32.34170,9.56092,0.00231,0.91086,-0.41270,0.00009,0.27824,-0.29224,-0.00454,
144,88.59006,32.32489,9.56038,0.00231,0.91090,-0.41262,0.00007,0.27769,-0.29205,-0.00490,
144,88.60603,32.30722,9.56176,0.00228,0.91094,-0.41254,0.00005,0.27776,-0.29269,-0.00427,
144,88.62273,32.28882,9.56375,0.00225,0.91097,-0.41246,0.00002,0.27827,-0.29369,-0.00338,
144,88.63940,32.27159,9.56445,0.00224,0.91101,-0.41239,-0.00000,0.27885,-0.29410,-0.00327,
144,88.65522,32.25184,9.56398,0.00222,0.91104,-0.41231,-0.00003,0.27874,-0.29548,-0.00370,
144,88.67157,32.22896,9.56440,0.00220,0.91107,-0.41224,-0.00007,0.27892,-0.29824,-0.00354,
144,88.68775,32.20797,9.56489,0.00218,0.91110,-0.41217,-0.00009,0.27893,-0.30028,-0.00332,
144,88.70155,32.18997,9.56523,0.00215,0.91113,-0.41211,-0.00010,0.27761,-0.30164,-0.00320,
144,88.71801,32.14909,9.56605,0.00199,0.91121,-0.41194,-0.00030,0.28544,-0.31527,-0.00467,
144,88.72772,32.13606,9.56432,0.00197,0.91123,-0.41188,-0.00028,0.28269,-0.31458,-0.00565,
144,88.74305,32.11684,9.56319,0.00194,0.91126,-0.41182,-0.00031,0.28238,-0.31662,-0.00659,
144,88.75821,32.09626,9.56315,0.00189,0.91129,-0.41176,-0.00033,0.28187,-0.31956,-0.00677,
144,88.77483,32.07531,9.56371,0.00186,0.91131,-0.41171,-0.00037,0.28251,-0.32262,-0.00635,
145,88.79292,32.05398,9.56391,0.00182,0.91131,-0.41171,-0.00042,0.28339,-0.32560,-0.00645,
145,88.80802,32.03395,9.56295,0.00179,0.91134,-0.41166,-0.00044,0.28298,-0.32746,-0.00723,
145,88.82343,32.01514,9.56256,0.00177,0.91136,-0.41160,-0.00047,0.28300,-0.32889,-0.00769,
145,88.83810,31.99751,9.56231,0.00175,0.91138,-0.41155,-0.00049,0.28265,-0.32974,-0.00808,
145,88.85279,31.98149,9.56130,0.00174,0.91140,-0.41151,-0.00051,0.28255,-0.33006,-0.00887,
145,88.86849,31.96550,9.56061,0.00174,0.91142,-0.41147,-0.00053,0.28309,-0.33025,-0.00955,
145,88.88363,31.94751,9.56071,0.00174,0.91144,-0.41143,-0.00055,0.28294,-0.33066,-0.00957,
145,88.89743,31.93110,9.56023,0.00174,0.91146,-0.41139,-0.00055,0.28203,-0.33057,-0.00987,
145,88.91223,31.91610,9.55904,0.00174,0.91148,-0.41135,-0.00056,0.28189,-0.32987,-0.01058,
145,88.91012,31.90057,9.55836,0.00163,0.91152,-0.41125,-0.00070,0.28351,-0.33552,-0.01095,
145,88.91704,31.89334,9.55616,0.00164,0.91153,-0.41124,-0.00065,0.28023,-0.33133,-0.01175,
145,88.93157,31.88031,9.55527,0.00163,0.91151,-0.41128,-0.00064,0.28042,-0.32925,-0.01208,
145,88.94603,31.86844,9.55490,0.00162,0.91145,-0.41140,-0.00061,0.28060,-0.32634,-0.01180,
145,88.95984,31.85571,9.55441,0.00159,0.91137,-0.41159,-0.00058,0.27998,-0.32373,-0.01157,
145,88.97413,31.84329,9.55342,0.00156,0.91124,-0.41187,-0.00055,0.27982,-0.32138,-0.01189,
145,88.98844,31.83083,9.55220,0.00153,0.91107,-0.41225,-0.00052,0.27968,-0.31916,-0.01237,
145,89.00310,31.81715,9.55140,0.00149,0.91086,-0.41272,-0.00049,0.27948,-0.31732,-0.01257,
145,89.01743,31.80429,9.55116,0.00145,0.91061,-0.41327,-0.00046,0.27916,-0.31517,-0.01245,
145,89.03141,31.79276,9.55134,0.00141,0.91033,-0.41388,-0.00044,0.27894,-0.31319,-0.01213,
146,89.04559,31.78181,9.55194,0.00138,0.91003,-0.41454,-0.00042,0.27892,-0.31107,-0.01156,
146,89.06022,31.76881,9.55316,0.00135,0.90971,-0.41524,-0.00040,0.27884,-0.30941,-0.01068,
146,89.07441,31.75743,9.55477,0.00132,0.90938,-0.41596,-0.00038,0.27868,-0.30712,-0.00956,
146,89.08917,31.74491,9.55556,0.00129,0.90905,-0.41669,-0.00036,0.27863,-0.30537,-0.00892,
146,89.10445,31.72969,9.55538,0.00127,0.90871,-0.41742,-0.00036,0.27860,-0.30510,-0.00901,
146,89.08391,31.74620,9.55551,0.00128,0.90842,-0.41805,-0.00046,0.27602,-0.29994,-0.00956,
146,89.09561,31.72966,9.55406,0.00123,0.90810,-0.41875,-0.00044,0.27383,-0.30112,-0.01015,
146,89.11043,31.71272,9.55394,0.00118,0.90779,-0.41942,-0.00043,0.27318,-0.30214,-0.01002,
146,89.12575,31.69430,9.55394,0.00114,0.90750,-0.42006,-0.00043,0.27268,-0.30396,-0.00987,
146,89.14204,31.67474,9.55427,0.00109,0.90722,-0.42066,-0.00044,0.27274,-0.30633,-0.00961,
146,89.15778,31.65482,9.55546,0.00104,0.90695,-0.42123,-0.00045,0.27244,-0.30890,-0.00886,
146,89.17342,31.63466,9.55641,0.00099,0.90670,-0.42177,-0.00046,0.27221,-0.31153,-0.00836,
146,89.18902,31.61546,9.55699,0.00096,0.90646,-0.42230,-0.00047,0.27187,-0.31386,-0.00791,
146,89.20314,31.59799,9.55849,0.00091,0.90623,-0.42279,-0.00048,0.27130,-0.31604,-0.00686,
146,89.19483,31.58850,9.56394,0.00075,0.90601,-0.42325,-0.00064,0.27040,-0.32721,-0.00377,
146,89.20612,31.57293,9.56407,0.00070,0.90580,-0.42370,-0.00062,0.26821,-0.32853,-0.00361,
146,89.21755,31.55611,9.56475,0.00064,0.90560,-0.42414,-0.00063,0.26674,-0.33178,-0.00332,
146,89.22802,31.53907,9.56578,0.00057,0.90539,-0.42458,-0.00065,0.26506,-0.33563,-0.00281,
146,89.23780,31.52272,9.56707,0.00050,0.90519,-0.42501,-0.00067,0.26321,-0.33923,-0.00207,
146,89.24933,31.50412,9.56883,0.00044,0.90499,-0.42544,-0.00067,0.26140,-0.34207,-0.00069,
146,89.26396,31.48642,9.56969,0.00045,0.90478,-0.42588,-0.00067,0.26066,-0.34206,0.00024,
147,89.27693,31.47088,9.57076,0.00044,0.90457,-0.42632,-0.00068,0.25979,-0.34252,0.00133,
147,89.25274,31.48482,9.57124,0.00029,0.90436,-0.42676,-0.00085,0.25592,-0.35257,0.00131,
147,89.26897,31.46672,9.57023,0.00032,0.90415,-0.42722,-0.00085,0.25532,-0.35188,0.00048,
147,89.28271,31.44938,9.56999,0.00033,0.90393,-0.42768,-0.00087,0.25495,-0.35290,0.00008,
147,89.29729,31.43028,9.56953,0.00033,0.90372,-0.42811,-0.00088,0.25470,-0.35414,-0.00068,
147,89.31136,31.41269,9.56827,0.00036,0.90351,-0.42856,-0.00090,0.25463,-0.35503,-0.00162,
147,89.32393,31.39732,9.56771,0.00039,0.90330,-0.42900,-0.00092,0.25433,-0.35556,-0.00200,
147,89.33473,31.38366,9.56883,0.00040,0.90309,-0.42944,-0.00094,0.25349,-0.35612,-0.00115,
147,89.34795,31.36769,9.56961,0.00042,0.90289,-0.42987,-0.00096,0.25339,-0.35638,-0.00066,
147,89.36346,31.34816,9.56889,0.00044,0.90269,-0.43029,-0.00097,0.25355,-0.35713,-0.00134,
147,89.37683,31.33058,9.56869,0.00045,0.90249,-0.43071,-0.00100,0.25344,-0.35853,-0.00162,
147,89.37781,31.31291,9.56847,0.00020,0.90228,-0.43114,-0.00108,0.25029,-0.37102,0.00002,
147,89.39277,31.29399,9.56837,0.00023,0.90210,-0.43153,-0.00108,0.25023,-0.37107,-0.00027,
147,89.40700,31.27560,9.56805,0.00026,0.90191,-0.43192,-0.00110,0.25025,-0.37126,-0.00078,
147,89.42124,31.25742,9.56802,0.00031,0.90173,-0.43229,-0.00110,0.25002,-0.37075,-0.00107,
147,89.43449,31.24004,9.56832,0.00035,0.90155,-0.43267,-0.00113,0.24996,-0.37104,-0.00098,
147,89.44969,31.22060,9.56904,0.00039,0.90137,-0.43304,-0.00114,0.25040,-0.37120,-0.00064,
147,89.46410,31.20256,9.56858,0.00044,0.90120,-0.43339,-0.00112,0.24957,-0.36976,-0.00078,
147,89.47581,31.18602,9.56766,0.00048,0.90104,-0.43374,-0.00110,0.24750,-0.36850,-0.00108,
148,89.49100,31.16657,9.56697,0.00053,0.90087,-0.43408,-0.00110,0.24761,-0.36802,-0.00149,
148,89.50616,31.14642,9.56612,0.00058,0.90072,-0.43441,-0.00110,0.24751,-0.36777,-0.00203,
148,89.51834,31.12898,9.56644,0.00061,0.90056,-0.43473,-0.00110,0.24633,-0.36752,-0.00166,
148,89.53137,31.11175,9.56712,0.00065,0.90041,-0.43504,-0.00110,0.24577,-0.36690,-0.00105,
148,89.54498,31.09469,9.56665,0.00070,0.90026,-0.43535,-0.00109,0.24528,-0.36559,-0.00122,
148,89.55873,31.07786,9.56622,0.00075,0.90011,-0.43565,-0.00110,0.24506,-0.36432,-0.00135,
148,89.57133,31.06143,9.56621,0.00079,0.89997,-0.43595,-0.00110,0.24441,-0.36343,-0.00131,
148,89.55870,31.08894,9.56743,0.00089,0.89982,-0.43626,-0.00112,0.24283,-0.35380,-0.00039,
148,89.57118,31.07256,9.56946,0.00091,0.89968,-0.43655,-0.00120,0.24417,-0.35460,0.00042,
148,89.58523,31.05234,9.56930,0.00094,0.89955,-0.43682,-0.00122,0.24428,-0.35537,0.00014,
148,89.59987,31.03185,9.56929,0.00097,0.89941,-0.43710,-0.00124,0.24445,-0.35614,-0.00002,
148,89.61321,31.01443,9.56896,0.00100,0.89927,-0.43738,-0.00126,0.24481,-0.35628,-0.00035,
148,89.62653,30.99670,9.56865,0.00102,0.89914,-0.43765,-0.00128,0.24519,-0.35671,-0.00066,
148,89.63986,30.97780,9.56761,0.00105,0.89902,-0.43791,-0.00130,0.24523,-0.35746,-0.00148,
148,89.65319,30.95852,9.56639,0.00107,0.89889,-0.43817,-0.00133,0.24542,-0.35868,-0.00247,
148,89.66658,30.93828,9.56498,0.00109,0.89877,-0.43842,-0.00137,0.24584,-0.36065,-0.00357,
148,89.67927,30.91805,9.56362,0.00110,0.89865,-0.43867,-0.00140,0.24602,-0.36292,-0.00456,
148,89.69214,30.89853,9.56270,0.00111,0.89853,-0.43891,-0.00144,0.24633,-0.36482,-0.00523,
148,89.71619,30.87357,9.55783,0.00109,0.89841,-0.43916,-0.00147,0.24964,-0.36542,-0.00894,
148,89.72676,30.85908,9.55678,0.00112,0.89829,-0.43939,-0.00150,0.24919,-0.36494,-0.00964,
148,89.73835,30.84306,9.55566,0.00115,0.89818,-0.43962,-0.00153,0.24933,-0.36541,-0.01042,
149,89.75002,30.82669,9.55442,0.00117,0.89807,-0.43984,-0.00155,0.24949,-0.36627,-0.01120,
149,89.76153,30.81034,9.55327,0.00118,0.89797,-0.44005,-0.00157,0.24921,-0.36651,-0.01180,
149,89.77327,30.79284,9.55257,0.00120,0.89787,-0.44026,-0.00158,0.24877,-0.36701,-0.01204,
149,89.78564,30.77437,9.55193,0.00123,0.89777,-0.44045,-0.00162,0.24887,-0.36820,-0.01228,
149,89.79869,30.75410,9.55156,0.00128,0.89771,-0.44059,-0.00167,0.24920,-0.37024,-0.01222,
149,89.81092,30.73555,9.55096,0.00136,0.89768,-0.44065,-0.00172,0.24918,-0.37112,-0.01235,
149,89.80588,30.75798,9.54589,0.00151,0.89770,-0.44060,-0.00190,0.24987,-0.36276,-0.01287,
149,89.81784,30.74149,9.54492,0.00164,0.89777,-0.44046,-0.00195,0.25013,-0.36203,-0.01312,
149,89.83010,30.72470,9.54437,0.00174,0.89789,-0.44020,-0.00201,0.25056,-0.36167,-0.01329,
149,89.84363,30.70601,9.54376,0.00185,0.89808,-0.43983,-0.00206,0.25129,-0.36119,-0.01345,
149,89.85672,30.68821,9.54297,0.00197,0.89831,-0.43936,-0.00211,0.25198,-0.36021,-0.01361,
149,89.87014,30.67159,9.54239,0.00210,0.89858,-0.43880,-0.00215,0.25316,-0.35834,-0.01354,
149,89.88450,30.65665,9.54217,0.00224,0.89889,-0.43817,-0.00222,0.25566,-0.35553,-0.01312,
149,89.89842,30.64266,9.54186,0.00239,0.89922,-0.43748,-0.00227,0.25790,-0.35218,-0.01289,
149,89.91406,30.62620,9.54172,0.00255,0.89958,-0.43675,-0.00234,0.26112,-0.34957,-0.01258,
149,89.93119,30.60961,9.54196,0.00271,0.89994,-0.43599,-0.00243,0.26563,-0.34698,-0.01203,
149,89.94778,30.59335,9.54228,0.00285,0.90031,-0.43524,-0.00249,0.26951,-0.34418,-0.01145,
149,89.97810,30.56705,9.54544,0.00292,0.90068,-0.43447,-0.00267,0.27937,-0.34443,-0.00956,
149,89.98954,30.55364,9.54555,0.00301,0.90102,-0.43376,-0.00269,0.27997,-0.34176,-0.00925,
150,90.00398,30.53923,9.54544,0.00312,0.90135,-0.43307,-0.00274,0.28276,-0.33850,-0.00884,
150,90.01844,30.52611,9.54499,0.00325,0.90166,-0.43242,-0.00278,0.28586,-0.33474,-0.00861,
150,90.03233,30.51293,9.54432,0.00336,0.90196,-0.43180,-0.00281,0.28812,-0.33115,-0.00853,
150,90.04597,30.50039,9.54391,0.00346,0.90224,-0.43122,-0.00285,0.29078,-0.32820,-0.00830,
150,90.05912,30.48879,9.54339,0.00356,0.90250,-0.43067,-0.00289,0.29324,-0.32519,-0.00824,
150,90.07173,30.47777,9.54322,0.00363,0.90274,-0.43016,-0.00292,0.29529,-0.32210,-0.00788,
150,90.08384,30.46553,9.54227,0.00369,0.90298,-0.42966,-0.00292,0.29602,-0.31935,-0.00807,
150,90.09601,30.45236,9.54190,0.00373,0.90321,-0.42918,-0.00292,0.29660,-0.31733,-0.00777,
150,90.09288,30.47327,9.54378,0.00382,0.90347,-0.42863,-0.00287,0.29171,-0.30016,-0.00386,
150,90.10331,30.46224,9.54345,0.00386,0.90368,-0.42818,-0.00286,0.29188,-0.29741,-0.00364,
150,90.11624,30.44909,9.54305,0.00390,0.90389,-0.42774,-0.00285,0.29257,-0.29480,-0.00352,
150,90.12887,30.43842,9.54183,0.00395,0.90409,-0.42730,-0.00286,0.29380,-0.29164,-0.00424,
150,90.14199,30.42602,9.54131,0.00399,0.90430,-0.42687,-0.00286,0.29485,-0.28923,-0.00438,
150,90.15527,30.41334,9.54138,0.00402,0.90451,-0.42643,-0.00286,0.29612,-0.28695,-0.00393,
150,90.17015,30.39898,9.54171,0.00404,0.90472,-0.42598,-0.00288,0.29839,-0.28563,-0.00349,
150,90.18522,30.38193,9.54164,0.00405,0.90493,-0.42552,-0.00287,0.29963,-0.28482,-0.00340,
150,90.19999,30.36255,9.54127,0.00404,0.90515,-0.42506,-0.00285,0.29964,-0.28493,-0.00344,
150,90.21405,30.34633,9.54091,0.00404,0.90537,-0.42460,-0.00284,0.30026,-0.28434,-0.00340,
150,90.22830,30.33037,9.54083,0.00402,0.90558,-0.42415,-0.00284,0.30121,-0.28450,-0.00345,
150,90.24228,30.31475,9.54102,0.00400,0.90579,-0.42369,-0.00284,0.30215,-0.28448,-0.00322,
150,90.24889,30.31480,9.53999,0.00397,0.90604,-0.42316,-0.00278,0.29852,-0.27852,-0.00325,
151,90.26865,30.29305,9.53907,0.00398,0.90626,-0.42270,-0.00280,0.30208,-0.28004,-0.00383,
151,90.28461,30.27446,9.53861,0.00397,0.90647,-0.42225,-0.00279,0.30297,-0.28010,-0.00408,
151,90.29947,30.25876,9.53779,0.00397,0.90667,-0.42180,-0.00278,0.30384,-0.27929,-0.00469,
151,90.31559,30.24156,9.53777,0.00396,0.90688,-0.42136,-0.00278,0.30557,-0.27938,-0.00469,
151,90.33204,30.22353,9.53692,0.00396,0.90708,-0.42093,-0.00277,0.30693,-0.27929,-0.00521,
151,90.34757,30.20803,9.53484,0.00398,0.90727,-0.42052,-0.00277,0.30804,-0.27806,-0.00650,
151,90.36134,30.19592,9.53437,0.00399,0.90746,-0.42011,-0.00275,0.30880,-0.27577,-0.00669,
151,90.37745,30.17926,9.53377,0.00398,0.90764,-0.41971,-0.00274,0.30993,-0.27495,-0.00709,
151,90.39556,30.15264,9.53293,0.00392,0.90786,-0.41924,-0.00264,0.30617,-0.27839,-0.00774,
151,90.41475,30.13128,9.53325,0.00390,0.90805,-0.41884,-0.00265,0.30893,-0.27948,-0.00749,
151,90.43091,30.11401,9.53255,0.00389,0.90822,-0.41846,-0.00264,0.30999,-0.27921,-0.00794,
151,90.44682,30.09697,9.53215,0.00387,0.90839,-0.41809,-0.00263,0.31094,-0.27906,-0.00812,
151,90.46256,30.08044,9.53225,0.00385,0.90856,-0.41774,-0.00262,0.31187,-0.27878,-0.00784,
151,90.47867,30.06394,9.53200,0.00383,0.90871,-0.41739,-0.00262,0.31311,-0.27855,-0.00781,
151,90.49560,30.04630,9.53145,0.00382,0.90887,-0.41705,-0.00262,0.31471,-0.27879,-0.00807,
151,90.51093,30.03006,9.53128,0.00380,0.90902,-0.41672,-0.00260,0.31522,-0.27860,-0.00799,
151,90.52514,30.01491,9.53158,0.00377,0.90917,-0.41639,-0.00258,0.31523,-0.27830,-0.00757,
151,90.53964,29.99919,9.53190,0.00375,0.90932,-0.41607,-0.00257,0.31532,-0.27824,-0.00720,
151,90.53417,30.00245,9.53472,0.00365,0.90951,-0.41567,-0.00249,0.30576,-0.27856,-0.00542,
152,90.55544,29.98205,9.53439,0.00365,0.90964,-0.41537,-0.00252,0.30977,-0.27907,-0.00559,
152,90.57039,29.96720,9.53419,0.00364,0.90978,-0.41507,-0.00250,0.31027,-0.27823,-0.00550,
152,90.58468,29.95287,9.53458,0.00362,0.90991,-0.41478,-0.00248,0.31038,-0.27740,-0.00484,
152,90.60064,29.93683,9.53421,0.00360,0.91004,-0.41449,-0.00246,0.31129,-0.27687,-0.00470,
152,90.61624,29.92058,9.53391,0.00358,0.91017,-0.41421,-0.00243,0.31174,-0.27630,-0.00457,
152,90.63041,29.90632,9.53449,0.00355,0.91030,-0.41393,-0.00241,0.31168,-0.27539,-0.00399,
152,90.64398,29.89310,9.53522,0.00353,0.91042,-0.41365,-0.00238,0.31133,-0.27409,-0.00327,
152,90.65844,29.87884,9.53562,0.00351,0.91054,-0.41339,-0.00236,0.31136,-0.27316,-0.00275,
152,90.67279,29.86477,9.53548,0.00349,0.91066,-0.41313,-0.00233,0.31125,-0.27205,-0.00274,
152,90.68783,29.85159,9.53694,0.00349,0.91078,-0.41287,-0.00234,0.31256,-0.27097,-0.00172,
152,90.70385,29.83656,9.53847,0.00349,0.91089,-0.41262,-0.00235,0.31416,-0.27062,-0.00072,
152,90.71692,29.82376,9.53941,0.00346,0.91100,-0.41237,-0.00232,0.31351,-0.26944,-0.00007,
152,90.73024,29.81074,9.54060,0.00343,0.91111,-0.41214,-0.00230,0.31330,-0.26888,0.00058,
152,90.74434,29.79702,9.54106,0.00340,0.91122,-0.41191,-0.00228,0.31336,-0.26842,0.00082,
152,90.78215,29.73792,9.53977,0.00344,0.91138,-0.41155,-0.00215,0.31300,-0.27425,0.00212,
152,90.80071,29.71933,9.53936,0.00345,0.91148,-0.41133,-0.00214,0.31458,-0.27365,0.00185,
152,90.81541,29.70446,9.53983,0.00342,0.91158,-0.41111,-0.00212,0.31447,-0.27330,0.00203,
152,90.83080,29.68966,9.54004,0.00339,0.91167,-0.41090,-0.00211,0.31495,-0.27322,0.00199,
152,90.84615,29.67530,9.54026,0.00336,0.91176,-0.41070,-0.00211,0.31548,-0.27284,0.00189,
152,90.86331,29.65893,9.53976,0.00334,0.91185,-0.41051,-0.00210,0.31664,-0.27293,0.00141,
152,90.88044,29.64069,9.53912,0.00331,0.91194,-0.41031,-0.00209,0.31748,-0.27414,0.00089,
153,90.89599,29.62208,9.53849,0.00326,0.91202,-0.41012,-0.00209,0.31740,-0.27621,0.00029,
153,90.91012,29.60439,9.53877,0.00319,0.91211,-0.40992,-0.00208,0.31669,-0.27874,0.00031,
153,90.91027,29.58361,9.54026,0.00312,0.91228,-0.40956,-0.00202,0.30779,-0.28417,-0.00043,
153,90.92709,29.56420,9.53996,0.00307,0.91235,-0.40939,-0.00202,0.30836,-0.28656,-0.00090,
153,90.94101,29.54630,9.53951,0.00301,0.91243,-0.40922,-0.00202,0.30758,-0.28912,-0.00119,
153,90.95317,29.53069,9.53966,0.00294,0.91251,-0.40904,-0.00201,0.30616,-0.29105,-0.00090,
153,90.96583,29.51537,9.53947,0.00289,0.91259,-0.40887,-0.00201,0.30527,-0.29266,-0.00099,
153,90.97956,29.49967,9.53906,0.00285,0.91266,-0.40870,-0.00201,0.30494,-0.29380,-0.00140,
153,90.99497,29.48610,9.53951,0.00284,0.91273,-0.40855,-0.00200,0.30549,-0.29242,-0.00136,
153,90.99114,29.46937,9.54143,0.00272,0.91287,-0.40823,-0.00200,0.29729,-0.30200,-0.00164,
153,91.00989,29.45344,9.54085,0.00271,0.91294,-0.40809,-0.00201,0.29976,-0.30153,-0.00189,
153,91.02529,29.43826,9.53994,0.00270,0.91300,-0.40795,-0.00202,0.30086,-0.30161,-0.00257,
153,91.03915,29.42280,9.53971,0.00267,0.91306,-0.40780,-0.00201,0.30062,-0.30192,-0.00280,
153,91.05287,29.40898,9.54022,0.00265,0.91312,-0.40767,-0.00200,0.30053,-0.30138,-0.00240,
153,91.06657,29.39506,9.54140,0.00263,0.91319,-0.40753,-0.00199,0.30022,-0.30075,-0.00139,
153,91.08005,29.38095,9.54208,0.00260,0.91324,-0.40740,-0.00198,0.30001,-0.30075,-0.00071,
153,91.09366,29.33918,9.54190,0.00245,0.91336,-0.40714,-0.00200,0.29720,-0.31640,-0.00096,
153,91.11099,29.32226,9.54164,0.00244,0.91341,-0.40702,-0.00198,0.29836,-0.31562,-0.00134,
153,91.12457,29.30746,9.54188,0.00242,0.91347,-0.40690,-0.00198,0.29799,-0.31527,-0.00127,
154,91.13812,29.29203,9.54094,0.00242,0.91352,-0.40678,-0.00197,0.29783,-0.31522,-0.00237,
154,91.15195,29.27623,9.53953,0.00241,0.91357,-0.40667,-0.00196,0.29771,-0.31533,-0.00384,
154,91.16467,29.26035,9.53901,0.00237,0.91362,-0.40655,-0.00195,0.29669,-0.31601,-0.00440,
154,91.17804,29.24435,9.53867,0.00234,0.91367,-0.40645,-0.00195,0.29636,-0.31688,-0.00467,
154,91.19379,29.22901,9.53798,0.00235,0.91371,-0.40635,-0.00194,0.29722,-0.31569,-0.00514,
154,91.20777,29.21353,9.53757,0.00235,0.91376,-0.40624,-0.00193,0.29697,-0.31515,-0.00537,
154,91.22186,29.19810,9.53744,0.00234,0.91381,-0.40614,-0.00193,0.29706,-0.31494,-0.00546,
154,91.23797,29.18428,9.53794,0.00235,0.91384,-0.40606,-0.00193,0.29800,-0.31315,-0.00509,
154,91.23344,29.17728,9.53572,0.00231,0.91394,-0.40584,-0.00188,0.29175,-0.31228,-0.00531,
154,91.25117,29.16184,9.53456,0.00234,0.91397,-0.40576,-0.00188,0.29344,-0.31031,-0.00597,
154,91.26551,29.14660,9.53434,0.00235,0.91401,-0.40568,-0.00187,0.29342,-0.30945,-0.00602,
154,91.28010,29.13261,9.53372,0.00236,0.91405,-0.40559,-0.00186,0.29391,-0.30802,-0.00635,
154,91.29373,29.11961,9.53302,0.00237,0.91408,-0.40551,-0.00185,0.29367,-0.30626,-0.00672,
154,91.30811,29.10505,9.53267,0.00237,0.91412,-0.40544,-0.00184,0.29410,-0.30562,-0.00685,
154,91.32295,29.08969,9.53259,0.00237,0.91415,-0.40536,-0.00185,0.29477,-0.30546,-0.00680,
154,91.33716,29.07302,9.53209,0.00236,0.91419,-0.40528,-0.00185,0.29476,-0.30581,-0.00701,
154,91.35071,29.05680,9.53068,0.00235,0.91422,-0.40520,-0.00184,0.29415,-0.30581,-0.00784,
154,91.36310,29.04282,9.52962,0.00235,0.91425,-0.40513,-0.00181,0.29283,-0.30482,-0.00843,
154,91.37604,29.02790,9.52875,0.00234,0.91429,-0.40506,-0.00180,0.29209,-0.30463,-0.00899,
154,91.39125,29.01302,9.52815,0.00234,0.91432,-0.40499,-0.00181,0.29301,-0.30424,-0.00929,
154,91.39203,29.00830,9.52666,0.00242,0.91440,-0.40481,-0.00180,0.29023,-0.30045,-0.00722,
155,91.40814,28.99149,9.52634,0.00241,0.91442,-0.40476,-0.00183,0.29204,-0.30155,-0.00754,
155,91.42305,28.97493,9.52581,0.00240,0.91445,-0.40469,-0.00185,0.29289,-0.30241,-0.00791,
155,91.43866,28.95957,9.52494,0.00240,0.91447,-0.40464,-0.00187,0.29434,-0.30261,-0.00847,
155,91.45353,28.94503,9.52367,0.00240,0.91450,-0.40458,-0.00188,0.29508,-0.30232,-0.00942,
155,91.46907,28.93161,9.52361,0.00241,0.91452,-0.40453,-0.00189,0.29628,-0.30127,-0.00940,
155,91.48667,28.89956,9.52080,0.00243,0.91461,-0.40433,-0.00194,0.29868,-0.30825,-0.01153,
155,91.50007,28.88459,9.52058,0.00241,0.91463,-0.40429,-0.00195,0.29864,-0.30875,-0.01172,
155,91.51617,28.86906,9.52037,0.00238,0.91463,-0.40428,-0.00196,0.29969,-0.30944,-0.01158,
155,91.53123,28.85487,9.51994,0.00238,0.91465,-0.40424,-0.00196,0.30057,-0.30892,-0.01175,
155,91.54578,28.84068,9.51923,0.00238,0.91467,-0.40420,-0.00196,0.30089,-0.30830,-0.01218,
155,91.55993,28.82593,9.51808,0.00238,0.91469,-0.40415,-0.00195,0.30087,-0.30784,-0.01291,
155,91.57463,28.81066,9.51696,0.00238,0.91471,-0.40411,-0.00195,0.30131,-0.30759,-0.01350,
155,91.58111,28.79706,9.51400,0.00240,0.91477,-0.40396,-0.00199,0.30093,-0.30957,-0.01538,
155,91.59457,28.78243,9.51259,0.00241,0.91479,-0.40392,-0.00198,0.30020,-0.30860,-0.01614,
155,91.60929,28.76902,9.51217,0.00243,0.91480,-0.40389,-0.00198,0.30076,-0.30690,-0.01579,
155,91.62427,28.75501,9.51211,0.00244,0.91482,-0.40385,-0.00198,0.30133,-0.30556,-0.01509,
155,91.63813,28.73723,9.51114,0.00240,0.91484,-0.40381,-0.00196,0.30036,-0.30680,-0.01518,
155,91.65110,28.72104,9.51008,0.00236,0.91486,-0.40377,-0.00193,0.29890,-0.30703,-0.01555,
155,91.66532,28.70740,9.51020,0.00236,0.91487,-0.40374,-0.00192,0.29893,-0.30577,-0.01489,
156,91.67936,28.69389,9.51059,0.00236,0.91488,-0.40371,-0.00191,0.29887,-0.30470,-0.01398,
156,91.69337,28.68029,9.51095,0.00237,0.91490,-0.40368,-0.00190,0.29875,-0.30337,-0.01327,
156,91.69371,28.67052,9.50609,0.00239,0.91496,-0.40353,-0.00177,0.29058,-0.30020,-0.01369,
156,91.70808,28.65682,9.50594,0.00241,0.91497,-0.40351,-0.00177,0.29102,-0.29808,-0.01328,
156,91.72188,28.64349,9.50572,0.00243,0.91498,-0.40348,-0.00176,0.29105,-0.29645,-0.01283,
156,91.73554,28.63189,9.50539,0.00246,0.91499,-0.40346,-0.00175,0.29130,-0.29389,-0.01250,
156,91.74939,28.61946,9.50551,0.00248,0.91500,-0.40344,-0.00175,0.29152,-0.29172,-0.01182,
156,91.76393,28.60495,9.50617,0.00250,0.91501,-0.40342,-0.00175,0.29200,-0.29078,-0.01082,
156,91.77799,28.58992,9.50668,0.00250,0.91502,-0.40339,-0.00174,0.29184,-0.29053,-0.00981,
156,91.79076,28.57726,9.50757,0.00251,0.91504,-0.40336,-0.00173,0.29119,-0.28873,-0.00865,
156,91.80519,28.56368,9.50921,0.00253,0.91505,-0.40333,-0.00174,0.29182,-0.28749,-0.00699,
156,91.82084,28.54871,9.51044,0.00254,0.91506,-0.40331,-0.00176,0.29316,-0.28719,-0.00576,
156,91.83598,28.53463,9.51116,0.00254,0.91507,-0.40329,-0.00177,0.29415,-0.28647,-0.00497,
156,91.85040,28.51950,9.51130,0.00255,0.91508,-0.40327,-0.00176,0.29417,-0.28607,-0.00474,
156,91.86267,28.50727,9.51253,0.00254,0.91508,-0.40325,-0.00175,0.29330,-0.28522,-0.00348,
156,91.87515,28.49521,9.51322,0.00253,0.91509,-0.40324,-0.00174,0.29257,-0.28429,-0.00273,
156,91.88760,28.48465,9.51430,0.00253,0.91509,-0.40323,-0.00173,0.29206,-0.28254,-0.00186,
156,91.88361,28.48760,9.51499,0.00259,0.91515,-0.40311,-0.00163,0.28369,-0.27374,-0.00073,
156,91.89892,28.47469,9.51464,0.00261,0.91514,-0.40312,-0.00164,0.28514,-0.27277,-0.00102,
156,91.91136,28.46489,9.51482,0.00263,0.91515,-0.40311,-0.00164,0.28498,-0.27025,-0.00064,
156,91.92237,28.45643,9.51579,0.00264,0.91515,-0.40311,-0.00162,0.28412,-0.26733,0.00042,
157,91.93447,28.44632,9.51666,0.00264,0.91515,-0.40310,-0.00161,0.28371,-0.26535,0.00130,
157,91.94849,28.43315,9.51620,0.00265,0.91515,-0.40310,-0.00161,0.28376,-0.26445,0.00091,
157,91.96206,28.42078,9.51574,0.00266,0.91516,-0.40309,-0.00160,0.28369,-0.26305,0.00056,
157,91.97496,28.40945,9.51571,0.00267,0.91516,-0.40308,-0.00159,0.28343,-0.26129,0.00067,
157,91.98840,28.39707,9.51549,0.00267,0.91516,-0.40308,-0.00158,0.28336,-0.26007,0.00069,
157,92.00217,28.38228,9.51537,0.00266,0.91517,-0.40307,-0.00158,0.28300,-0.26019,0.00074,
157,92.01551,28.36504,9.51584,0.00261,0.91517,-0.40305,-0.00157,0.28200,-0.26215,0.00119,
157,92.03117,28.34562,9.51499,0.00258,0.91518,-0.40304,-0.00157,0.28215,-0.26474,0.00052,
157,92.04762,28.33084,9.51236,0.00260,0.91518,-0.40304,-0.00158,0.28347,-0.26471,-0.00131,
157,92.06245,28.32154,9.51024,0.00266,0.91518,-0.40304,-0.00159,0.28474,-0.26174,-0.00255,
157,92.07650,28.30840,9.51029,0.00266,0.91518,-0.40304,-0.00159,0.28496,-0.26147,-0.00249,
157,92.09038,28.29297,9.50967,0.00264,0.91518,-0.40303,-0.00159,0.28453,-0.26203,-0.00294,
157,92.10434,28.27612,9.50861,0.00263,0.91519,-0.40302,-0.00158,0.28396,-0.26321,-0.00369,
157,92.11766,28.26005,9.50799,0.00262,0.91519,-0.40301,-0.00158,0.28327,-0.26425,-0.00411,
157,92.13144,28.24362,9.50737,0.00260,0.91520,-0.40300,-0.00158,0.28287,-0.26535,-0.00447,
157,92.14561,28.22608,9.50669,0.00259,0.91520,-0.40299,-0.00158,0.28256,-0.26673,-0.00479,
157,92.15862,28.21222,9.50631,0.00259,0.91520,-0.40298,-0.00157,0.28204,-0.26643,-0.00490,
157,92.17210,28.19993,9.50586,0.00260,0.91521,-0.40298,-0.00157,0.28202,-0.26510,-0.00508,
157,92.18717,28.18555,9.50524,0.00262,0.91521,-0.40297,-0.00157,0.28269,-0.26432,-0.00540,
158,92.19517,28.18195,9.50628,0.00269,0.91523,-0.40292,-0.00151,0.28033,-0.25906,-0.00474,
158,92.20823,28.16483,9.50647,0.00266,0.91523,-0.40293,-0.00154,0.28053,-0.26139,-0.00470,
158,92.22294,28.14933,9.50727,0.00267,0.91523,-0.40293,-0.00155,0.28101,-0.26193,-0.00424,
158,92.23762,28.13560,9.50873,0.00267,0.91522,-0.40293,-0.00156,0.28179,-0.26169,-0.00332,
158,92.25125,28.12163,9.50947,0.00266,0.91522,-0.40294,-0.00156,0.28182,-0.26174,-0.00288,
158,92.26421,28.10808,9.51074,0.00266,0.91522,-0.40294,-0.00157,0.28150,-0.26170,-0.00210,
158,92.27798,28.09481,9.51159,0.00266,0.91522,-0.40295,-0.00157,0.28171,-0.26140,-0.00154,
158,92.29192,28.08348,9.51154,0.00267,0.91521,-0.40295,-0.00158,0.28225,-0.26015,-0.00155,
158,92.30608,28.07110,9.51103,0.00268,0.91521,-0.40296,-0.00158,0.28272,-0.25927,-0.00186,
158,92.31944,28.05854,9.51094,0.00269,0.91521,-0.40297,-0.00158,0.28259,-0.25854,-0.00190,
158,92.32578,28.03769,9.51673,0.00259,0.91524,-0.40290,-0.00153,0.27608,-0.26543,0.00173,
158,92.33462,28.02728,9.51863,0.00257,0.91523,-0.40291,-0.00153,0.27473,-0.26472,0.00353,
158,92.34646,28.01787,9.52078,0.00257,0.91523,-0.40293,-0.00153,0.27446,-0.26288,0.00513,
158,92.35873,28.00870,9.52244,0.00258,0.91522,-0.40294,-0.00153,0.27436,-0.26069,0.00627,
158,92.37072,27.99974,9.52364,0.00259,0.91522,-0.40295,-0.00152,0.27393,-0.25832,0.00696,
158,92.38253,27.99021,9.52495,0.00259,0.91521,-0.40296,-0.00152,0.27342,-0.25662,0.00786,
158,92.39633,27.97194,9.52409,0.00257,0.91522,-0.40295,-0.00152,0.27294,-0.25867,0.00713,
158,92.41059,27.95138,9.52231,0.00253,0.91521,-0.40297,-0.00151,0.27239,-0.26172,0.00581,
158,92.42348,27.93741,9.52195,0.00253,0.91521,-0.40297,-0.00151,0.27188,-0.26157,0.00542,
158,92.43602,27.92439,9.52220,0.00252,0.91521,-0.40297,-0.00150,0.27138,-0.26133,0.00549,
158,92.45007,27.90887,9.52142,0.00252,0.91521,-0.40297,-0.00151,0.27150,-0.26174,0.00485,
159,92.46311,27.89036,9.51969,0.00250,0.91521,-0.40297,-0.00151,0.27074,-0.26369,0.00361,
159,92.47514,27.87367,9.51910,0.00247,0.91521,-0.40297,-0.00150,0.26974,-0.26522,0.00323,
159,92.48899,27.85763,9.51890,0.00246,0.91521,-0.40297,-0.00151,0.26992,-0.26616,0.00315,
159,92.50648,27.84213,9.51671,0.00248,0.91520,-0.40298,-0.00152,0.27179,-0.26566,0.00182,
159,92.52216,27.82929,9.51651,0.00249,0.91520,-0.40299,-0.00153,0.27299,-0.26461,0.00180,
159,92.54865,27.79949,9.51513,0.00255,0.91522,-0.40294,-0.00153,0.27596,-0.26682,0.00155,
159,92.55967,27.78515,9.51505,0.00250,0.91520,-0.40298,-0.00155,0.27531,-0.26890,0.00091,
159,92.57345,27.76932,9.51309,0.00249,0.91520,-0.40298,-0.00155,0.27512,-0.26951,-0.00065,
159,92.58738,27.75211,9.50961,0.00249,0.91520,-0.40299,-0.00154,0.27492,-0.27062,-0.00312,
159,92.59911,27.73304,9.50596,0.00247,0.91520,-0.40299,-0.00153,0.27352,-0.27310,-0.00559,
159,92.61103,27.71792,9.50321,0.00246,0.91520,-0.40299,-0.00152,0.27250,-0.27341,-0.00732,
159,92.62166,27.70278,9.50002,0.00244,0.91520,-0.40298,-0.00150,0.27097,-0.27424,-0.00950,
159,92.63128,27.68873,9.49759,0.00241,0.91520,-0.40298,-0.00148,0.26896,-0.27475,-0.01092,
159,92.64372,27.67374,9.49648,0.00240,0.91520,-0.40298,-0.00148,0.26851,-0.27522,-0.01146,
159,92.65210,27.65204,9.49483,0.00230,0.91524,-0.40291,-0.00144,0.26454,-0.28109,-0.01140,
159,92.66259,27.64231,9.49522,0.00232,0.91522,-0.40294,-0.00143,0.26357,-0.27895,-0.01126,
159,92.67657,27.63079,9.49510,0.00235,0.91522,-0.40296,-0.00143,0.26416,-0.27670,-0.01158,
159,92.68907,27.61971,9.49468,0.00237,0.91521,-0.40297,-0.00142,0.26384,-0.27447,-0.01184,
159,92.70236,27.60680,9.49481,0.00238,0.91521,-0.40298,-0.00142,0.26386,-0.27316,-0.01116,
160,92.71792,27.59436,9.49543,0.00241,0.91520,-0.40299,-0.00143,0.26532,-0.27166,-0.01059,
160,92.73346,27.58255,9.49781,0.00244,0.91519,-0.40301,-0.00144,0.26658,-0.26995,-0.00924,
160,92.74710,27.57387,9.50068,0.00245,0.91518,-0.40303,-0.00144,0.26687,-0.26764,-0.00764,
160,92.75934,27.56139,9.50204,0.00244,0.91518,-0.40303,-0.00145,0.26655,-0.26750,-0.00696,
160,92.77053,27.54644,9.50227,0.00243,0.91518,-0.40303,-0.00144,0.26555,-0.26786,-0.00683,
160,92.78342,27.53422,9.50308,0.00245,0.91518,-0.40304,-0.00145,0.26561,-0.26671,-0.00635,
160,92.79710,27.52146,9.50376,0.00245,0.91517,-0.40305,-0.00146,0.26619,-0.26658,-0.00581,
160,92.80993,27.50853,9.50378,0.00245,0.91517,-0.40306,-0.00146,0.26616,-0.26623,-0.00568,
160,92.82106,27.49525,9.50379,0.00244,0.91517,-0.40307,-0.00146,0.26519,-0.26661,-0.00578,
160,92.83324,27.48141,9.50346,0.00243,0.91516,-0.40307,-0.00146,0.26479,-0.26694,-0.00602,
160,92.84429,27.46132,9.49662,0.00242,0.91518,-0.40304,-0.00138,0.26189,-0.26781,-0.01131,
160,92.85708,27.44772,9.49781,0.00241,0.91517,-0.40306,-0.00141,0.26238,-0.26837,-0.01035,
160,92.86986,27.43479,9.49849,0.00242,0.91517,-0.40306,-0.00142,0.26243,-0.26813,-0.00970,
160,92.88302,27.42027,9.49902,0.00241,0.91517,-0.40307,-0.00144,0.26251,-0.26874,-0.00885,
160,92.89725,27.40351,9.49855,0.00239,0.91516,-0.40308,-0.00146,0.26307,-0.27017,-0.00860,
160,92.91046,27.39350,9.49859,0.00240,0.91515,-0.40310,-0.00147,0.26387,-0.26894,-0.00860,
160,92.92356,27.38559,9.49785,0.00243,0.91514,-0.40312,-0.00148,0.26481,-0.26682,-0.00946,
160,92.93680,27.37285,9.49831,0.00244,0.91514,-0.40313,-0.00149,0.26521,-0.26658,-0.00909,
160,92.94915,27.36265,9.49982,0.00245,0.91513,-0.40314,-0.00149,0.26512,-0.26510,-0.00795,
160,92.96083,27.35130,9.50066,0.00246,0.91513,-0.40315,-0.00149,0.26450,-0.26398,-0.00713,
160,92.97371,27.33989,9.50153,0.00247,0.91513,-0.40316,-0.00149,0.26469,-0.26304,-0.00619,
161,92.98549,27.32543,9.50231,0.00245,0.91512,-0.40316,-0.00150,0.26428,-0.26413,-0.00539,
161,92.99824,27.31065,9.50220,0.00243,0.91512,-0.40316,-0.00151,0.26410,-0.26458,-0.00524,
161,93.01224,27.29628,9.50137,0.00244,0.91512,-0.40317,-0.00151,0.26461,-0.26433,-0.00557,
161,93.02437,27.27945,9.50068,0.00242,0.91512,-0.40317,-0.00151,0.26404,-0.26573,-0.00571,
161,93.01867,27.26722,9.49817,0.00232,0.91514,-0.40312,-0.00145,0.25660,-0.27022,-0.00843,
161,93.03061,27.25218,9.49817,0.00231,0.91514,-0.40312,-0.00146,0.25660,-0.27082,-0.00827,
161,93.04339,27.23783,9.49940,0.00231,0.91514,-0.40313,-0.00147,0.25673,-0.27103,-0.00729,
161,93.05583,27.22490,9.50096,0.00231,0.91514,-0.40313,-0.00147,0.25678,-0.27059,-0.00629,
161,93.06879,27.21119,9.50077,0.00232,0.91513,-0.40314,-0.00147,0.25704,-0.27015,-0.00643,
161,93.08187,27.19681,9.50003,0.00233,0.91513,-0.40315,-0.00148,0.25734,-0.26999,-0.00678,
161,93.09386,27.18288,9.49975,0.00234,0.91513,-0.40315,-0.00147,0.25699,-0.26956,-0.00664,
161,93.10598,27.16982,9.49999,0.00235,0.91512,-0.40316,-0.00147,0.25671,-0.26837,-0.00601,
161,93.11921,27.15795,9.50043,0.00238,0.91512,-0.40318,-0.00147,0.25709,-0.26610,-0.00517,
161,93.13434,27.14651,9.50084,0.00241,0.91511,-0.40320,-0.00149,0.25881,-0.26459,-0.00472,
161,93.14964,27.13488,9.50195,0.00243,0.91510,-0.40322,-0.00151,0.26075,-0.26395,-0.00439,
161,93.16368,27.12550,9.50318,0.00247,0.91508,-0.40327,-0.00150,0.26126,-0.26123,-0.00351,
161,93.17641,27.11476,9.50369,0.00249,0.91507,-0.40328,-0.00150,0.26145,-0.25951,-0.00333,
161,93.18954,27.10175,9.50298,0.00251,0.91507,-0.40329,-0.00150,0.26159,-0.25832,-0.00343,
161,93.20309,27.08949,9.50275,0.00253,0.91506,-0.40330,-0.00150,0.26204,-0.25694,-0.00325,
162,93.21607,27.07697,9.50357,0.00254,0.91506,-0.40331,-0.00151,0.26235,-0.25639,-0.00269,
162,93.22919,27.06499,9.50479,0.00254,0.91506,-0.40331,-0.00152,0.26290,-0.25566,-0.00199,
162,93.24173,27.05215,9.50568,0.00254,0.91506,-0.40332,-0.00152,0.26305,-0.25536,-0.00148,
162,93.25293,27.03890,9.50594,0.00252,0.91506,-0.40332,-0.00152,0.26242,-0.25560,-0.00140,
162,93.26431,27.02583,9.50571,0.00251,0.91505,-0.40332,-0.00153,0.26202,-0.25587,-0.00167,
162,93.26089,27.04755,9.51122,0.00268,0.91503,-0.40337,-0.00150,0.26220,-0.24097,0.00434,
162,93.27950,27.02725,9.51119,0.00266,0.91503,-0.40338,-0.00154,0.26404,-0.24415,0.00402,
162,93.29456,27.00653,9.50910,0.00262,0.91503,-0.40338,-0.00154,0.26382,-0.24700,0.00291,
162,93.30936,26.98239,9.50588,0.00256,0.91503,-0.40338,-0.00153,0.26284,-0.25203,0.00085,
162,93.32421,26.95593,9.50126,0.00250,0.91503,-0.40338,-0.00153,0.26208,-0.25804,-0.00171,
162,93.33873,26.93557,9.49923,0.00246,0.91503,-0.40338,-0.00154,0.26218,-0.26149,-0.00306,
162,93.35178,26.91085,9.49580,0.00241,0.91503,-0.40338,-0.00153,0.26090,-0.26591,-0.00438,
162,93.36457,26.88998,9.49263,0.00239,0.91503,-0.40339,-0.00152,0.26007,-0.26839,-0.00595,
162,93.37708,26.87155,9.48951,0.00237,0.91502,-0.40339,-0.00151,0.25923,-0.26997,-0.00770,
162,93.39086,26.85626,9.48822,0.00238,0.91502,-0.40341,-0.00152,0.25970,-0.26990,-0.00799,
162,93.40397,26.83724,9.48616,0.00236,0.91501,-0.40342,-0.00153,0.25976,-0.27249,-0.00891,
162,93.40726,26.81619,9.48051,0.00231,0.91502,-0.40340,-0.00151,0.25772,-0.27720,-0.01063,
162,93.42059,26.80193,9.47974,0.00231,0.91501,-0.40341,-0.00152,0.25815,-0.27743,-0.01089,
162,93.43325,26.78869,9.47978,0.00231,0.91501,-0.40343,-0.00154,0.25845,-0.27771,-0.01032,
162,93.44638,26.77459,9.48063,0.00232,0.91500,-0.40345,-0.00155,0.25882,-0.27794,-0.00956,
162,93.46062,26.76243,9.48172,0.00234,0.91499,-0.40347,-0.00158,0.26002,-0.27696,-0.00897,
163,93.47410,26.75071,9.48215,0.00235,0.91498,-0.40350,-0.00159,0.26078,-0.27590,-0.00850,
163,93.48612,26.73923,9.48303,0.00237,0.91497,-0.40351,-0.00158,0.26064,-0.27441,-0.00792,
163,93.49776,26.72955,9.48437,0.00239,0.91496,-0.40353,-0.00158,0.26050,-0.27215,-0.00737,
163,93.51011,26.71711,9.48432,0.00241,0.91495,-0.40355,-0.00157,0.26013,-0.27032,-0.00719,
163,93.52246,26.70284,9.48409,0.00242,0.91495,-0.40356,-0.00156,0.25956,-0.26939,-0.00669,
163,93.53511,26.68835,9.48519,0.00241,0.91494,-0.40358,-0.00156,0.25963,-0.27010,-0.00562,
163,93.54844,26.67574,9.48645,0.00241,0.91493,-0.40360,-0.00157,0.26034,-0.26938,-0.00479,
163,93.53946,26.69021,9.49111,0.00252,0.91492,-0.40362,-0.00165,0.26107,-0.25973,0.00291,
163,93.55220,26.67747,9.49154,0.00253,0.91492,-0.40363,-0.00163,0.26068,-0.25857,0.00279,
163,93.56311,26.66696,9.49343,0.00252,0.91491,-0.40365,-0.00162,0.25971,-0.25760,0.00326,
163,93.57444,26.65564,9.49515,0.00251,0.91490,-0.40366,-0.00162,0.25900,-0.25690,0.00355,
163,93.58421,26.64880,9.49765,0.00253,0.91490,-0.40368,-0.00162,0.25836,-0.25429,0.00470,
163,93.59470,26.63841,9.49941,0.00253,0.91489,-0.40369,-0.00161,0.25804,-0.25251,0.00615,
163,93.60546,26.62571,9.50034,0.00254,0.91489,-0.40370,-0.00160,0.25731,-0.25156,0.00675,
163,93.61778,26.60584,9.49999,0.00251,0.91489,-0.40369,-0.00159,0.25623,-0.25346,0.00655,
163,93.63019,26.59507,9.50143,0.00251,0.91487,-0.40374,-0.00160,0.25618,-0.25254,0.00704,
163,93.64062,26.58368,9.50211,0.00249,0.91486,-0.40375,-0.00158,0.25481,-0.25174,0.00702,
163,93.65122,26.56992,9.50265,0.00248,0.91486,-0.40376,-0.00156,0.25332,-0.25180,0.00696,
163,93.66181,26.55601,9.50279,0.00246,0.91486,-0.40377,-0.00155,0.25188,-0.25175,0.00670,
164,93.67331,26.54238,9.50264,0.00246,0.91485,-0.40378,-0.00153,0.25098,-0.25159,0.00611,
164,93.68554,26.52837,9.50150,0.00245,0.91485,-0.40379,-0.00152,0.25026,-0.25150,0.00505,
164,93.69722,26.51274,9.50049,0.00244,0.91484,-0.40380,-0.00151,0.24922,-0.25237,0.00418,
164,93.70887,26.49911,9.49990,0.00243,0.91484,-0.40382,-0.00150,0.24859,-0.25246,0.00367,
164,93.72285,26.48688,9.49859,0.00245,0.91482,-0.40385,-0.00150,0.24919,-0.25153,0.00287,
164,93.73680,26.47429,9.49775,0.00247,0.91481,-0.40387,-0.00151,0.24990,-0.25078,0.00240,
164,93.74903,26.46432,9.49757,0.00248,0.91480,-0.40390,-0.00151,0.25021,-0.24934,0.00234,
164,93.76649,26.44759,9.49477,0.00248,0.91479,-0.40393,-0.00153,0.25208,-0.25116,0.00090,
164,93.77805,26.43374,9.49426,0.00247,0.91478,-0.40394,-0.00153,0.25146,-0.25134,0.00055,
164,93.79031,26.41905,9.49274,0.00248,0.91478,-0.40395,-0.00152,0.25110,-0.25122,-0.00041,
164,93.80538,26.40200,9.49102,0.00248,0.91477,-0.40397,-0.00154,0.25207,-0.25216,-0.00135,
164,93.81741,26.39031,9.49179,0.00249,0.91476,-0.40399,-0.00155,0.25222,-0.25138,-0.00087,
164,93.82720,26.38110,9.49367,0.00249,0.91475,-0.40400,-0.00154,0.25158,-0.25002,0.00033,
164,93.83643,26.37035,9.49549,0.00248,0.91475,-0.40401,-0.00154,0.25055,-0.24935,0.00139,
164,93.84376,26.36631,9.50099,0.00247,0.91474,-0.40403,-0.00154,0.24976,-0.24693,0.00445,
164,93.85202,26.36295,9.50605,0.00247,0.91474,-0.40404,-0.00154,0.24964,-0.24424,0.00700,
164,93.86267,26.35087,9.50720,0.00247,0.91473,-0.40405,-0.00154,0.24915,-0.24403,0.00742,
164,93.87359,26.33687,9.50707,0.00245,0.91473,-0.40407,-0.00154,0.24841,-0.24433,0.00716,
164,93.88623,26.32134,9.50639,0.00245,0.91472,-0.40408,-0.00154,0.24835,-0.24505,0.00655,
164,93.90031,26.30460,9.50602,0.00244,0.91472,-0.40409,-0.00155,0.24891,-0.24607,0.00612,
164,93.91195,26.29006,9.50713,0.00243,0.91471,-0.40410,-0.00155,0.24866,-0.24676,0.00646,
165,93.90510,26.28083,9.50525,0.00234,0.91475,-0.40401,-0.00157,0.24437,-0.24926,0.00480,
165,93.92076,26.26673,9.50522,0.00234,0.91471,-0.40410,-0.00159,0.24602,-0.24991,0.00441,
165,93.93405,26.25246,9.50510,0.00234,0.91470,-0.40412,-0.00159,0.24655,-0.25024,0.00420,
165,93.94797,26.23794,9.50397,0.00235,0.91469,-0.40414,-0.00160,0.24723,-0.25030,0.00349,
165,93.96172,26.22304,9.50222,0.00236,0.91469,-0.40416,-0.00161,0.24770,-0.25041,0.00253,
165,93.97528,26.21068,9.50008,0.00239,0.91467,-0.40418,-0.00162,0.24826,-0.24963,0.00128,
165,93.98683,26.20056,9.49911,0.00241,0.91466,-0.40421,-0.00162,0.24817,-0.24802,0.00071,
165,93.99828,26.18934,9.50021,0.00241,0.91466,-0.40422,-0.00162,0.24816,-0.24750,0.00113,
165,94.00880,26.17852,9.50187,0.00240,0.91465,-0.40423,-0.00162,0.24773,-0.24697,0.00180,
165,94.01863,26.16882,9.50290,0.00240,0.91465,-0.40425,-0.00161,0.24701,-0.24585,0.00214,
165,94.02978,26.15705,9.50257,0.00241,0.91464,-0.40426,-0.00161,0.24669,-0.24506,0.00191,
165,94.04193,26.14424,9.50140,0.00242,0.91464,-0.40427,-0.00161,0.24668,-0.24447,0.00131,
165,94.05288,26.13344,9.50106,0.00243,0.91463,-0.40428,-0.00160,0.24628,-0.24339,0.00111,
165,94.06349,26.12342,9.50174,0.00244,0.91462,-0.40429,-0.00160,0.24596,-0.24230,0.00136,
165,94.07389,26.11335,9.50187,0.00245,0.91462,-0.40430,-0.00160,0.24549,-0.24102,0.00136,
165,94.08386,26.10360,9.50215,0.00246,0.91462,-0.40431,-0.00160,0.24499,-0.23967,0.00144,
165,94.09446,26.09342,9.50242,0.00247,0.91461,-0.40432,-0.00160,0.24487,-0.23832,0.00152,
165,94.10454,26.08621,9.50312,0.00249,0.91461,-0.40433,-0.00160,0.24460,-0.23611,0.00170,
165,94.11424,26.07966,9.50364,0.00251,0.91460,-0.40434,-0.00159,0.24422,-0.23402,0.00179,
166,94.12321,26.07057,9.50382,0.00251,0.91460,-0.40434,-0.00158,0.24323,-0.23293,0.00178,
166,94.13449,26.05912,9.50375,0.00252,0.91460,-0.40435,-0.00158,0.24311,-0.23225,0.00164,
166,94.10324,26.05721,9.49841,0.00232,0.91468,-0.40418,-0.00139,0.22471,-0.23452,-0.00195,
166,94.11704,26.04284,9.49804,0.00234,0.91467,-0.40419,-0.00140,0.22588,-0.23473,-0.00206,
166,94.13070,26.03002,9.49886,0.00235,0.91467,-0.40420,-0.00143,0.22726,-0.23453,-0.00138,
166,94.14274,26.01899,9.50094,0.00236,0.91466,-0.40421,-0.00145,0.22803,-0.23376,-0.00005,
166,94.15476,26.01018,9.50417,0.00237,0.91465,-0.40423,-0.00148,0.22939,-0.23222,0.00205,
166,94.16691,25.99885,9.50581,0.00237,0.91465,-0.40424,-0.00150,0.23025,-0.23200,0.00312,
166,94.17939,25.98365,9.50481,0.00236,0.91464,-0.40426,-0.00149,0.22978,-0.23325,0.00285,
166,94.19337,25.97202,9.50591,0.00237,0.91463,-0.40428,-0.00153,0.23173,-0.23291,0.00380,
166,94.20753,25.95906,9.50608,0.00238,0.91462,-0.40430,-0.00156,0.23347,-0.23311,0.00424,
166,94.22144,25.94276,9.50436,0.00238,0.91462,-0.40431,-0.00157,0.23425,-0.23455,0.00339,
166,94.23554,25.92616,9.50251,0.00238,0.91461,-0.40432,-0.00158,0.23509,-0.23619,0.00232,
166,94.24938,25.91124,9.50171,0.00238,0.91460,-0.40434,-0.00159,0.23607,-0.23701,0.00163,
166,94.26076,25.90031,9.50242,0.00239,0.91460,-0.40436,-0.00159,0.23629,-0.23605,0.00168,
166,94.27391,25.88466,9.50155,0.00238,0.91459,-0.40437,-0.00160,0.23685,-0.23757,0.00101,
166,94.28693,25.86877,9.49934,0.00238,0.91458,-0.40438,-0.00160,0.23714,-0.23898,0.00006,
166,94.29799,25.85661,9.49907,0.00238,0.91458,-0.40440,-0.00160,0.23676,-0.23910,-0.00014,
166,94.31008,25.84385,9.49922,0.00238,0.91457,-0.40442,-0.00160,0.23706,-0.23929,-0.00020,
166,94.32161,25.82842,9.49550,0.00238,0.91456,-0.40443,-0.00159,0.23665,-0.24044,-0.00192,
166,94.33141,25.81743,9.49769,0.00235,0.91456,-0.40444,-0.00159,0.23630,-0.24078,-0.00106,
167,94.34238,25.80382,9.50134,0.00231,0.91456,-0.40444,-0.00161,0.23645,-0.24273,0.00024,
167,94.30309,25.83893,9.49916,0.00227,0.91461,-0.40434,-0.00159,0.22771,-0.23750,-0.00119,
167,94.31870,25.82342,9.49637,0.00229,0.91459,-0.40438,-0.00159,0.22904,-0.23766,-0.00274,
167,94.32956,25.81070,9.49507,0.00229,0.91458,-0.40439,-0.00159,0.22892,-0.23842,-0.00344,
167,94.34039,25.79979,9.49581,0.00229,0.91458,-0.40441,-0.00160,0.22890,-0.23828,-0.00292,
167,94.35101,25.78915,9.49712,0.00228,0.91457,-0.40442,-0.00160,0.22880,-0.23799,-0.00221,
167,94.36117,25.77997,9.49922,0.00227,0.91456,-0.40444,-0.00161,0.22866,-0.23738,-0.00122,
167,94.37203,25.76971,9.50001,0.00228,0.91455,-0.40446,-0.00162,0.22868,-0.23704,-0.00081,
167,94.38230,25.75812,9.50001,0.00228,0.91455,-0.40447,-0.00161,0.22821,-0.23682,-0.00077,
167,94.39367,25.74577,9.50016,0.00228,0.91454,-0.40448,-0.00162,0.22838,-0.23699,-0.00068,
167,94.40559,25.73298,9.50164,0.00227,0.91454,-0.40449,-0.00162,0.22863,-0.23730,-0.00028,
167,94.41727,25.72048,9.50355,0.00226,0.91454,-0.40450,-0.00164,0.22895,-0.23795,0.00027,
167,94.43021,25.70578,9.50371,0.00226,0.91453,-0.40450,-0.00165,0.22990,-0.23906,0.00016,
167,94.44300,25.69306,9.50178,0.00228,0.91452,-0.40452,-0.00167,0.23135,-0.23927,-0.00098,
167,94.45504,25.68188,9.49964,0.00231,0.91451,-0.40455,-0.00168,0.23236,-0.23848,-0.00207,
167,94.46679,25.66912,9.49784,0.00232,0.91451,-0.40456,-0.00168,0.23270,-0.23808,-0.00290,
167,94.47905,25.65332,9.49407,0.00234,0.91450,-0.40457,-0.00166,0.23269,-0.23808,-0.00474,
167,94.49149,25.63940,9.49241,0.00236,0.91450,-0.40458,-0.00166,0.23312,-0.23728,-0.00561,
167,94.50524,25.62529,9.49154,0.00238,0.91449,-0.40459,-0.00167,0.23435,-0.23711,-0.00605,
168,94.51652,25.61420,9.48979,0.00240,0.91448,-0.40461,-0.00166,0.23439,-0.23538,-0.00682,
168,94.52624,25.60371,9.48783,0.00243,0.91448,-0.40463,-0.00165,0.23380,-0.23381,-0.00761,
168,94.53776,25.59165,9.48739,0.00244,0.91447,-0.40464,-0.00165,0.23400,-0.23311,-0.00755,
168,94.54859,25.58058,9.48766,0.00245,0.91446,-0.40466,-0.00165,0.23380,-0.23213,-0.00721,
168,94.56026,25.57061,9.48977,0.00246,0.91446,-0.40467,-0.00166,0.23434,-0.23101,-0.00584,
168,94.57298,25.56131,9.49155,0.00247,0.91444,-0.40470,-0.00168,0.23582,-0.23004,-0.00493,
168,94.58464,25.55205,9.49099,0.00249,0.91443,-0.40473,-0.00169,0.23650,-0.22906,-0.00545,
168,94.59521,25.54275,9.49010,0.00251,0.91442,-0.40475,-0.00169,0.23637,-0.22758,-0.00604,
168,94.60696,25.53178,9.49119,0.00251,0.91442,-0.40476,-0.00169,0.23683,-0.22730,-0.00551,
168,94.61746,25.52069,9.49290,0.00250,0.91441,-0.40477,-0.00169,0.23649,-0.22723,-0.00473,
168,94.62837,25.50875,9.49269,0.00250,0.91441,-0.40478,-0.00169,0.23642,-0.22714,-0.00484,
168,94.64044,25.49593,9.49285,0.00250,0.91440,-0.40480,-0.00170,0.23687,-0.22742,-0.00480,
168,94.65022,25.48658,9.49706,0.00247,0.91440,-0.40480,-0.00170,0.23652,-0.22767,-0.00284,
168,94.66014,25.47600,9.50034,0.00244,0.91440,-0.40480,-0.00171,0.23619,-0.22861,-0.00141,
168,94.67144,25.46314,9.50099,0.00243,0.91440,-0.40481,-0.00171,0.23638,-0.22944,-0.00134,
168,94.68267,25.45073,9.50139,0.00243,0.91439,-0.40482,-0.00172,0.23654,-0.23009,-0.00137,
168,94.69371,25.43872,9.50216,0.00242,0.91439,-0.40483,-0.00172,0.23666,-0.23074,-0.00128,
168,94.70530,25.42572,9.50293,0.00241,0.91439,-0.40483,-0.00173,0.23708,-0.23202,-0.00125,
168,94.71604,25.41308,9.50488,0.00239,0.91438,-0.40484,-0.00174,0.23711,-0.23328,-0.00083,
168,94.72748,25.40107,9.50560,0.00238,0.91438,-0.40484,-0.00175,0.23747,-0.23375,-0.00082,
168,94.73741,25.39034,9.50715,0.00237,0.91438,-0.40485,-0.00175,0.23702,-0.23374,-0.00045,
169,94.74953,25.37999,9.50408,0.00241,0.91437,-0.40488,-0.00175,0.23761,-0.23222,-0.00171,
169,94.76194,25.36908,9.49700,0.00247,0.91434,-0.40493,-0.00174,0.23817,-0.22960,-0.00390,
169,94.77033,25.36190,9.49396,0.00253,0.91433,-0.40495,-0.00170,0.23677,-0.22482,-0.00425,
169,94.78058,25.35100,9.49381,0.00253,0.91433,-0.40496,-0.00170,0.23648,-0.22434,-0.00432,
169,94.79106,25.34038,9.49330,0.00253,0.91432,-0.40497,-0.00170,0.23625,-0.22379,-0.00454,
169,94.80253,25.32870,9.49284,0.00254,0.91432,-0.40498,-0.00170,0.23637,-0.22366,-0.00475,
169,94.81487,25.31573,9.49177,0.00254,0.91432,-0.40498,-0.00170,0.23678,-0.22372,-0.00516,
169,94.82548,25.30461,9.49039,0.00254,0.91432,-0.40499,-0.00169,0.23642,-0.22307,-0.00568,
169,94.83479,25.29440,9.48998,0.00255,0.91431,-0.40500,-0.00169,0.23584,-0.22251,-0.00582,
169,94.84590,25.28190,9.48956,0.00255,0.91431,-0.40500,-0.00169,0.23598,-0.22268,-0.00595,
169,94.85686,25.27013,9.48934,0.00255,0.91431,-0.40501,-0.00169,0.23603,-0.22254,-0.00601,
169,94.86619,25.26017,9.48931,0.00255,0.91430,-0.40502,-0.00169,0.23547,-0.22183,-0.00601,
169,94.87579,25.24984,9.48902,0.00256,0.91430,-0.40502,-0.00168,0.23500,-0.22117,-0.00609,
169,94.88724,25.23697,9.48874,0.00256,0.91430,-0.40503,-0.00169,0.23523,-0.22136,-0.00615,
169,94.89834,25.22508,9.48872,0.00256,0.91429,-0.40504,-0.00169,0.23540,-0.22132,-0.00613,
169,94.90953,25.21348,9.48849,0.00256,0.91429,-0.40506,-0.00169,0.23555,-0.22108,-0.00619,
169,94.92006,25.20196,9.48824,0.00256,0.91428,-0.40507,-0.00169,0.23539,-0.22082,-0.00624,
169,94.93064,25.19023,9.48798,0.00257,0.91428,-0.40508,-0.00169,0.23541,-0.22068,-0.00628,
169,94.94373,25.17599,9.48775,0.00257,0.91427,-0.40509,-0.00170,0.23624,-0.22116,-0.00632,
170,94.95577,25.16301,9.48748,0.00257,0.91426,-0.40511,-0.00170,0.23670,-0.22131,-0.00638,
170,94.96661,25.15176,9.48716,0.00258,0.91426,-0.40513,-0.00170,0.23672,-0.22086,-0.00643,
170,94.97716,25.14068,9.48732,0.00258,0.91425,-0.40514,-0.00170,0.23657,-0.22033,-0.00635,
170,94.98768,25.12891,9.48697,0.00259,0.91424,-0.40516,-0.00170,0.23649,-0.22006,-0.00641,
170,94.99898,25.11678,9.48635,0.00259,0.91424,-0.40517,-0.00170,0.23671,-0.21995,-0.00656,
170,95.01036,25.10487,9.48626,0.00259,0.91423,-0.40519,-0.00170,0.23697,-0.21979,-0.00656,
170,94.99887,25.09989,9.47684,0.00261,0.91430,-0.40502,-0.00163,0.23236,-0.21879,-0.00848,
170,95.00745,25.09255,9.47798,0.00260,0.91428,-0.40507,-0.00161,0.23202,-0.21785,-0.00803,
170,95.01947,25.08004,9.47778,0.00261,0.91428,-0.40508,-0.00161,0.23234,-0.21766,-0.00801,
170,95.03078,25.06874,9.47778,0.00261,0.91427,-0.40509,-0.00161,0.23218,-0.21709,-0.00802,
170,95.04188,25.05736,9.47772,0.00261,0.91426,-0.40511,-0.00160,0.23186,-0.21652,-0.00803,
170,95.05294,25.04580,9.47785,0.00261,0.91426,-0.40512,-0.00160,0.23146,-0.21601,-0.00798,
170,95.06440,25.03384,9.47776,0.00262,0.91425,-0.40513,-0.00159,0.23135,-0.21572,-0.00796,
170,95.07741,25.02048,9.47712,0.00262,0.91425,-0.40514,-0.00159,0.23182,-0.21570,-0.00812,
170,95.09017,25.00735,9.47635,0.00261,0.91424,-0.40515,-0.00159,0.23217,-0.21588,-0.00831,
170,95.10152,24.99496,9.47592,0.00260,0.91424,-0.40516,-0.00158,0.23188,-0.21588,-0.00834,
170,95.11380,24.98229,9.47683,0.00260,0.91424,-0.40517,-0.00159,0.23211,-0.21613,-0.00793,
170,95.12610,24.97019,9.47807,0.00259,0.91423,-0.40519,-0.00159,0.23238,-0.21676,-0.00749,
170,95.13682,24.95856,9.47801,0.00258,0.91423,-0.40519,-0.00158,0.23198,-0.21659,-0.00746,
170,95.14871,24.94563,9.47794,0.00258,0.91422,-0.40521,-0.00158,0.23205,-0.21674,-0.00738,
170,95.15991,24.93327,9.47764,0.00258,0.91421,-0.40522,-0.00158,0.23185,-0.21671,-0.00737,
171,95.17110,24.92139,9.47764,0.00258,0.91421,-0.40523,-0.00158,0.23171,-0.21656,-0.00728,
171,95.18359,24.90797,9.47747,0.00258,0.91421,-0.40524,-0.00158,0.23226,-0.21693,-0.00715,
171,95.19577,24.89439,9.47714,0.00258,0.91420,-0.40525,-0.00159,0.23266,-0.21730,-0.00707,
171,95.20668,24.88291,9.47692,0.00258,0.91420,-0.40526,-0.00158,0.23235,-0.21700,-0.00710,
171,95.21717,24.87185,9.47695,0.00258,0.91419,-0.40527,-0.00158,0.23178,-0.21660,-0.00709,
171,95.22843,24.85959,9.47691,0.00258,0.91419,-0.40529,-0.00157,0.23166,-0.21662,-0.00702,
171,95.24026,24.84669,9.47669,0.00258,0.91418,-0.40530,-0.00158,0.23188,-0.21689,-0.00695,
171,95.25221,24.83378,9.47690,0.00258,0.91417,-0.40531,-0.00158,0.23209,-0.21717,-0.00677,
171,95.26383,24.82137,9.47707,0.00258,0.91417,-0.40532,-0.00158,0.23230,-0.21737,-0.00659,
171,95.27464,24.80934,9.47718,0.00258,0.91416,-0.40533,-0.00158,0.23197,-0.21726,-0.00648,
171,95.28495,24.79775,9.47733,0.00258,0.91416,-0.40534,-0.00157,0.23138,-0.21696,-0.00638,
171,95.29479,24.78716,9.47708,0.00257,0.91416,-0.40535,-0.00157,0.23081,-0.21654,-0.00646,
171,95.30490,24.77592,9.47700,0.00257,0.91415,-0.40536,-0.00156,0.23039,-0.21641,-0.00646,
171,95.31591,24.76356,9.47722,0.00257,0.91415,-0.40537,-0.00157,0.23047,-0.21676,-0.00628,
171,95.32786,24.75126,9.47686,0.00257,0.91414,-0.40538,-0.00157,0.23110,-0.21712,-0.00625,
171,95.34328,24.73520,9.47646,0.00257,0.91414,-0.40539,-0.00159,0.23293,-0.21823,-0.00621,
171,95.35501,24.72250,9.47655,0.00257,0.91413,-0.40540,-0.00160,0.23334,-0.21860,-0.00605,
171,95.36609,24.70927,9.47708,0.00256,0.91413,-0.40540,-0.00160,0.23342,-0.21918,-0.00578,
171,95.37684,24.69560,9.47746,0.00256,0.91413,-0.40541,-0.00160,0.23328,-0.21982,-0.00562,
172,95.38847,24.68295,9.47759,0.00255,0.91412,-0.40542,-0.00160,0.23350,-0.22009,-0.00550,
172,95.39998,24.67019,9.47779,0.00255,0.91412,-0.40543,-0.00160,0.23362,-0.22032,-0.00537,
172,95.41104,24.65793,9.47769,0.00255,0.91411,-0.40545,-0.00160,0.23353,-0.22036,-0.00533,
172,95.42229,24.64538,9.47778,0.00255,0.91411,-0.40546,-0.00160,0.23362,-0.22057,-0.00522,
172,95.43395,24.63253,9.47816,0.00255,0.91411,-0.40547,-0.00161,0.23398,-0.22103,-0.00502,
172,95.44496,24.62030,9.47840,0.00255,0.91410,-0.40548,-0.00161,0.23405,-0.22120,-0.00488,
172,95.45488,24.60596,9.47947,0.00254,0.91410,-0.40547,-0.00160,0.23344,-0.22177,-0.00450,
172,95.46518,24.59202,9.48046,0.00254,0.91410,-0.40547,-0.00160,0.23300,-0.22221,-0.00418,
172,95.47630,24.57954,9.48086,0.00254,0.91410,-0.40548,-0.00161,0.23319,-0.22248,-0.00400,
172,95.48646,24.56795,9.48080,0.00254,0.91409,-0.40549,-0.00160,0.23283,-0.22231,-0.00401,
172,95.49626,24.55720,9.48061,0.00254,0.91409,-0.40550,-0.00160,0.23228,-0.22189,-0.00409,
172,95.50710,24.54570,9.48091,0.00254,0.91408,-0.40551,-0.00160,0.23233,-0.22199,-0.00397,
172,95.51898,24.53310,9.48123,0.00254,0.91408,-0.40552,-0.00160,0.23288,-0.22234,-0.00381,
172,95.52999,24.52105,9.48137,0.00254,0.91408,-0.40553,-0.00161,0.23301,-0.22241,-0.00375,
172,95.54009,24.51008,9.48176,0.00253,0.91407,-0.40555,-0.00161,0.23274,-0.22243,-0.00368,
172,95.55119,24.49815,9.48144,0.00253,0.91407,-0.40556,-0.00161,0.23288,-0.22225,-0.00372,
172,95.56257,24.48575,9.48122,0.00253,0.91406,-0.40557,-0.00161,0.23313,-0.22233,-0.00374,
172,95.51443,24.51755,9.48210,0.00248,0.91421,-0.40523,-0.00147,0.22247,-0.21528,0.00230,
172,95.52768,24.50485,9.48389,0.00249,0.91419,-0.40527,-0.00145,0.22262,-0.21482,0.00250,
172,95.53821,24.49354,9.48403,0.00249,0.91419,-0.40528,-0.00144,0.22237,-0.21464,0.00250,
172,95.54827,24.48251,9.48399,0.00249,0.91418,-0.40529,-0.00144,0.22178,-0.21440,0.00239,
173,95.55966,24.47101,9.48406,0.00249,0.91417,-0.40531,-0.00144,0.22185,-0.21417,0.00242,
173,95.57067,24.45932,9.48421,0.00249,0.91417,-0.40532,-0.00144,0.22182,-0.21415,0.00247,
173,95.58205,24.44682,9.48435,0.00249,0.91417,-0.40533,-0.00144,0.22194,-0.21442,0.00253,
173,95.59515,24.43103,9.48557,0.00248,0.91417,-0.40533,-0.00145,0.22233,-0.21551,0.00285,
173,95.60919,24.41540,9.48616,0.00249,0.91416,-0.40534,-0.00145,0.22299,-0.21605,0.00284,
173,95.62269,24.40158,9.48547,0.00249,0.91416,-0.40535,-0.00146,0.22388,-0.21619,0.00257,
173,95.63415,24.38898,9.48555,0.00249,0.91416,-0.40535,-0.00146,0.22404,-0.21670,0.00253,
173,95.64528,24.37680,9.48583,0.00248,0.91415,-0.40536,-0.00146,0.22422,-0.21721,0.00267,
173,95.65633,24.36503,9.48618,0.00248,0.91415,-0.40536,-0.00146,0.22450,-0.21745,0.00293,
173,95.66745,24.35295,9.48639,0.00248,0.91415,-0.40537,-0.00147,0.22466,-0.21783,0.00295,
173,95.67925,24.33987,9.48635,0.00248,0.91415,-0.40537,-0.00148,0.22520,-0.21864,0.00282,
173,95.69009,24.32767,9.48594,0.00246,0.91415,-0.40537,-0.00148,0.22537,-0.21941,0.00273,
173,95.69941,24.31719,9.48603,0.00245,0.91415,-0.40538,-0.00148,0.22503,-0.21958,0.00295,
173,95.70987,24.30614,9.48641,0.00245,0.91414,-0.40538,-0.00148,0.22483,-0.21936,0.00308,
173,95.71970,24.29547,9.48661,0.00245,0.91414,-0.40539,-0.00147,0.22430,-0.21902,0.00312,
173,95.72990,24.28421,9.48673,0.00245,0.91414,-0.40540,-0.00147,0.22403,-0.21897,0.00314,
173,95.74041,24.27299,9.48722,0.00245,0.91413,-0.40540,-0.00147,0.22400,-0.21897,0.00333,
173,95.75182,24.26061,9.48771,0.00245,0.91413,-0.40541,-0.00148,0.22435,-0.21930,0.00353,
173,95.76320,24.24832,9.48803,0.00244,0.91413,-0.40541,-0.00148,0.22470,-0.21968,0.00362,
174,95.77361,24.23750,9.48813,0.00244,0.91412,-0.40542,-0.00148,0.22450,-0.21955,0.00356,
174,95.78388,24.22637,9.48810,0.00244,0.91412,-0.40543,-0.00147,0.22417,-0.21933,0.00351,
174,95.79376,24.21569,9.48819,0.00244,0.91412,-0.40544,-0.00147,0.22374,-0.21909,0.00340,
174,95.80374,24.20499,9.48829,0.00244,0.91411,-0.40545,-0.00147,0.22345,-0.21894,0.00331,
174,95.81711,24.18984,9.48990,0.00243,0.91411,-0.40545,-0.00148,0.22424,-0.21984,0.00368,
174,95.83360,24.17169,9.49145,0.00243,0.91411,-0.40546,-0.00151,0.22624,-0.22159,0.00393,
174,95.84477,24.15937,9.49156,0.00243,0.91411,-0.40546,-0.00151,0.22631,-0.22178,0.00387,
174,95.85640,24.14640,9.49207,0.00242,0.91410,-0.40547,-0.00152,0.22673,-0.22240,0.00398,
174,95.86696,24.13492,9.49244,0.00242,0.91410,-0.40548,-0.00152,0.22668,-0.22248,0.00393,
174,95.87741,24.12465,9.49212,0.00243,0.91410,-0.40549,-0.00151,0.22621,-0.22121,0.00363,
174,95.88840,24.11368,9.49233,0.00243,0.91409,-0.40550,-0.00151,0.22643,-0.22111,0.00363,
174,95.89941,24.10208,9.49289,0.00243,0.91409,-0.40550,-0.00152,0.22670,-0.22117,0.00378,
174,95.91115,24.08965,9.49293,0.00243,0.91408,-0.40551,-0.00152,0.22713,-0.22136,0.00367,
174,95.92128,24.07899,9.49268,0.00244,0.91408,-0.40552,-0.00152,0.22691,-0.22108,0.00341,
174,95.93194,24.06757,9.49278,0.00244,0.91408,-0.40553,-0.00152,0.22695,-0.22110,0.00338,
174,95.94385,24.05464,9.49293,0.00244,0.91407,-0.40554,-0.00153,0.22739,-0.22148,0.00335,
174,95.95491,24.04421,9.49362,0.00244,0.91407,-0.40555,-0.00153,0.22761,-0.22119,0.00340,
174,95.96586,24.03452,9.49399,0.00245,0.91406,-0.40557,-0.00153,0.22756,-0.21980,0.00340,
174,95.97745,24.02198,9.49392,0.00245,0.91406,-0.40558,-0.00153,0.22789,-0.22010,0.00328,
174,95.98818,24.01029,9.49390,0.00245,0.91405,-0.40558,-0.00153,0.22788,-0.22015,0.00314,
174,95.99696,24.00088,9.49385,0.00245,0.91405,-0.40559,-0.00152,0.22699,-0.21940,0.00303,
175,96.00720,23.98998,9.49380,0.00245,0.91405,-0.40560,-0.00152,0.22679,-0.21919,0.00294,
175,96.01958,23.97647,9.49406,0.00245,0.91404,-0.40561,-0.00153,0.22752,-0.21991,0.00295,
175,96.03228,23.96295,9.49454,0.00245,0.91404,-0.40561,-0.00153,0.22821,-0.22033,0.00305,
175,96.04350,23.95088,9.49516,0.00245,0.91404,-0.40562,-0.00154,0.22844,-0.22044,0.00320,
175,96.05415,23.93922,9.49551,0.00245,0.91403,-0.40563,-0.00154,0.22851,-0.22061,0.00323,
175,96.06527,23.92708,9.49572,0.00244,0.91403,-0.40563,-0.00154,0.22861,-0.22079,0.00322,
175,96.07583,23.91553,9.49617,0.00244,0.91403,-0.40564,-0.00154,0.22861,-0.22085,0.00328,
175,96.08678,23.90394,9.49631,0.00244,0.91403,-0.40565,-0.00154,0.22869,-0.22082,0.00327,
175,96.09741,23.89241,9.49613,0.00244,0.91402,-0.40565,-0.00154,0.22859,-0.22070,0.00312,
175,96.10766,23.88153,9.49658,0.00244,0.91402,-0.40566,-0.00154,0.22843,-0.22033,0.00321,
175,96.11954,23.86817,9.49658,0.00244,0.91402,-0.40566,-0.00154,0.22877,-0.22061,0.00309,
175,96.11542,23.84654,9.49230,0.00238,0.91424,-0.40517,-0.00149,0.22447,-0.22487,0.00248,
175,96.13516,23.82733,9.49238,0.00238,0.91421,-0.40524,-0.00145,0.22459,-0.22468,0.00227,
175,96.15011,23.80892,9.49241,0.00238,0.91421,-0.40523,-0.00145,0.22487,-0.22534,0.00219,
175,96.16584,23.78930,9.49226,0.00237,0.91421,-0.40523,-0.00145,0.22527,-0.22585,0.00210,
175,96.17732,23.77727,9.49251,0.00237,0.91421,-0.40523,-0.00145,0.22549,-0.22587,0.00210,
175,96.18869,23.76484,9.49270,0.00237,0.91421,-0.40524,-0.00145,0.22562,-0.22607,0.00208,
175,96.19972,23.75295,9.49268,0.00237,0.91420,-0.40524,-0.00145,0.22567,-0.22613,0.00200,
175,96.21115,23.74084,9.49292,0.00238,0.91420,-0.40524,-0.00146,0.22611,-0.22634,0.00207,
176,96.22283,23.72822,9.49294,0.00238,0.91420,-0.40524,-0.00146,0.22644,-0.22650,0.00206,
176,96.23415,23.71609,9.49297,0.00239,0.91420,-0.40525,-0.00146,0.22655,-0.22656,0.00201,
176,96.24634,23.70214,9.49245,0.00239,0.91420,-0.40525,-0.00147,0.22700,-0.22730,0.00174,
176,96.25780,23.68927,9.49243,0.00238,0.91420,-0.40525,-0.00147,0.22734,-0.22833,0.00158,
176,96.26855,23.67758,9.49253,0.00238,0.91420,-0.40526,-0.00147,0.22707,-0.22817,0.00149,
176,96.27878,23.66596,9.49281,0.00237,0.91419,-0.40527,-0.00146,0.22662,-0.22830,0.00149,
176,96.28916,23.65452,9.49311,0.00237,0.91419,-0.40527,-0.00146,0.22653,-0.22856,0.00148,
176,96.30031,23.64247,9.49310,0.00237,0.91419,-0.40528,-0.00147,0.22663,-0.22869,0.00139,
176,96.31150,23.63047,9.49339,0.00236,0.91419,-0.40529,-0.00147,0.22681,-0.22892,0.00142,
176,96.32146,23.62135,9.49405,0.00237,0.91418,-0.40530,-0.00147,0.22696,-0.22863,0.00146,
176,96.32997,23.61373,9.49436,0.00237,0.91417,-0.40531,-0.00147,0.22622,-0.22745,0.00128,
176,96.33912,23.60504,9.49403,0.00237,0.91417,-0.40533,-0.00146,0.22562,-0.22671,0.00109,
176,96.34869,23.59626,9.49434,0.00238,0.91416,-0.40535,-0.00146,0.22565,-0.22623,0.00115,
176,96.35823,23.58618,9.49507,0.00238,0.91416,-0.40535,-0.00146,0.22554,-0.22610,0.00134,
176,96.36901,23.57474,9.49541,0.00238,0.91415,-0.40536,-0.00147,0.22568,-0.22631,0.00138,
176,96.37961,23.56331,9.49587,0.00238,0.91415,-0.40536,-0.00147,0.22561,-0.22633,0.00146,
176,96.39075,23.55129,9.49592,0.00238,0.91415,-0.40537,-0.00147,0.22569,-0.22641,0.00139,
176,96.40211,23.53863,9.49592,0.00238,0.91415,-0.40538,-0.00147,0.22595,-0.22691,0.00132,
176,96.41406,23.52555,9.49628,0.00237,0.91415,-0.40538,-0.00148,0.22664,-0.22766,0.00141,
176,96.42653,23.51221,9.49613,0.00238,0.91414,-0.40538,-0.00149,0.22747,-0.22818,0.00123,
176,96.43577,23.50146,9.49709,0.00239,0.91414,-0.40538,-0.00151,0.22763,-0.22839,0.00146,
177,96.44681,23.49043,9.49830,0.00240,0.91414,-0.40539,-0.00152,0.22810,-0.22817,0.00180,
177,96.46042,23.47786,9.49823,0.00241,0.91413,-0.40541,-0.00152,0.22883,-0.22780,0.00162,
177,96.47006,23.46751,9.49816,0.00241,0.91413,-0.40542,-0.00151,0.22828,-0.22734,0.00149,
177,96.48066,23.45558,9.49827,0.00241,0.91412,-0.40543,-0.00151,0.22807,-0.22728,0.00141,
177,96.49143,23.44362,9.49856,0.00241,0.91412,-0.40543,-0.00151,0.22795,-0.22728,0.00140,
177,96.50212,23.43232,9.49856,0.00242,0.91412,-0.40544,-0.00151,0.22799,-0.22718,0.00134,
177,96.51314,23.42039,9.49855,0.00242,0.91411,-0.40545,-0.00151,0.22805,-0.22715,0.00124,
177,96.52371,23.40871,9.49891,0.00242,0.91411,-0.40545,-0.00151,0.22801,-0.22722,0.00124,
177,96.53384,23.39801,9.49889,0.00242,0.91411,-0.40546,-0.00151,0.22784,-0.22699,0.00112,
177,96.54490,23.38615,9.49878,0.00242,0.91410,-0.40547,-0.00151,0.22809,-0.22710,0.00101,
177,96.55611,23.37415,9.49876,0.00242,0.91410,-0.40547,-0.00151,0.22836,-0.22728,0.00089,
177,96.56630,23.36351,9.49879,0.00242,0.91410,-0.40548,-0.00152,0.22834,-0.22717,0.00080,
177,96.57658,23.35285,9.49918,0.00243,0.91410,-0.40549,-0.00152,0.22851,-0.22713,0.00085,
177,96.58686,23.34224,9.49990,0.00243,0.91409,-0.40549,-0.00152,0.22869,-0.22698,0.00097,
177,96.60144,23.32284,9.49919,0.00243,0.91409,-0.40549,-0.00152,0.22878,-0.22770,0.00075,
177,96.61619,23.30414,9.49792,0.00244,0.91410,-0.40548,-0.00151,0.22871,-0.22766,0.00036,
177,96.62735,23.29215,9.49804,0.00244,0.91410,-0.40549,-0.00152,0.22907,-0.22800,0.00028,
177,96.63864,23.28023,9.49789,0.00244,0.91409,-0.40549,-0.00152,0.22944,-0.22824,0.00012,
177,96.65067,23.26735,9.49782,0.00244,0.91409,-0.40550,-0.00153,0.22986,-0.22845,0.00002,
178,96.66248,23.25446,9.49800,0.00243,0.91409,-0.40550,-0.00153,0.23021,-0.22875,-0.00003,
178,96.67323,23.24267,9.49803,0.00243,0.91409,-0.40551,-0.00153,0.23028,-0.22880,-0.00012,
178,96.68382,23.23168,9.49826,0.00244,0.91408,-0.40552,-0.00153,0.23037,-0.22860,-0.00013,
178,96.69462,23.22048,9.49852,0.00244,0.91408,-0.40552,-0.00153,0.23060,-0.22857,-0.00014,
178,96.70579,23.20805,9.49874,0.00244,0.91408,-0.40553,-0.00154,0.23080,-0.22885,-0.00016,
178,96.71744,23.19525,9.49905,0.00244,0.91407,-0.40554,-0.00154,0.23118,-0.22909,-0.00017,
178,96.73092,23.18484,9.49871,0.00245,0.91402,-0.40566,-0.00154,0.23120,-0.22877,-0.00033,
178,96.74132,23.17415,9.49853,0.00245,0.91401,-0.40567,-0.00154,0.23121,-0.22855,-0.00048,
178,96.70942,23.18514,9.49295,0.00238,0.91422,-0.40521,-0.00147,0.22606,-0.22733,-0.00070,
178,96.73172,23.16408,9.49352,0.00239,0.91419,-0.40527,-0.00145,0.22672,-0.22702,-0.00084,
178,96.74381,23.15186,9.49365,0.00238,0.91419,-0.40529,-0.00145,0.22710,-0.22702,-0.00090,
178,96.75627,23.13906,9.49376,0.00239,0.91418,-0.40530,-0.00146,0.22769,-0.22718,-0.00094,
178,96.76903,23.12755,9.49391,0.00239,0.91417,-0.40531,-0.00146,0.22821,-0.22659,-0.00091,
178,96.78130,23.11613,9.49371,0.00240,0.91417,-0.40533,-0.00146,0.22859,-0.22635,-0.00120,
178,96.79267,23.10412,9.49332,0.00240,0.91416,-0.40534,-0.00147,0.22882,-0.22652,-0.00155,
178,96.80355,23.09307,9.49326,0.00240,0.91415,-0.40536,-0.00146,0.22865,-0.22611,-0.00166,
178,96.81580,23.07983,9.49346,0.00240,0.91415,-0.40536,-0.00147,0.22905,-0.22630,-0.00162,
178,96.82781,23.06718,9.49391,0.00240,0.91415,-0.40537,-0.00147,0.22951,-0.22652,-0.00150,
178,96.83897,23.05553,9.49415,0.00240,0.91414,-0.40538,-0.00147,0.22966,-0.22652,-0.00143,
178,96.84995,23.04419,9.49451,0.00241,0.91414,-0.40539,-0.00148,0.22986,-0.22641,-0.00122,
178,96.86079,23.03358,9.49513,0.00241,0.91413,-0.40540,-0.00148,0.23019,-0.22608,-0.00099,
179,96.87106,23.02295,9.49512,0.00242,0.91413,-0.40541,-0.00148,0.22980,-0.22548,-0.00109,
179,96.88110,23.01170,9.49495,0.00242,0.91413,-0.40542,-0.00147,0.22923,-0.22514,-0.00124,
179,96.89215,22.99982,9.49494,0.00242,0.91412,-0.40543,-0.00147,0.22916,-0.22494,-0.00131,
179,96.90341,22.98832,9.49523,0.00242,0.91411,-0.40545,-0.00148,0.22936,-0.22497,-0.00125,
179,96.91491,22.97662,9.49550,0.00241,0.91410,-0.40547,-0.00148,0.22933,-0.22482,-0.00126,
179,96.92592,22.96501,9.49524,0.00241,0.91410,-0.40549,-0.00148,0.22912,-0.22457,-0.00144,
179,96.93721,22.95307,9.49539,0.00241,0.91409,-0.40550,-0.00148,0.22940,-0.22480,-0.00142,
179,96.94846,22.94192,9.49598,0.00241,0.91409,-0.40551,-0.00148,0.22959,-0.22468,-0.00130,
179,96.95898,22.93095,9.49593,0.00241,0.91408,-0.40552,-0.00148,0.22936,-0.22434,-0.00140,
179,96.97044,22.91846,9.49600,0.00241,0.91408,-0.40552,-0.00148,0.22971,-0.22473,-0.00138,
179,96.98237,22.90582,9.49623,0.00241,0.91408,-0.40553,-0.00149,0.23008,-0.22500,-0.00131,
179,96.99384,22.89342,9.49633,0.00241,0.91407,-0.40554,-0.00149,0.23018,-0.22523,-0.00132,
179,97.00444,22.88207,9.49644,0.00241,0.91407,-0.40555,-0.00149,0.23009,-0.22525,-0.00135,
179,97.01500,22.87050,9.49634,0.00241,0.91407,-0.40556,-0.00149,0.22988,-0.22513,-0.00142,
179,97.02736,22.85717,9.49663,0.00241,0.91406,-0.40556,-0.00149,0.23016,-0.22534,-0.00136,
179,97.03977,22.84424,9.49694,0.00241,0.91406,-0.40557,-0.00149,0.23057,-0.22547,-0.00130,
179,97.05094,22.83270,9.49732,0.00241,0.91406,-0.40558,-0.00150,0.23087,-0.22562,-0.00121,
179,97.06065,22.82272,9.49754,0.00241,0.91405,-0.40558,-0.00150,0.23051,-0.22524,-0.00123,
179,97.07070,22.81168,9.49732,0.00241,0.91405,-0.40559,-0.00149,0.23024,-0.22511,-0.00137,
180,97.08225,22.79907,9.49758,0.00241,0.91405,-0.40559,-0.00150,0.23040,-0.22526,-0.00133,
180,97.09296,22.78743,9.49799,0.00241,0.91405,-0.40559,-0.00149,0.23009,-0.22493,-0.00126,
180,97.10501,22.77455,9.49807,0.00241,0.91405,-0.40559,-0.00150,0.23040,-0.22507,-0.00129,
180,97.11689,22.76215,9.49808,0.00242,0.91405,-0.40560,-0.00150,0.23079,-0.22527,-0.00132,
180,97.12677,22.75148,9.49808,0.00242,0.91405,-0.40560,-0.00150,0.23052,-0.22506,-0.00138,
180,97.13803,22.73902,9.49823,0.00242,0.91404,-0.40560,-0.00150,0.23060,-0.22527,-0.00139,
180,97.14923,22.72682,9.49852,0.00242,0.91404,-0.40561,-0.00150,0.23058,-0.22529,-0.00134,
180,97.15965,22.71582,9.49903,0.00242,0.91404,-0.40561,-0.00150,0.23037,-0.22498,-0.00127,
180,97.16965,22.70497,9.49939,0.00242,0.91404,-0.40562,-0.00149,0.23001,-0.22454,-0.00123,
180,97.17985,22.69382,9.49916,0.00242,0.91404,-0.40562,-0.00149,0.22968,-0.22414,-0.00134,
180,97.19152,22.68095,9.49914,0.00242,0.91404,-0.40562,-0.00149,0.22986,-0.22432,-0.00142,
180,97.20314,22.66902,9.49935,0.00242,0.91403,-0.40564,-0.00150,0.23025,-0.22463,-0.00141,
180,97.21483,22.65733,9.49931,0.00242,0.91402,-0.40566,-0.00151,0.23063,-0.22498,-0.00147,
180,97.22590,22.64533,9.49869,0.00242,0.91402,-0.40567,-0.00151,0.23070,-0.22504,-0.00171,
180,97.23475,22.63835,9.49997,0.00242,0.91401,-0.40568,-0.00150,0.23030,-0.22373,-0.00136,
180,97.24429,22.63035,9.50089,0.00243,0.91401,-0.40569,-0.00150,0.22985,-0.22197,-0.00123,
180,97.25510,22.61859,9.50112,0.00243,0.91400,-0.40570,-0.00151,0.22996,-0.22223,-0.00124,
180,97.26561,22.60744,9.50143,0.00243,0.91400,-0.40571,-0.00150,0.22994,-0.22216,-0.00121,
180,97.27835,22.59260,9.49984,0.00244,0.91400,-0.40570,-0.00150,0.23041,-0.22255,-0.00182,
180,97.29153,22.57651,9.49721,0.00245,0.91400,-0.40571,-0.00151,0.23087,-0.22296,-0.00276,
180,97.30345,22.56274,9.49703,0.00245,0.91400,-0.40570,-0.00151,0.23117,-0.22324,-0.00282,
181,97.31581,22.54885,9.49707,0.00245,0.91400,-0.40570,-0.00152,0.23172,-0.22375,-0.00282,
181,97.32798,22.53696,9.49678,0.00246,0.91400,-0.40571,-0.00152,0.23194,-0.22336,-0.00294,
181,97.33959,22.52558,9.49660,0.00246,0.91399,-0.40572,-0.00151,0.23167,-0.22260,-0.00318,
181,97.35047,22.51378,9.49684,0.00246,0.91399,-0.40572,-0.00151,0.23163,-0.22244,-0.00315,
181,97.36185,22.50089,9.49689,0.00246,0.91399,-0.40572,-0.00151,0.23174,-0.22258,-0.00320,
181,97.37301,22.48798,9.49755,0.00246,0.91399,-0.40572,-0.00152,0.23186,-0.22283,-0.00308,
181,97.39883,22.43194,9.49433,0.00240,0.91418,-0.40530,-0.00147,0.22957,-0.22788,-0.00190,
181,97.41753,22.41398,9.49449,0.00241,0.91416,-0.40533,-0.00142,0.22966,-0.22727,-0.00231,
181,97.42874,22.40239,9.49454,0.00241,0.91416,-0.40534,-0.00142,0.22985,-0.22720,-0.00223,
181,97.44020,22.39046,9.49468,0.00241,0.91416,-0.40534,-0.00143,0.22998,-0.22716,-0.00221,
181,97.45259,22.37734,9.49497,0.00241,0.91416,-0.40534,-0.00144,0.23054,-0.22757,-0.00208,
181,97.46484,22.36456,9.49503,0.00241,0.91416,-0.40535,-0.00144,0.23104,-0.22777,-0.00199,
181,97.47571,22.35346,9.49498,0.00241,0.91416,-0.40535,-0.00144,0.23121,-0.22768,-0.00197,
181,97.48770,22.34078,9.49504,0.00241,0.91415,-0.40536,-0.00144,0.23148,-0.22779,-0.00191,
181,97.50029,22.32707,9.49538,0.00241,0.91415,-0.40536,-0.00145,0.23187,-0.22815,-0.00171,
181,97.51239,22.31438,9.49562,0.00241,0.91415,-0.40537,-0.00145,0.23232,-0.22840,-0.00160,
181,97.52323,22.30310,9.49538,0.00241,0.91415,-0.40537,-0.00145,0.23212,-0.22816,-0.00168,
181,97.53335,22.29218,9.49533,0.00241,0.91414,-0.40538,-0.00145,0.23167,-0.22780,-0.00166,
181,97.54553,22.27914,9.49530,0.00241,0.91414,-0.40539,-0.00145,0.23207,-0.22813,-0.00160,
182,97.55847,22.26678,9.49592,0.00241,0.91414,-0.40540,-0.00146,0.23279,-0.22784,-0.00125,
182,97.57003,22.25598,9.49709,0.00242,0.91413,-0.40541,-0.00146,0.23305,-0.22706,-0.00080,
182,97.58112,22.24426,9.49742,0.00242,0.91413,-0.40542,-0.00146,0.23307,-0.22714,-0.00070,
182,97.59258,22.23230,9.49750,0.00242,0.91412,-0.40543,-0.00146,0.23323,-0.22724,-0.00065,
182,97.60407,22.22009,9.49756,0.00242,0.91412,-0.40544,-0.00146,0.23346,-0.22744,-0.00058,
182,97.61542,22.20816,9.49782,0.00242,0.91411,-0.40545,-0.00147,0.23362,-0.22749,-0.00050,
182,97.62661,22.19646,9.49797,0.00242,0.91411,-0.40546,-0.00147,0.23373,-0.22755,-0.00049,
182,97.63723,22.18526,9.49775,0.00242,0.91410,-0.40547,-0.00146,0.23327,-0.22721,-0.00063,
182,97.64792,22.17413,9.49767,0.00242,0.91410,-0.40548,-0.00146,0.23308,-0.22696,-0.00062,
182,97.65634,22.16400,9.49927,0.00242,0.91410,-0.40548,-0.00146,0.23285,-0.22709,-0.00013,
182,97.66516,22.15323,9.50114,0.00241,0.91410,-0.40548,-0.00147,0.23275,-0.22738,0.00031,
182,97.67565,22.14248,9.50044,0.00241,0.91409,-0.40549,-0.00147,0.23255,-0.22722,0.00018,
182,97.68694,22.13243,9.49966,0.00240,0.91406,-0.40556,-0.00146,0.23235,-0.22723,0.00017,
182,97.69886,22.11923,9.49977,0.00240,0.91406,-0.40556,-0.00147,0.23273,-0.22784,0.00025,
182,97.70965,22.10732,9.49971,0.00240,0.91406,-0.40557,-0.00147,0.23256,-0.22788,0.00021,
182,97.72114,22.09529,9.49990,0.00240,0.91406,-0.40557,-0.00147,0.23279,-0.22795,0.00025,
182,97.72975,22.08776,9.49958,0.00240,0.91405,-0.40559,-0.00147,0.23279,-0.22754,0.00016,
182,97.73835,22.08025,9.49878,0.00240,0.91405,-0.40560,-0.00147,0.23264,-0.22714,-0.00005,
182,97.75098,22.06715,9.49842,0.00240,0.91404,-0.40561,-0.00147,0.23285,-0.22715,-0.00017,
182,97.76296,22.05387,9.50050,0.00241,0.91404,-0.40561,-0.00148,0.23271,-0.22682,0.00029,
182,97.77408,22.04167,9.50260,0.00241,0.91404,-0.40561,-0.00148,0.23237,-0.22632,0.00067,
183,97.78501,22.02989,9.50249,0.00241,0.91404,-0.40561,-0.00148,0.23217,-0.22613,0.00056,
183,97.79540,22.01868,9.50277,0.00241,0.91404,-0.40561,-0.00148,0.23216,-0.22621,0.00064,
183,97.80655,22.00656,9.50295,0.00241,0.91404,-0.40561,-0.00148,0.23218,-0.22631,0.00067,
183,97.81793,21.99432,9.50316,0.00241,0.91404,-0.40561,-0.00148,0.23244,-0.22661,0.00071,
183,97.82924,21.98250,9.50358,0.00241,0.91404,-0.40561,-0.00149,0.23297,-0.22698,0.00080,
183,97.84151,21.96929,9.50387,0.00241,0.91404,-0.40562,-0.00150,0.23363,-0.22753,0.00089,
183,97.85279,21.95749,9.50419,0.00241,0.91404,-0.40562,-0.00150,0.23405,-0.22781,0.00098,
183,97.86368,21.94621,9.50453,0.00241,0.91404,-0.40562,-0.00151,0.23442,-0.22816,0.00103,
183,97.87615,21.93239,9.50484,0.00240,0.91404,-0.40562,-0.00151,0.23477,-0.22860,0.00106,
183,97.88728,21.92028,9.50506,0.00241,0.91404,-0.40562,-0.00151,0.23477,-0.22850,0.00110,
183,97.89683,21.91044,9.50510,0.00241,0.91403,-0.40563,-0.00151,0.23437,-0.22800,0.00105,
183,97.90723,21.89936,9.50516,0.00241,0.91403,-0.40563,-0.00151,0.23414,-0.22779,0.00099,
183,97.91273,21.89678,9.50854,0.00240,0.91403,-0.40565,-0.00151,0.23407,-0.22748,0.00159,
183,97.91748,21.89489,9.51236,0.00238,0.91402,-0.40565,-0.00153,0.23441,-0.22836,0.00199,
183,97.92984,21.88399,9.51215,0.00238,0.91399,-0.40572,-0.00152,0.23430,-0.22824,0.00188,
183,97.94148,21.87583,9.51360,0.00239,0.91398,-0.40574,-0.00153,0.23479,-0.22750,0.00210,
183,97.95423,21.86656,9.51535,0.00240,0.91397,-0.40576,-0.00154,0.23551,-0.22662,0.00232,
183,97.88508,21.92241,9.50933,0.00231,0.91415,-0.40536,-0.00143,0.22403,-0.22689,0.00276,
183,97.89721,21.91168,9.51065,0.00230,0.91412,-0.40543,-0.00144,0.22465,-0.22760,0.00261,
184,97.90685,21.90243,9.51109,0.00230,0.91412,-0.40543,-0.00144,0.22474,-0.22732,0.00266,
184,97.91748,21.89127,9.51123,0.00230,0.91412,-0.40544,-0.00144,0.22465,-0.22715,0.00264,
184,97.92967,21.87780,9.51130,0.00231,0.91412,-0.40544,-0.00145,0.22484,-0.22732,0.00262,
184,97.94141,21.86537,9.51160,0.00231,0.91412,-0.40545,-0.00145,0.22506,-0.22729,0.00259,
184,97.95295,21.85392,9.51228,0.00231,0.91411,-0.40546,-0.00145,0.22540,-0.22724,0.00291,
184,97.96522,21.84124,9.51285,0.00230,0.91411,-0.40546,-0.00146,0.22602,-0.22763,0.00321,
184,97.97783,21.82755,9.51315,0.00230,0.91411,-0.40546,-0.00147,0.22671,-0.22828,0.00325,
184,97.98978,21.81532,9.51371,0.00230,0.91411,-0.40546,-0.00148,0.22746,-0.22864,0.00340,
184,98.00036,21.80443,9.51408,0.00230,0.91411,-0.40547,-0.00148,0.22756,-0.22871,0.00348,
184,98.01035,21.79384,9.51424,0.00230,0.91410,-0.40547,-0.00148,0.22727,-0.22860,0.00344,
184,98.02042,21.78334,9.51440,0.00230,0.91410,-0.40548,-0.00147,0.22685,-0.22816,0.00334,
184,98.03060,21.77220,9.51461,0.00230,0.91410,-0.40548,-0.00147,0.22613,-0.22770,0.00326,
184,98.04193,21.75959,9.51480,0.00230,0.91409,-0.40549,-0.00147,0.22590,-0.22769,0.00321,
184,98.05355,21.74697,9.51510,0.00230,0.91409,-0.40550,-0.00147,0.22606,-0.22783,0.00336,
184,98.06512,21.73440,9.51574,0.00230,0.91409,-0.40551,-0.00148,0.22664,-0.22825,0.00365,
184,98.07702,21.72166,9.51624,0.00230,0.91408,-0.40551,-0.00148,0.22708,-0.22864,0.00374,
184,98.08745,21.71071,9.51668,0.00230,0.91408,-0.40552,-0.00148,0.22703,-0.22863,0.00380,
184,98.09765,21.70002,9.51721,0.00230,0.91408,-0.40553,-0.00149,0.22716,-0.22876,0.00394,
184,98.10978,21.68758,9.51770,0.00230,0.91407,-0.40554,-0.00150,0.22812,-0.22939,0.00408,
184,98.12166,21.67517,9.51804,0.00230,0.91407,-0.40555,-0.00150,0.22857,-0.22962,0.00409,
184,98.13211,21.66340,9.51868,0.00230,0.91407,-0.40556,-0.00150,0.22833,-0.22948,0.00419,
185,98.14245,21.65152,9.51935,0.00230,0.91406,-0.40556,-0.00150,0.22804,-0.22924,0.00431,
185,98.15278,21.64031,9.51949,0.00230,0.91406,-0.40557,-0.00150,0.22760,-0.22890,0.00423,
185,98.16482,21.62738,9.51960,0.00230,0.91405,-0.40558,-0.00150,0.22771,-0.22878,0.00422,
185,98.17588,21.61703,9.51985,0.00231,0.91405,-0.40560,-0.00150,0.22765,-0.22813,0.00424,
185,98.18589,21.60780,9.52017,0.00231,0.91404,-0.40562,-0.00150,0.22767,-0.22779,0.00424,
185,98.19536,21.59795,9.52049,0.00231,0.91404,-0.40562,-0.00150,0.22739,-0.22748,0.00421,
185,98.20623,21.58645,9.52092,0.00231,0.91403,-0.40563,-0.00150,0.22748,-0.22749,0.00420,
185,98.21806,21.57382,9.52116,0.00231,0.91403,-0.40564,-0.00150,0.22754,-0.22750,0.00416,
185,98.22830,21.56325,9.52146,0.00232,0.91402,-0.40565,-0.00150,0.22752,-0.22725,0.00417,
185,98.23956,21.55104,9.52155,0.00232,0.91402,-0.40565,-0.00151,0.22773,-0.22737,0.00410,
185,98.25137,21.53781,9.52155,0.00232,0.91402,-0.40566,-0.00151,0.22774,-0.22753,0.00403,
185,98.26327,21.52546,9.52203,0.00232,0.91401,-0.40567,-0.00151,0.22812,-0.22768,0.00414,
185,98.27402,21.51448,9.52251,0.00232,0.91401,-0.40568,-0.00151,0.22823,-0.22760,0.00423,
185,98.28818,21.49653,9.52114,0.00233,0.91401,-0.40567,-0.00150,0.22772,-0.22739,0.00382,
185,98.30376,21.47835,9.51998,0.00235,0.91401,-0.40568,-0.00150,0.22741,-0.22623,0.00351,
185,98.31621,21.46502,9.52010,0.00235,0.91401,-0.40568,-0.00150,0.22766,-0.22631,0.00341,
185,98.32696,21.45367,9.52036,0.00235,0.91401,-0.40568,-0.00150,0.22765,-0.22620,0.00342,
185,98.33812,21.44155,9.52043,0.00235,0.91401,-0.40568,-0.00150,0.22780,-0.22631,0.00340,
185,98.34339,21.44006,9.52157,0.00235,0.91400,-0.40570,-0.00151,0.22843,-0.22593,0.00353,
186,98.34896,21.43864,9.52289,0.00236,0.91400,-0.40571,-0.00153,0.22935,-0.22576,0.00372,
186,98.35862,21.42893,9.52323,0.00236,0.91400,-0.40571,-0.00153,0.22945,-0.22567,0.00374,
186,98.36825,21.41936,9.52373,0.00236,0.91400,-0.40571,-0.00153,0.22918,-0.22510,0.00380,
186,98.37918,21.40827,9.52413,0.00237,0.91400,-0.40572,-0.00152,0.22919,-0.22488,0.00382,
186,98.39159,21.39464,9.52425,0.00237,0.91399,-0.40572,-0.00153,0.22955,-0.22516,0.00381,
186,98.40390,21.38128,9.52413,0.00237,0.91399,-0.40572,-0.00153,0.22985,-0.22530,0.00373,
186,98.41443,21.37028,9.52403,0.00237,0.91399,-0.40573,-0.00153,0.22947,-0.22476,0.00360,
186,98.42492,21.35890,9.52446,0.00237,0.91399,-0.40573,-0.00153,0.22925,-0.22452,0.00366,
186,98.43600,21.34734,9.52490,0.00237,0.91398,-0.40574,-0.00153,0.22945,-0.22458,0.00369,
186,98.44696,21.33337,9.52547,0.00238,0.91399,-0.40574,-0.00154,0.22982,-0.22525,0.00372,
186,98.45877,21.31801,9.52614,0.00237,0.91399,-0.40573,-0.00155,0.23035,-0.22635,0.00370,
186,98.47070,21.30525,9.52630,0.00238,0.91399,-0.40574,-0.00155,0.23043,-0.22629,0.00364,
186,98.48085,21.29388,9.52643,0.00238,0.91399,-0.40574,-0.00155,0.23019,-0.22614,0.00360,
186,98.49067,21.28343,9.52640,0.00238,0.91398,-0.40574,-0.00155,0.22992,-0.22581,0.00348,
186,98.50144,21.27271,9.52655,0.00238,0.91398,-0.40575,-0.00155,0.23001,-0.22552,0.00341,
186,98.51289,21.26054,9.52688,0.00238,0.91398,-0.40575,-0.00155,0.23038,-0.22576,0.00340,
186,98.52379,21.24819,9.52673,0.00237,0.91398,-0.40575,-0.00156,0.23066,-0.22645,0.00321,
186,98.53379,21.23731,9.52688,0.00236,0.91398,-0.40575,-0.00155,0.23038,-0.22651,0.00312,
186,98.54396,21.22672,9.52714,0.00236,0.91398,-0.40576,-0.00155,0.23017,-0.22618,0.00308,
186,98.55406,21.21549,9.52693,0.00236,0.91398,-0.40576,-0.00155,0.22992,-0.22603,0.00292,
186,98.56482,21.20369,9.52638,0.00236,0.91398,-0.40576,-0.00155,0.22988,-0.22626,0.00258,
187,98.49891,21.25683,9.52188,0.00228,0.91419,-0.40528,-0.00146,0.22159,-0.22482,0.00264,
187,98.50462,21.25305,9.52298,0.00228,0.91416,-0.40534,-0.00145,0.22116,-0.22375,0.00274,
187,98.51533,21.24189,9.52333,0.00228,0.91416,-0.40535,-0.00145,0.22130,-0.22377,0.00277,
187,98.52576,21.23113,9.52354,0.00228,0.91416,-0.40535,-0.00145,0.22142,-0.22376,0.00274,
187,98.53593,21.22045,9.52362,0.00228,0.91415,-0.40536,-0.00145,0.22124,-0.22355,0.00266,
187,98.54775,21.20807,9.52308,0.00229,0.91415,-0.40537,-0.00145,0.22143,-0.22360,0.00249,
187,98.55993,21.19543,9.52266,0.00229,0.91415,-0.40537,-0.00145,0.22182,-0.22374,0.00236,
187,98.57139,21.18310,9.52287,0.00229,0.91414,-0.40538,-0.00145,0.22171,-0.22363,0.00235,
187,98.58255,21.17108,9.52282,0.00229,0.91414,-0.40539,-0.00144,0.22143,-0.22329,0.00222,
187,98.59301,21.16034,9.52312,0.00229,0.91413,-0.40541,-0.00144,0.22141,-0.22311,0.00228,
187,98.60205,21.15161,9.52347,0.00229,0.91413,-0.40542,-0.00144,0.22116,-0.22271,0.00228,
187,98.61199,21.14158,9.52366,0.00229,0.91412,-0.40543,-0.00144,0.22122,-0.22261,0.00223,
187,98.62362,21.12924,9.52373,0.00230,0.91412,-0.40544,-0.00144,0.22155,-0.22282,0.00219,
187,98.63438,21.11780,9.52381,0.00230,0.91411,-0.40545,-0.00144,0.22156,-0.22285,0.00213,
187,98.64456,21.10685,9.52406,0.00229,0.91411,-0.40546,-0.00145,0.22147,-0.22298,0.00216,
187,98.65566,21.09476,9.52433,0.00229,0.91411,-0.40547,-0.00144,0.22151,-0.22317,0.00223,
187,98.66672,21.08300,9.52454,0.00229,0.91410,-0.40547,-0.00144,0.22151,-0.22320,0.00222,
187,98.67779,21.07153,9.52472,0.00229,0.91410,-0.40548,-0.00145,0.22178,-0.22331,0.00221,
187,98.69058,21.05801,9.52549,0.00229,0.91410,-0.40549,-0.00146,0.22284,-0.22386,0.00260,
188,98.70212,21.04566,9.52634,0.00229,0.91409,-0.40549,-0.00146,0.22329,-0.22449,0.00296,
188,98.71171,21.03575,9.52643,0.00229,0.91409,-0.40550,-0.00146,0.22318,-0.22442,0.00287,
188,98.72168,21.02462,9.52638,0.00229,0.91409,-0.40550,-0.00146,0.22309,-0.22461,0.00276,
188,98.73172,21.01412,9.52687,0.00228,0.91409,-0.40551,-0.00146,0.22309,-0.22467,0.00284,
188,98.74179,21.00395,9.52722,0.00228,0.91408,-0.40552,-0.00146,0.22329,-0.22476,0.00288,
188,98.75215,20.99304,9.52714,0.00229,0.91408,-0.40552,-0.00147,0.22365,-0.22508,0.00275,
188,98.76259,20.98183,9.52728,0.00229,0.91408,-0.40552,-0.00147,0.22363,-0.22507,0.00268,
188,98.77518,20.96824,9.52759,0.00229,0.91408,-0.40552,-0.00148,0.22410,-0.22544,0.00273,
188,98.77845,20.96876,9.52925,0.00229,0.91407,-0.40554,-0.00149,0.22442,-0.22494,0.00307,
188,98.78076,20.96966,9.53086,0.00229,0.91407,-0.40555,-0.00149,0.22420,-0.22417,0.00335,
188,98.79080,20.95850,9.53081,0.00229,0.91407,-0.40555,-0.00149,0.22390,-0.22401,0.00323,
188,98.80055,20.94806,9.53075,0.00226,0.91406,-0.40557,-0.00147,0.22361,-0.22384,0.00312,
188,98.81257,20.93478,9.53038,0.00221,0.91403,-0.40564,-0.00145,0.22374,-0.22401,0.00297,
188,98.82611,20.91942,9.52998,0.00215,0.91396,-0.40580,-0.00143,0.22432,-0.22481,0.00281,
188,98.83765,20.90624,9.53029,0.00207,0.91384,-0.40606,-0.00141,0.22470,-0.22588,0.00280,
188,98.84846,20.89288,9.53064,0.00199,0.91369,-0.40642,-0.00138,0.22467,-0.22709,0.00284,
188,98.86020,20.87893,9.53077,0.00190,0.91347,-0.40689,-0.00135,0.22455,-0.22815,0.00282,
188,98.87246,20.86492,9.53081,0.00183,0.91323,-0.40745,-0.00131,0.22437,-0.22872,0.00276,
188,98.88431,20.85069,9.53080,0.00175,0.91294,-0.40808,-0.00128,0.22397,-0.22950,0.00271,
188,98.89553,20.83775,9.53077,0.00167,0.91263,-0.40877,-0.00124,0.22363,-0.23010,0.00262,
188,98.90644,20.82723,9.53102,0.00162,0.91231,-0.40950,-0.00121,0.22342,-0.22993,0.00258,
189,98.91692,20.81619,9.53130,0.00155,0.91196,-0.41027,-0.00118,0.22314,-0.23042,0.00257,
189,98.90498,20.80576,9.52627,0.00136,0.91181,-0.41061,-0.00106,0.21664,-0.23563,0.00100,
189,98.90895,20.79994,9.52555,0.00133,0.91145,-0.41140,-0.00104,0.21631,-0.23583,0.00070,
189,98.91931,20.78857,9.52578,0.00128,0.91110,-0.41219,-0.00102,0.21578,-0.23640,0.00070,
189,98.92946,20.77776,9.52585,0.00124,0.91075,-0.41296,-0.00100,0.21528,-0.23667,0.00057,
189,98.94039,20.76632,9.52584,0.00120,0.91041,-0.41371,-0.00098,0.21491,-0.23707,0.00044,
189,98.95326,20.75165,9.52601,0.00116,0.91007,-0.41445,-0.00097,0.21468,-0.23807,0.00051,
189,98.96386,20.74042,9.52621,0.00113,0.90975,-0.41515,-0.00095,0.21421,-0.23847,0.00050,
189,98.97410,20.73020,9.52618,0.00110,0.90946,-0.41580,-0.00093,0.21371,-0.23830,0.00039,
189,98.99863,20.69981,9.52641,0.00104,0.90916,-0.41644,-0.00091,0.21359,-0.23980,0.00041,
189,99.02297,20.66915,9.52699,0.00096,0.90886,-0.41711,-0.00087,0.21328,-0.24165,0.00058,
189,99.03434,20.65635,9.52788,0.00087,0.90852,-0.41784,-0.00084,0.21255,-0.24304,0.00086,
189,98.97665,20.70745,9.52042,0.00066,0.90836,-0.41819,-0.00071,0.20356,-0.24351,0.00031,
189,98.98853,20.69653,9.52074,0.00060,0.90795,-0.41907,-0.00068,0.20355,-0.24389,0.00026,
189,98.99789,20.68564,9.52075,0.00052,0.90754,-0.41996,-0.00065,0.20269,-0.24483,0.00016,
189,99.00836,20.67129,9.52064,0.00042,0.90709,-0.42095,-0.00061,0.20137,-0.24731,0.00004,
189,99.02085,20.65448,9.52013,0.00034,0.90659,-0.42201,-0.00058,0.20008,-0.24933,-0.00023,
189,99.03269,20.64077,9.51987,0.00029,0.90608,-0.42310,-0.00056,0.19913,-0.24962,-0.00030,
189,99.04214,20.62999,9.52010,0.00024,0.90556,-0.42421,-0.00053,0.19820,-0.25036,-0.00029,
190,99.05201,20.61759,9.52013,0.00018,0.90503,-0.42535,-0.00051,0.19724,-0.25191,-0.00036,
190,99.06246,20.60381,9.52016,0.00012,0.90447,-0.42653,-0.00049,0.19601,-0.25380,-0.00042,
190,99.12139,20.52810,9.52356,-0.00002,0.90405,-0.42743,-0.00040,0.19650,-0.26122,-0.00041,
190,99.13347,20.51461,9.52360,-0.00004,0.90349,-0.42861,-0.00039,0.19586,-0.26191,-0.00043,
190,99.14499,20.49724,9.52390,-0.00010,0.90293,-0.42979,-0.00036,0.19366,-0.26477,-0.00029,
190,99.15506,20.48270,9.52410,-0.00015,0.90239,-0.43092,-0.00034,0.19190,-0.26700,-0.00023,
190,99.16622,20.47031,9.52408,-0.00016,0.90187,-0.43200,-0.00034,0.19164,-0.26727,-0.00036,
190,99.17624,20.45756,9.52412,-0.00020,0.90136,-0.43307,-0.00033,0.19063,-0.26847,-0.00040,
190,99.18650,20.44298,9.52429,-0.00028,0.90084,-0.43416,-0.00029,0.18917,-0.27060,-0.00034,
190,99.27727,20.32817,9.52823,-0.00046,0.90038,-0.43511,-0.00018,0.19298,-0.28176,0.00007,
190,99.28547,20.31973,9.52876,-0.00051,0.89980,-0.43631,-0.00016,0.19227,-0.28141,-0.00003,
190,99.29594,20.30646,9.52895,-0.00060,0.89919,-0.43755,-0.00012,0.19094,-0.28226,-0.00007,
190,99.30751,20.29170,9.52903,-0.00069,0.89855,-0.43887,-0.00008,0.18999,-0.28350,-0.00014,
190,99.31823,20.27632,9.52914,-0.00078,0.89785,-0.44029,-0.00004,0.18830,-0.28554,-0.00015,
190,99.32921,20.26104,9.52926,-0.00087,0.89712,-0.44179,0.00000,0.18677,-0.28732,-0.00018,
190,99.34103,20.24734,9.52935,-0.00092,0.89636,-0.44333,0.00003,0.18623,-0.28789,-0.00020,
190,99.42049,20.14875,9.53023,-0.00111,0.89564,-0.44479,0.00014,0.19023,-0.29940,-0.00053,
190,99.42713,20.13918,9.53049,-0.00118,0.89479,-0.44649,0.00016,0.18810,-0.30062,-0.00072,
190,99.43875,20.12386,9.53050,-0.00123,0.89395,-0.44817,0.00018,0.18696,-0.30199,-0.00086,
190,99.44973,20.10998,9.53059,-0.00127,0.89310,-0.44985,0.00020,0.18587,-0.30288,-0.00092,
190,99.46147,20.09438,9.53063,-0.00132,0.89225,-0.45153,0.00021,0.18473,-0.30437,-0.00105,
191,99.51250,20.02481,9.53008,-0.00150,0.89148,-0.45306,0.00027,0.18742,-0.31562,-0.00151,
191,99.51945,20.01179,9.52983,-0.00153,0.89061,-0.45477,0.00030,0.18395,-0.31729,-0.00162,
191,99.52963,19.99476,9.52979,-0.00157,0.88977,-0.45640,0.00032,0.18136,-0.31987,-0.00168,
191,99.54036,19.97931,9.52983,-0.00159,0.88897,-0.45796,0.00034,0.17974,-0.32126,-0.00179,
191,99.55044,19.96277,9.52987,-0.00161,0.88818,-0.45949,0.00035,0.17744,-0.32351,-0.00183,
191,99.57356,19.92774,9.52515,-0.00173,0.88744,-0.46091,0.00042,0.17676,-0.33201,-0.00236,
191,99.58064,19.91359,9.52552,-0.00174,0.88669,-0.46236,0.00043,0.17298,-0.33366,-0.00225,
191,99.58910,19.89940,9.52580,-0.00173,0.88597,-0.46374,0.00043,0.17055,-0.33488,-0.00212,
191,99.59806,19.88397,9.52587,-0.00173,0.88527,-0.46508,0.00044,0.16828,-0.33649,-0.00207,
191,99.60803,19.86869,9.52591,-0.00172,0.88459,-0.46636,0.00043,0.16674,-0.33741,-0.00211,
191,99.63617,19.82715,9.52491,-0.00179,0.88392,-0.46763,0.00047,0.16991,-0.34643,-0.00219,
191,99.64461,19.81448,9.52373,-0.00172,0.88327,-0.46887,0.00047,0.16788,-0.34534,-0.00267,
191,99.65713,19.79821,9.52361,-0.00167,0.88264,-0.47005,0.00045,0.16781,-0.34515,-0.00298,
191,99.66775,19.77904,9.52358,-0.00165,0.88200,-0.47124,0.00044,0.16569,-0.34739,-0.00296,
191,99.67789,19.75772,9.52367,-0.00165,0.88137,-0.47243,0.00045,0.16274,-0.35092,-0.00277,
191,99.68821,19.73883,9.52358,-0.00162,0.88075,-0.47358,0.00044,0.16080,-0.35307,-0.00284,
191,99.69873,19.71975,9.52321,-0.00158,0.88015,-0.47470,0.00043,0.15917,-0.35520,-0.00305,
191,99.72308,19.68476,9.52213,-0.00157,0.87955,-0.47580,0.00045,0.16503,-0.36193,-0.00343,
191,99.72805,19.67111,9.52221,-0.00153,0.87896,-0.47690,0.00044,0.16065,-0.36185,-0.00337,
192,99.73818,19.65258,9.52221,-0.00152,0.87837,-0.47798,0.00044,0.15899,-0.36334,-0.00337,
192,99.74946,19.63398,9.52200,-0.00151,0.87777,-0.47908,0.00045,0.15823,-0.36436,-0.00354,
192,99.76030,19.61530,9.52185,-0.00152,0.87714,-0.48024,0.00046,0.15716,-0.36556,-0.00366,
192,99.77192,19.59595,9.52152,-0.00153,0.87647,-0.48146,0.00047,0.15659,-0.36679,-0.00394,
192,99.78369,19.57696,9.52112,-0.00155,0.87576,-0.48275,0.00049,0.15621,-0.36778,-0.00421,
192,99.80548,19.55501,9.52034,-0.00159,0.87499,-0.48413,0.00055,0.16227,-0.36782,-0.00431,
192,99.80952,19.54170,9.51994,-0.00162,0.87417,-0.48561,0.00057,0.15772,-0.36748,-0.00463,
192,99.81978,19.52284,9.51947,-0.00164,0.87332,-0.48715,0.00058,0.15644,-0.36892,-0.00485,
192,99.83076,19.50463,9.51892,-0.00164,0.87244,-0.48872,0.00059,0.15601,-0.36964,-0.00517,
192,99.84190,19.48605,9.51835,-0.00165,0.87153,-0.49034,0.00060,0.15553,-0.37055,-0.00550,
192,99.85249,19.46696,9.51803,-0.00166,0.87059,-0.49201,0.00061,0.15451,-0.37191,-0.00565,
192,99.86751,19.46442,9.51760,-0.00164,0.86969,-0.49360,0.00064,0.16000,-0.36292,-0.00573,
192,99.87177,19.45164,9.51663,-0.00163,0.86873,-0.49529,0.00064,0.15592,-0.36216,-0.00643,
192,99.88137,19.43369,9.51608,-0.00163,0.86777,-0.49696,0.00064,0.15434,-0.36321,-0.00669,
192,99.89084,19.41547,9.51584,-0.00162,0.86683,-0.49861,0.00065,0.15254,-0.36437,-0.00673,
192,99.90057,19.39629,9.51524,-0.00161,0.86590,-0.50022,0.00065,0.15088,-0.36600,-0.00705,
192,99.91692,19.38951,9.51534,-0.00157,0.86507,-0.50165,0.00067,0.15591,-0.35882,-0.00666,
192,99.92166,19.37317,9.51465,-0.00156,0.86418,-0.50318,0.00068,0.15091,-0.36011,-0.00710,
192,99.93086,19.35435,9.51414,-0.00154,0.86334,-0.50462,0.00067,0.14891,-0.36168,-0.00731,
192,99.93952,19.33690,9.51378,-0.00151,0.86253,-0.50601,0.00067,0.14685,-0.36253,-0.00741,
192,99.94811,19.31871,9.51359,-0.00148,0.86175,-0.50734,0.00066,0.14463,-0.36373,-0.00737,
193,99.97006,19.29348,9.51440,-0.00147,0.86105,-0.50851,0.00069,0.15009,-0.36612,-0.00642,
193,99.97548,19.27617,9.51405,-0.00144,0.86032,-0.50974,0.00068,0.14568,-0.36737,-0.00658,
193,99.98396,19.25672,9.51374,-0.00141,0.85962,-0.51093,0.00067,0.14319,-0.36911,-0.00663,
193,99.99197,19.23780,9.51356,-0.00138,0.85893,-0.51208,0.00066,0.14050,-0.37058,-0.00655,
193,100.00037,19.21987,9.51338,-0.00134,0.85826,-0.51322,0.00064,0.13836,-0.37136,-0.00648,
193,100.00876,19.20168,9.51313,-0.00129,0.85761,-0.51430,0.00063,0.13646,-0.37214,-0.00649,
193,100.03253,19.16852,9.51483,-0.00130,0.85699,-0.51533,0.00064,0.14237,-0.37859,-0.00493,
193,100.03777,19.15196,9.51443,-0.00123,0.85636,-0.51638,0.00062,0.13846,-0.37877,-0.00512,
193,100.04600,19.13299,9.51412,-0.00118,0.85573,-0.51741,0.00059,0.13650,-0.37970,-0.00521,
193,100.05456,19.11453,9.51390,-0.00112,0.85512,-0.51843,0.00056,0.13503,-0.38007,-0.00531,
193,100.06275,19.09574,9.51377,-0.00106,0.85451,-0.51944,0.00054,0.13320,-0.38072,-0.00529,
193,100.07070,19.07644,9.51372,-0.00101,0.85390,-0.52044,0.00051,0.13121,-0.38171,-0.00520,
193,100.07867,19.05706,9.51369,-0.00095,0.85330,-0.52142,0.00048,0.12944,-0.38260,-0.00510,
193,100.08644,19.03710,9.51366,-0.00089,0.85271,-0.52239,0.00045,0.12743,-0.38380,-0.00502,
193,100.10459,19.01807,9.51585,-0.00085,0.85216,-0.52329,0.00043,0.13274,-0.38355,-0.00353,
193,100.10824,19.00235,9.51555,-0.00078,0.85159,-0.52422,0.00040,0.12850,-0.38315,-0.00369,
193,100.11545,18.98290,9.51537,-0.00072,0.85102,-0.52513,0.00038,0.12631,-0.38410,-0.00376,
193,100.12345,18.96427,9.51516,-0.00065,0.85048,-0.52600,0.00035,0.12506,-0.38417,-0.00389,
193,100.13145,18.94569,9.51501,-0.00058,0.84995,-0.52686,0.00032,0.12392,-0.38419,-0.00393,
194,100.13897,18.92628,9.51502,-0.00052,0.84943,-0.52771,0.00029,0.12236,-0.38487,-0.00384,
194,100.14650,18.90694,9.51497,-0.00046,0.84891,-0.52853,0.00026,0.12086,-0.38516,-0.00386,
194,100.15396,18.88843,9.51481,-0.00039,0.84842,-0.52933,0.00023,0.11949,-0.38488,-0.00396,
194,100.16281,18.89175,9.51715,-0.00032,0.84797,-0.53004,0.00018,0.12295,-0.37557,-0.00253,
194,100.16614,18.87728,9.51698,-0.00025,0.84749,-0.53081,0.00015,0.11963,-0.37450,-0.00267,
194,100.17315,18.85871,9.51706,-0.00020,0.84701,-0.53157,0.00012,0.11813,-0.37490,-0.00259,
194,100.18086,18.84070,9.51686,-0.00013,0.84656,-0.53230,0.00008,0.11750,-0.37450,-0.00276,
194,100.18823,18.82301,9.51673,-0.00006,0.84611,-0.53301,0.00004,0.11673,-0.37408,-0.00284,
194,100.19526,18.80437,9.51678,0.00000,0.84566,-0.53372,0.00001,0.11566,-0.37432,-0.00275,
194,100.20221,18.78592,9.51680,0.00006,0.84523,-0.53440,-0.00002,0.11460,-0.37439,-0.00269,
194,100.20914,18.76729,9.51688,0.00012,0.84481,-0.53507,-0.00006,0.11362,-0.37456,-0.00262,
194,100.21694,18.74900,9.51672,0.00019,0.84440,-0.53572,-0.00010,0.11343,-0.37418,-0.00274,
194,100.22480,18.73120,9.51658,0.00026,0.84399,-0.53635,-0.00014,0.11336,-0.37340,-0.00282,
194,100.25337,18.70212,9.51752,0.00032,0.84361,-0.53695,-0.00019,0.12472,-0.37539,-0.00222,
194,100.25578,18.68832,9.51692,0.00040,0.84324,-0.53754,-0.00021,0.12149,-0.37342,-0.00258,
194,100.26293,18.67203,9.51674,0.00046,0.84286,-0.53813,-0.00025,0.12111,-0.37200,-0.00279,
194,100.26977,18.65400,9.51650,0.00052,0.84249,-0.53871,-0.00028,0.12024,-0.37155,-0.00301,
194,100.27691,18.63389,9.51626,0.00058,0.84212,-0.53928,-0.00030,0.11933,-0.37189,-0.00317,
194,100.28435,18.61643,9.51554,0.00066,0.84178,-0.53983,-0.00033,0.11923,-0.37055,-0.00356,
194,100.29202,18.59977,9.51515,0.00073,0.84143,-0.54037,-0.00037,0.11947,-0.36910,-0.00385,
194,100.29949,18.58292,9.51504,0.00080,0.84109,-0.54090,-0.00042,0.11965,-0.36793,-0.00395,
195,100.30723,18.56347,9.51467,0.00085,0.84075,-0.54142,-0.00045,0.11958,-0.36779,-0.00417,
195,100.31495,18.54403,9.51445,0.00091,0.84042,-0.54193,-0.00048,0.11955,-0.36767,-0.00425,
195,100.32268,18.52725,9.51431,0.00098,0.84010,-0.54243,-0.00052,0.11999,-0.36635,-0.00431,
195,100.33033,18.51113,9.51433,0.00105,0.83979,-0.54291,-0.00057,0.12065,-0.36482,-0.00434,
195,100.33818,18.49506,9.51414,0.00111,0.83948,-0.54338,-0.00061,0.12136,-0.36321,-0.00445,
195,100.34567,18.47868,9.51427,0.00118,0.83918,-0.54385,-0.00064,0.12184,-0.36200,-0.00430,
195,100.36768,18.48618,9.51566,0.00133,0.83894,-0.54423,-0.00073,0.13450,-0.34797,-0.00371,
195,100.37113,18.47548,9.51524,0.00140,0.83865,-0.54467,-0.00077,0.13314,-0.34515,-0.00402,
195,100.37795,18.46208,9.51524,0.00146,0.83838,-0.54509,-0.00081,0.13337,-0.34281,-0.00400,
195,100.38456,18.44802,9.51525,0.00153,0.83811,-0.54550,-0.00084,0.13317,-0.34072,-0.00391,
195,100.39156,18.43265,9.51520,0.00158,0.83785,-0.54590,-0.00087,0.13318,-0.33929,-0.00389,
195,100.39904,18.41640,9.51505,0.00164,0.83759,-0.54629,-0.00090,0.13348,-0.33826,-0.00388,
195,100.40669,18.39891,9.51501,0.00169,0.83734,-0.54668,-0.00093,0.13382,-0.33792,-0.00378,
195,100.41410,18.38438,9.51499,0.00175,0.83710,-0.54704,-0.00096,0.13439,-0.33608,-0.00375,
195,100.42142,18.37043,9.51503,0.00180,0.83687,-0.54740,-0.00099,0.13499,-0.33405,-0.00371,
195,100.42896,18.35514,9.51512,0.00186,0.83663,-0.54776,-0.00103,0.13561,-0.33271,-0.00360,
195,100.43699,18.33600,9.51514,0.00190,0.83640,-0.54811,-0.00106,0.13602,-0.33298,-0.00347,
195,100.44490,18.31678,9.51529,0.00193,0.83618,-0.54845,-0.00108,0.13637,-0.33329,-0.00328,
195,100.45241,18.30160,9.51555,0.00198,0.83596,-0.54878,-0.00112,0.13701,-0.33188,-0.00307,
196,100.46015,18.28482,9.51592,0.00203,0.83575,-0.54910,-0.00115,0.13768,-0.33123,-0.00277,
196,100.46804,18.26862,9.51634,0.00207,0.83554,-0.54942,-0.00118,0.13857,-0.33057,-0.00248,
196,100.47579,18.25501,9.51647,0.00212,0.83533,-0.54975,-0.00121,0.13954,-0.32881,-0.00238,
196,100.48332,18.24109,9.51656,0.00217,0.83513,-0.55005,-0.00124,0.14041,-0.32699,-0.00230,
196,100.49081,18.22771,9.51671,0.00222,0.83494,-0.55034,-0.00127,0.14129,-0.32486,-0.00220,
196,100.49855,18.21259,9.51689,0.00226,0.83475,-0.55062,-0.00130,0.14215,-0.32352,-0.00207,
196,100.52202,18.18716,9.51870,0.00226,0.83462,-0.55082,-0.00130,0.14824,-0.32425,-0.00083,
196,100.52775,18.17295,9.51871,0.00231,0.83444,-0.55110,-0.00133,0.14790,-0.32278,-0.00092,
196,100.53600,18.15466,9.51885,0.00233,0.83426,-0.55137,-0.00136,0.14840,-0.32281,-0.00084,
196,100.54415,18.13596,9.51896,0.00236,0.83409,-0.55163,-0.00138,0.14882,-0.32296,-0.00067,
196,100.55196,18.11824,9.51923,0.00239,0.83392,-0.55188,-0.00140,0.14907,-0.32274,-0.00048,
196,100.55907,18.10325,9.51963,0.00242,0.83376,-0.55213,-0.00142,0.14921,-0.32148,-0.00024,
196,100.56626,18.08841,9.52032,0.00244,0.83360,-0.55236,-0.00144,0.14945,-0.32021,0.00013,
196,100.57357,18.07224,9.52093,0.00247,0.83345,-0.55259,-0.00146,0.14957,-0.31932,0.00047,
196,100.58105,18.05509,9.52148,0.00249,0.83329,-0.55282,-0.00148,0.14970,-0.31892,0.00079,
196,100.58911,18.03710,9.52183,0.00252,0.83314,-0.55305,-0.00150,0.15017,-0.31885,0.00110,
196,100.59703,18.01943,9.52207,0.00254,0.83300,-0.55326,-0.00152,0.15063,-0.31865,0.00124,
196,100.60472,18.00267,9.52224,0.00256,0.83286,-0.55347,-0.00153,0.15103,-0.31807,0.00131,
196,100.61257,17.98523,9.52255,0.00258,0.83273,-0.55367,-0.00155,0.15143,-0.31769,0.00150,
196,100.62083,17.96766,9.52295,0.00260,0.83259,-0.55388,-0.00156,0.15191,-0.31744,0.00173,
196,100.62865,17.95019,9.52338,0.00262,0.83246,-0.55408,-0.00158,0.15237,-0.31723,0.00197,
197,100.63683,17.93267,9.52353,0.00265,0.83233,-0.55427,-0.00160,0.15307,-0.31676,0.00202,
197,100.64513,17.91495,9.52398,0.00268,0.83222,-0.55444,-0.00164,0.15421,-0.31654,0.00214,
197,100.65294,17.89759,9.52454,0.00269,0.83210,-0.55461,-0.00167,0.15477,-0.31632,0.00238,
197,100.66100,17.88123,9.52492,0.00272,0.83199,-0.55478,-0.00170,0.15573,-0.31564,0.00245,
197,100.66954,17.86393,9.52519,0.00274,0.83188,-0.55495,-0.00172,0.15672,-0.31525,0.00253,
197,100.67766,17.84553,9.52574,0.00275,0.83177,-0.55511,-0.00174,0.15732,-0.31536,0.00279,
197,100.68551,17.82792,9.52622,0.00277,0.83166,-0.55527,-0.00175,0.15781,-0.31510,0.00297,
197,100.69290,17.81268,9.52637,0.00279,0.83156,-0.55542,-0.00176,0.15816,-0.31387,0.00293,
197,100.70123,17.79568,9.52695,0.00280,0.83146,-0.55558,-0.00178,0.15896,-0.31341,0.00316,
197,100.70967,17.77832,9.52748,0.00281,0.83136,-0.55573,-0.00180,0.15984,-0.31297,0.00332,
197,100.71773,17.76042,9.52783,0.00282,0.83126,-0.55587,-0.00181,0.16043,-0.31282,0.00344,
197,100.72588,17.74216,9.52821,0.00283,0.83117,-0.55601,-0.00183,0.16104,-0.31282,0.00354,
197,100.73351,17.72546,9.52839,0.00284,0.83108,-0.55615,-0.00184,0.16144,-0.31222,0.00352,
197,100.74140,17.70822,9.52869,0.00286,0.83099,-0.55628,-0.00185,0.16198,-0.31179,0.00356,
197,100.76833,17.65154,9.53122,0.00275,0.83094,-0.55635,-0.00184,0.16460,-0.32387,0.00453,
197,100.77684,17.63527,9.53132,0.00278,0.83085,-0.55649,-0.00185,0.16526,-0.32230,0.00439,
197,100.78554,17.61631,9.53175,0.00278,0.83076,-0.55662,-0.00186,0.16581,-0.32226,0.00447,
197,100.79435,17.59738,9.53205,0.00279,0.83068,-0.55674,-0.00187,0.16636,-0.32225,0.00449,
197,100.80271,17.57992,9.53240,0.00281,0.83060,-0.55687,-0.00188,0.16683,-0.32170,0.00452,
198,100.81125,17.56115,9.53274,0.00281,0.83052,-0.55698,-0.00189,0.16728,-0.32163,0.00458,
198,100.82001,17.54184,9.53307,0.00282,0.83044,-0.55709,-0.00191,0.16785,-0.32188,0.00463,
198,100.82839,17.52354,9.53351,0.00283,0.83037,-0.55720,-0.00192,0.16827,-0.32172,0.00474,
198,100.83645,17.50571,9.53374,0.00284,0.83030,-0.55730,-0.00192,0.16849,-0.32126,0.00473,
198,100.84466,17.48759,9.53417,0.00284,0.83024,-0.55740,-0.00193,0.16881,-0.32112,0.00481,
198,100.85290,17.46942,9.53445,0.00285,0.83017,-0.55750,-0.00194,0.16914,-0.32099,0.00480,
198,100.86079,17.45129,9.53481,0.00285,0.83011,-0.55760,-0.00194,0.16920,-0.32083,0.00487,
198,100.86899,17.43240,9.53537,0.00286,0.83004,-0.55769,-0.00195,0.16942,-0.32100,0.00501,
198,100.87730,17.41320,9.53582,0.00286,0.82998,-0.55778,-0.00196,0.16972,-0.32133,0.00512,
198,100.88561,17.39376,9.53633,0.00286,0.82992,-0.55786,-0.00197,0.17002,-0.32180,0.00525,
198,100.89339,17.37575,9.53664,0.00286,0.82987,-0.55795,-0.00197,0.17014,-0.32162,0.00521,
198,100.90128,17.35875,9.53685,0.00287,0.82981,-0.55803,-0.00198,0.17032,-0.32103,0.00514,
198,100.90881,17.34079,9.53709,0.00287,0.82977,-0.55810,-0.00199,0.17046,-0.32085,0.00509,
198,100.91728,17.32389,9.53726,0.00288,0.82971,-0.55818,-0.00199,0.17098,-0.32017,0.00499,
198,100.92606,17.30648,9.53780,0.00288,0.82966,-0.55826,-0.00200,0.17168,-0.31989,0.00512,
198,100.93431,17.28659,9.53828,0.00288,0.82961,-0.55833,-0.00201,0.17195,-0.32053,0.00521,
198,100.94258,17.26704,9.53854,0.00288,0.82956,-0.55840,-0.00202,0.17225,-0.32099,0.00520,
198,100.95049,17.24885,9.53893,0.00288,0.82951,-0.55847,-0.00202,0.17238,-0.32083,0.00522,
198,100.95865,17.23010,9.53958,0.00288,0.82947,-0.55854,-0.00203,0.17270,-0.32105,0.00537,
198,100.96725,17.21013,9.54009,0.00288,0.82942,-0.55861,-0.00204,0.17322,-0.32182,0.00546,
198,100.97543,17.19082,9.54018,0.00287,0.82938,-0.55868,-0.00205,0.17352,-0.32226,0.00536,
199,100.98373,17.17206,9.54058,0.00287,0.82933,-0.55874,-0.00206,0.17391,-0.32249,0.00537,
199,100.99211,17.15232,9.54115,0.00287,0.82929,-0.55880,-0.00207,0.17432,-0.32292,0.00542,
199,101.00009,17.13175,9.54120,0.00286,0.82926,-0.55886,-0.00207,0.17443,-0.32364,0.00527,
199,101.00795,17.11283,9.54117,0.00286,0.82922,-0.55891,-0.00207,0.17449,-0.32343,0.00505,
199,101.01567,17.09759,9.54219,0.00287,0.82918,-0.55898,-0.00208,0.17472,-0.32221,0.00527,
199,101.02312,17.08153,9.54235,0.00287,0.82914,-0.55903,-0.00207,0.17468,-0.32096,0.00513,
199,101.03014,17.06378,9.54239,0.00287,0.82911,-0.55908,-0.00207,0.17447,-0.32065,0.00500,
199,101.03691,17.04750,9.54271,0.00287,0.82907,-0.55913,-0.00207,0.17417,-0.31989,0.00495,
199,101.04430,17.03068,9.54320,0.00287,0.82904,-0.55918,-0.00207,0.17426,-0.31955,0.00500,
199,101.05231,17.01201,9.54345,0.00287,0.82900,-0.55923,-0.00208,0.17453,-0.31974,0.00495,
199,101.05923,16.99381,9.54382,0.00286,0.82897,-0.55928,-0.00208,0.17426,-0.31977,0.00498,
199,101.06437,16.97881,9.54413,0.00286,0.82894,-0.55932,-0.00207,0.17330,-0.31869,0.00498,
199,101.07190,16.96017,9.54450,0.00286,0.82891,-0.55937,-0.00208,0.17342,-0.31894,0.00497,
199,101.07957,16.94159,9.54483,0.00285,0.82888,-0.55941,-0.00208,0.17364,-0.31918,0.00495,
199,101.08800,16.92291,9.54608,0.00285,0.82886,-0.55945,-0.00209,0.17420,-0.31946,0.00535,
199,101.09674,16.90416,9.54706,0.00285,0.82883,-0.55949,-0.00210,0.17494,-0.31947,0.00560,
199,101.10401,16.88465,9.54795,0.00284,0.82880,-0.55953,-0.00210,0.17496,-0.32004,0.00579,
199,101.11043,16.86607,9.54902,0.00283,0.82878,-0.55957,-0.00211,0.17463,-0.32028,0.00602,
199,101.10982,16.85111,9.54864,0.00276,0.82883,-0.55949,-0.00207,0.17017,-0.32724,0.00518,
200,101.12081,16.83218,9.54877,0.00278,0.82880,-0.55954,-0.00209,0.17147,-0.32603,0.00496,
200,101.12903,16.81556,9.54877,0.00279,0.82877,-0.55958,-0.00209,0.17194,-0.32536,0.00482,
200,101.13781,16.79606,9.54902,0.00279,0.82874,-0.55962,-0.00209,0.17239,-0.32543,0.00475,
200,101.14637,16.77668,9.54928,0.00279,0.82872,-0.55965,-0.00210,0.17272,-0.32545,0.00467,
200,101.15469,16.75799,9.54957,0.00279,0.82870,-0.55969,-0.00210,0.17296,-0.32535,0.00464,
200,101.16274,16.74000,9.54974,0.00279,0.82867,-0.55972,-0.00209,0.17305,-0.32496,0.00452,
200,101.17107,16.72128,9.55004,0.00279,0.82865,-0.55975,-0.00209,0.17330,-0.32492,0.00448,
200,101.17918,16.70268,9.55027,0.00278,0.82863,-0.55978,-0.00209,0.17336,-0.32479,0.00438,
200,101.18742,16.68277,9.55059,0.00278,0.82862,-0.55981,-0.00209,0.17339,-0.32517,0.00435,
200,101.19614,16.66248,9.55108,0.00277,0.82860,-0.55983,-0.00210,0.17383,-0.32600,0.00443,
200,101.20453,16.64314,9.55164,0.00277,0.82858,-0.55986,-0.00211,0.17415,-0.32657,0.00453,
200,101.21268,16.62418,9.55193,0.00276,0.82856,-0.55988,-0.00211,0.17429,-0.32690,0.00448,
200,101.22043,16.60614,9.55212,0.00276,0.82855,-0.55991,-0.00211,0.17425,-0.32682,0.00438,
200,101.22792,16.58776,9.55234,0.00275,0.82853,-0.55993,-0.00211,0.17394,-0.32664,0.00427,
200,101.23553,16.57060,9.55240,0.00275,0.82851,-0.55996,-0.00210,0.17392,-0.32641,0.00412,
200,101.24277,16.55361,9.55271,0.00274,0.82850,-0.55998,-0.00210,0.17373,-0.32620,0.00404,
200,101.25050,16.53477,9.55315,0.00274,0.82848,-0.56000,-0.00210,0.17362,-0.32633,0.00405,
200,101.25835,16.51273,9.55305,0.00273,0.82847,-0.56002,-0.00209,0.17322,-0.32719,0.00390,
200,101.26586,16.49056,9.55304,0.00271,0.82846,-0.56004,-0.00209,0.17266,-0.32805,0.00374,
200,101.27394,16.47062,9.55329,0.00271,0.82844,-0.56007,-0.00209,0.17285,-0.32876,0.00371,
200,101.28325,16.45000,9.55259,0.00271,0.82842,-0.56010,-0.00210,0.17348,-0.32903,0.00325,
201,101.29187,16.43054,9.55241,0.00270,0.82840,-0.56012,-0.00209,0.17382,-0.32925,0.00301,
201,101.29927,16.41156,9.55298,0.00269,0.82839,-0.56015,-0.00209,0.17354,-0.32940,0.00312,
201,101.30702,16.39567,9.55404,0.00269,0.82837,-0.56018,-0.00209,0.17388,-0.32894,0.00333,
201,101.31552,16.38072,9.55476,0.00269,0.82833,-0.56023,-0.00209,0.17426,-0.32781,0.00332,
201,101.32253,16.36383,9.55494,0.00269,0.82831,-0.56026,-0.00209,0.17401,-0.32754,0.00322,
201,101.33003,16.34551,9.55506,0.00268,0.82829,-0.56029,-0.00209,0.17395,-0.32776,0.00314,
201,101.33807,16.32595,9.55534,0.00267,0.82827,-0.56031,-0.00209,0.17416,-0.32845,0.00312,
201,101.34597,16.30775,9.55554,0.00266,0.82826,-0.56034,-0.00209,0.17434,-0.32873,0.00307,
201,101.35328,16.29024,9.55554,0.00266,0.82824,-0.56037,-0.00209,0.17422,-0.32869,0.00295,
201,101.36011,16.27230,9.55549,0.00265,0.82822,-0.56039,-0.00208,0.17383,-0.32867,0.00278,
201,101.36722,16.25385,9.55584,0.00264,0.82821,-0.56041,-0.00208,0.17364,-0.32900,0.00278,
201,101.37458,16.23528,9.55630,0.00263,0.82819,-0.56043,-0.00208,0.17361,-0.32947,0.00280,
201,101.38179,16.21726,9.55659,0.00263,0.82818,-0.56046,-0.00208,0.17350,-0.32966,0.00277,
201,101.38712,16.20154,9.55758,0.00262,0.82816,-0.56048,-0.00207,0.17247,-0.32902,0.00297,
201,101.39028,16.19032,9.55771,0.00262,0.82815,-0.56050,-0.00206,0.17056,-0.32703,0.00292,
201,101.39694,16.17315,9.55799,0.00261,0.82813,-0.56052,-0.00206,0.17028,-0.32700,0.00286,
201,101.40383,16.15477,9.55864,0.00260,0.82813,-0.56053,-0.00206,0.17007,-0.32735,0.00295,
201,101.41038,16.13719,9.55884,0.00260,0.82812,-0.56054,-0.00206,0.16974,-0.32742,0.00288,
201,101.41673,16.12041,9.55900,0.00259,0.82811,-0.56055,-0.00205,0.16933,-0.32724,0.00279,
202,101.42388,16.10463,9.55880,0.00259,0.82811,-0.56056,-0.00205,0.16937,-0.32679,0.00258,
202,101.43078,16.08975,9.55854,0.00260,0.82810,-0.56057,-0.00205,0.16931,-0.32600,0.00235,
202,101.43713,16.07199,9.55900,0.00259,0.82810,-0.56057,-0.00205,0.16896,-0.32625,0.00240,
202,101.44399,16.05435,9.55923,0.00259,0.82810,-0.56057,-0.00205,0.16888,-0.32650,0.00235,
202,101.45142,16.03657,9.55979,0.00258,0.82810,-0.56057,-0.00206,0.16909,-0.32683,0.00243,
202,101.45865,16.01825,9.56040,0.00258,0.82811,-0.56056,-0.00206,0.16912,-0.32710,0.00250,
202,101.46578,16.00024,9.56082,0.00258,0.82811,-0.56056,-0.00206,0.16910,-0.32721,0.00253,
202,101.47330,15.98199,9.56111,0.00257,0.82811,-0.56055,-0.00207,0.16928,-0.32749,0.00250,
202,101.48005,15.96519,9.56107,0.00257,0.82811,-0.56055,-0.00206,0.16914,-0.32738,0.00235,
202,101.48627,15.94786,9.56141,0.00257,0.82812,-0.56054,-0.00206,0.16881,-0.32736,0.00233,
202,101.49281,15.93041,9.56206,0.00256,0.82812,-0.56054,-0.00206,0.16861,-0.32736,0.00241,
202,101.49920,15.91413,9.56209,0.00256,0.82812,-0.56054,-0.00206,0.16834,-0.32692,0.00231,
202,101.50569,15.89890,9.56194,0.00256,0.82812,-0.56054,-0.00206,0.16814,-0.32617,0.00215,
202,101.51254,15.88231,9.56209,0.00256,0.82812,-0.56054,-0.00206,0.16808,-0.32605,0.00208,
202,101.51896,15.86459,9.56235,0.00255,0.82812,-0.56054,-0.00206,0.16786,-0.32618,0.00202,
202,101.52564,15.84684,9.56262,0.00255,0.82812,-0.56053,-0.00206,0.16771,-0.32629,0.00201,
202,101.53219,15.83018,9.56252,0.00255,0.82812,-0.56054,-0.00205,0.16752,-0.32602,0.00186,
202,101.54257,15.77842,9.55890,0.00254,0.82825,-0.56035,-0.00198,0.16488,-0.33262,0.00012,
202,101.55543,15.75520,9.55963,0.00255,0.82822,-0.56040,-0.00199,0.16631,-0.33272,0.00008,
202,101.56394,15.73633,9.55986,0.00255,0.82821,-0.56040,-0.00200,0.16680,-0.33257,0.00009,
202,101.57209,15.71846,9.56002,0.00255,0.82821,-0.56041,-0.00200,0.16719,-0.33233,0.00010,
203,101.57992,15.70110,9.56000,0.00255,0.82821,-0.56041,-0.00200,0.16742,-0.33214,0.00004,
203,101.58724,15.68559,9.56085,0.00254,0.82821,-0.56042,-0.00200,0.16764,-0.33184,0.00023,
203,101.59447,15.66956,9.56160,0.00254,0.82820,-0.56042,-0.00200,0.16775,-0.33160,0.00039,
203,101.60220,15.65107,9.56134,0.00254,0.82820,-0.56042,-0.00200,0.16779,-0.33155,0.00023,
203,101.61007,15.63264,9.56132,0.00254,0.82820,-0.56042,-0.00200,0.16790,-0.33155,0.00021,
203,101.61824,15.61367,9.56147,0.00254,0.82820,-0.56043,-0.00200,0.16823,-0.33197,0.00027,
203,101.62759,15.59531,9.56193,0.00254,0.82819,-0.56043,-0.00201,0.16925,-0.33198,0.00050,
203,101.63684,15.57670,9.56221,0.00254,0.82819,-0.56044,-0.00202,0.17022,-0.33224,0.00066,
203,101.64481,15.55843,9.56250,0.00253,0.82819,-0.56044,-0.00202,0.17044,-0.33241,0.00070,
203,101.65317,15.54078,9.56317,0.00253,0.82818,-0.56045,-0.00202,0.17084,-0.33187,0.00082,
203,101.66089,15.52218,9.56350,0.00253,0.82818,-0.56045,-0.00202,0.17083,-0.33203,0.00087,
203,101.66844,15.50523,9.56360,0.00253,0.82818,-0.56045,-0.00202,0.17086,-0.33173,0.00086,
203,101.67648,15.48748,9.56378,0.00253,0.82818,-0.56045,-0.00202,0.17117,-0.33190,0.00089,
203,101.68444,15.46861,9.56408,0.00252,0.82818,-0.56045,-0.00202,0.17134,-0.33223,0.00093,
203,101.69203,15.45076,9.56430,0.00252,0.82818,-0.56045,-0.00202,0.17130,-0.33209,0.00089,
203,101.69931,15.43384,9.56459,0.00251,0.82818,-0.56045,-0.00202,0.17123,-0.33203,0.00095,
203,101.70662,15.41657,9.56491,0.00251,0.82818,-0.56045,-0.00202,0.17114,-0.33201,0.00102,
203,101.71444,15.39847,9.56524,0.00251,0.82818,-0.56046,-0.00202,0.17123,-0.33203,0.00108,
203,101.72285,15.38349,9.56658,0.00251,0.82817,-0.56046,-0.00203,0.17207,-0.33162,0.00145,
204,101.73145,15.36736,9.56720,0.00251,0.82817,-0.56047,-0.00203,0.17285,-0.33116,0.00148,
204,101.73922,15.34959,9.56735,0.00251,0.82816,-0.56048,-0.00203,0.17292,-0.33098,0.00147,
204,101.74614,15.33236,9.56746,0.00251,0.82816,-0.56048,-0.00202,0.17251,-0.33050,0.00141,
204,101.75349,15.31431,9.56766,0.00251,0.82816,-0.56048,-0.00202,0.17246,-0.33070,0.00141,
204,101.76120,15.29589,9.56811,0.00250,0.82816,-0.56048,-0.00203,0.17261,-0.33111,0.00150,
204,101.76875,15.27682,9.56881,0.00249,0.82816,-0.56048,-0.00203,0.17265,-0.33177,0.00169,
204,101.77552,15.25817,9.56981,0.00248,0.82817,-0.56047,-0.00203,0.17242,-0.33251,0.00198,
204,101.78276,15.24196,9.57030,0.00248,0.82817,-0.56047,-0.00203,0.17235,-0.33142,0.00213,
204,101.79018,15.22751,9.57126,0.00248,0.82816,-0.56048,-0.00202,0.17241,-0.33033,0.00240,
204,101.79748,15.21348,9.57213,0.00249,0.82816,-0.56048,-0.00201,0.17234,-0.32822,0.00260,
204,101.80488,15.19577,9.57215,0.00249,0.82816,-0.56048,-0.00201,0.17229,-0.32824,0.00253,
204,101.81163,15.17966,9.57209,0.00249,0.82816,-0.56049,-0.00201,0.17201,-0.32779,0.00241,
204,101.81753,15.16471,9.57209,0.00248,0.82816,-0.56049,-0.00200,0.17136,-0.32695,0.00230,
204,101.82405,15.14741,9.57244,0.00248,0.82816,-0.56049,-0.00200,0.17100,-0.32688,0.00234,
204,101.83127,15.12908,9.57373,0.00248,0.82816,-0.56049,-0.00200,0.17108,-0.32720,0.00271,
204,101.83886,15.10503,9.57455,0.00248,0.82816,-0.56048,-0.00200,0.17077,-0.32823,0.00290,
204,101.84567,15.07949,9.57481,0.00246,0.82817,-0.56047,-0.00199,0.16994,-0.32959,0.00290,
204,101.85264,15.06180,9.57516,0.00245,0.82817,-0.56047,-0.00199,0.16980,-0.32976,0.00293,
204,101.85926,15.04112,9.57671,0.00244,0.82817,-0.56047,-0.00199,0.16940,-0.33049,0.00330,
204,101.86575,15.02261,9.57747,0.00244,0.82817,-0.56047,-0.00199,0.16897,-0.33042,0.00336,
204,101.87418,15.00520,9.57703,0.00244,0.82817,-0.56047,-0.00200,0.16940,-0.33032,0.00310,
205,101.88145,14.98701,9.57750,0.00243,0.82817,-0.56047,-0.00200,0.16950,-0.33083,0.00316,
205,101.88970,14.96746,9.57799,0.00242,0.82817,-0.56047,-0.00201,0.16996,-0.33164,0.00324,
205,101.89784,14.94773,9.57874,0.00242,0.82817,-0.56047,-0.00201,0.17031,-0.33231,0.00339,
205,101.90452,14.93037,9.57935,0.00242,0.82817,-0.56047,-0.00201,0.17012,-0.33224,0.00350,
205,101.91129,14.91396,9.57989,0.00242,0.82817,-0.56047,-0.00200,0.16999,-0.33188,0.00359,
205,101.91862,14.89670,9.58029,0.00242,0.82817,-0.56047,-0.00200,0.17004,-0.33177,0.00365,
205,101.92606,14.87854,9.58072,0.00241,0.82817,-0.56047,-0.00200,0.17016,-0.33211,0.00370,
205,101.93323,14.86086,9.58112,0.00241,0.82817,-0.56047,-0.00201,0.17021,-0.33247,0.00374,
205,101.94150,14.84079,9.58030,0.00240,0.82817,-0.56047,-0.00201,0.17059,-0.33369,0.00342,
205,101.95137,14.81693,9.57995,0.00239,0.82817,-0.56047,-0.00201,0.17127,-0.33550,0.00324,
205,101.95903,14.79826,9.58039,0.00238,0.82817,-0.56046,-0.00202,0.17149,-0.33608,0.00328,
205,101.96699,14.77924,9.58087,0.00237,0.82817,-0.56046,-0.00202,0.17187,-0.33688,0.00332,
205,101.97419,14.76116,9.58140,0.00237,0.82817,-0.56046,-0.00203,0.17194,-0.33721,0.00338,
205,101.98045,14.74401,9.58163,0.00237,0.82817,-0.56046,-0.00202,0.17166,-0.33727,0.00335,
205,101.98722,14.72626,9.58158,0.00236,0.82817,-0.56046,-0.00203,0.17159,-0.33767,0.00324,
205,101.99478,14.70756,9.58173,0.00236,0.82817,-0.56046,-0.00203,0.17177,-0.33818,0.00319,
205,102.01078,14.60695,9.57563,0.00234,0.82836,-0.56019,-0.00194,0.16681,-0.35098,0.00085,
205,102.02206,14.58424,9.57507,0.00235,0.82835,-0.56020,-0.00196,0.16827,-0.35093,0.00066,
205,102.03034,14.56550,9.57523,0.00236,0.82835,-0.56020,-0.00196,0.16868,-0.35096,0.00063,
206,102.03870,14.54594,9.57553,0.00235,0.82835,-0.56020,-0.00197,0.16904,-0.35115,0.00067,
206,102.04704,14.52658,9.57592,0.00235,0.82835,-0.56020,-0.00197,0.16942,-0.35138,0.00073,
206,102.05611,14.51047,9.57593,0.00236,0.82834,-0.56021,-0.00197,0.17032,-0.35080,0.00087,
206,102.06518,14.49294,9.57587,0.00236,0.82834,-0.56022,-0.00197,0.17093,-0.35023,0.00096,
206,102.07317,14.47381,9.57594,0.00236,0.82834,-0.56022,-0.00197,0.17106,-0.35025,0.00088,
206,102.08075,14.45737,9.57606,0.00236,0.82834,-0.56022,-0.00197,0.17126,-0.34989,0.00087,
206,102.08906,14.43820,9.57651,0.00235,0.82834,-0.56022,-0.00197,0.17164,-0.35024,0.00099,
206,102.09922,14.41854,9.57697,0.00236,0.82834,-0.56022,-0.00198,0.17291,-0.35035,0.00105,
206,102.10895,14.40126,9.57729,0.00236,0.82833,-0.56023,-0.00199,0.17411,-0.35000,0.00107,
206,102.11722,14.38212,9.57771,0.00236,0.82833,-0.56023,-0.00199,0.17441,-0.35021,0.00115,
206,102.12565,14.36172,9.57820,0.00236,0.82833,-0.56023,-0.00200,0.17477,-0.35092,0.00129,
206,102.13411,14.34162,9.57842,0.00236,0.82833,-0.56023,-0.00200,0.17516,-0.35164,0.00132,
206,102.14233,14.32124,9.57853,0.00235,0.82833,-0.56023,-0.00200,0.17527,-0.35207,0.00127,
206,102.15014,14.30183,9.57886,0.00235,0.82833,-0.56023,-0.00201,0.17532,-0.35241,0.00133,
206,102.15776,14.28409,9.57908,0.00234,0.82833,-0.56023,-0.00201,0.17545,-0.35254,0.00135,
206,102.16581,14.26512,9.57927,0.00234,0.82833,-0.56023,-0.00201,0.17567,-0.35289,0.00135,
206,102.17378,14.24620,9.57969,0.00234,0.82833,-0.56023,-0.00201,0.17586,-0.35337,0.00146,
206,102.18162,14.22789,9.58015,0.00233,0.82833,-0.56023,-0.00201,0.17605,-0.35371,0.00155,
206,102.18997,14.20710,9.58077,0.00233,0.82833,-0.56023,-0.00202,0.17633,-0.35464,0.00171,
206,102.19780,14.18733,9.58093,0.00232,0.82833,-0.56023,-0.00202,0.17638,-0.35520,0.00168,
206,102.20507,14.16962,9.58102,0.00232,0.82833,-0.56023,-0.00202,0.17622,-0.35509,0.00163,
207,102.21371,14.15192,9.58259,0.00232,0.82833,-0.56023,-0.00202,0.17663,-0.35469,0.00224,
207,102.22223,14.13551,9.58367,0.00232,0.82833,-0.56023,-0.00202,0.17697,-0.35348,0.00258,
207,102.22929,14.11815,9.58364,0.00232,0.82833,-0.56023,-0.00201,0.17666,-0.35315,0.00247,
207,102.23646,14.09981,9.58390,0.00232,0.82833,-0.56023,-0.00201,0.17639,-0.35313,0.00247,
207,102.24360,14.08244,9.58425,0.00232,0.82833,-0.56023,-0.00201,0.17620,-0.35297,0.00249,
207,102.25088,14.06559,9.58421,0.00232,0.82833,-0.56023,-0.00201,0.17610,-0.35258,0.00237,
207,102.25889,14.04627,9.58437,0.00231,0.82833,-0.56023,-0.00201,0.17621,-0.35302,0.00233,
207,102.26673,14.02669,9.58476,0.00231,0.82833,-0.56023,-0.00201,0.17621,-0.35344,0.00238,
207,102.27408,14.00869,9.58494,0.00230,0.82833,-0.56023,-0.00201,0.17610,-0.35327,0.00236,
207,102.28184,13.98956,9.58523,0.00230,0.82834,-0.56022,-0.00201,0.17616,-0.35358,0.00236,
207,102.28937,13.97129,9.58524,0.00230,0.82834,-0.56022,-0.00201,0.17628,-0.35371,0.00227,
207,102.29680,13.95424,9.58502,0.00231,0.82834,-0.56022,-0.00201,0.17616,-0.35266,0.00214,
207,102.30436,13.93535,9.58541,0.00212,0.82828,-0.56030,-0.00188,0.17598,-0.35293,0.00220,
207,102.31238,13.91422,9.58632,0.00166,0.82794,-0.56081,-0.00159,0.17582,-0.35519,0.00232,
207,102.31765,13.89432,9.58711,0.00100,0.82705,-0.56213,-0.00115,0.17368,-0.35796,0.00241,
207,102.31935,13.87624,9.58774,0.00024,0.82553,-0.56435,-0.00061,0.16923,-0.36067,0.00261,
207,102.32214,13.85527,9.58824,-0.00058,0.82327,-0.56765,-0.00001,0.16425,-0.36366,0.00287,
207,102.33424,13.78443,9.58488,-0.00146,0.82046,-0.57171,0.00072,0.15659,-0.37425,0.00192,
207,102.34978,13.74065,9.58441,-0.00229,0.81674,-0.57700,0.00133,0.15289,-0.37751,0.00202,
208,102.36654,13.67335,9.57844,-0.00312,0.81241,-0.58307,0.00203,0.14663,-0.38604,-0.00416,
208,102.39203,13.59585,9.57991,-0.00402,0.80725,-0.59019,0.00269,0.13924,-0.39371,-0.00315,
208,102.44081,13.43896,9.57818,-0.00487,0.80146,-0.59802,0.00334,0.13337,-0.40873,-0.00478,
208,102.47180,13.33882,9.57741,-0.00571,0.79514,-0.60639,0.00396,0.12526,-0.41948,-0.00531,
208,102.49180,13.25928,9.57720,-0.00658,0.78844,-0.61506,0.00460,0.11138,-0.43130,-0.00636,
208,102.51832,13.14603,9.58179,-0.00747,0.78144,-0.62391,0.00523,0.09531,-0.44840,0.00050,
208,102.53371,13.06416,9.58221,-0.00833,0.77422,-0.63284,0.00586,0.07758,-0.46498,0.00250,
208,102.52973,13.01529,9.58293,-0.00914,0.76688,-0.64169,0.00649,0.05461,-0.47970,0.00369,
208,102.52651,12.98739,9.58104,-0.00984,0.75948,-0.65041,0.00708,0.03097,-0.48900,0.00074,
208,102.52248,12.95657,9.57875,-0.01052,0.75211,-0.65890,0.00767,0.00629,-0.50324,-0.00298,
208,102.51773,12.92846,9.57732,-0.01116,0.74480,-0.66714,0.00823,-0.01882,-0.51158,-0.00480,
208,102.51124,12.90198,9.57593,-0.01178,0.73757,-0.67511,0.00878,-0.04575,-0.51577,-0.00653,
208,102.50398,12.87835,9.57527,-0.01234,0.73041,-0.68283,0.00932,-0.07217,-0.51367,-0.00655,
208,102.49490,12.85470,9.57482,-0.01288,0.72331,-0.69033,0.00985,-0.10042,-0.51166,-0.00614,
208,102.48458,12.83248,9.57443,-0.01339,0.71626,-0.69763,0.01036,-0.12892,-0.50679,-0.00566,
208,102.47168,12.81287,9.57420,-0.01386,0.70922,-0.70477,0.01088,-0.16057,-0.49699,-0.00488,
208,102.45621,12.79656,9.57406,0.01431,-0.70218,0.71177,-0.01141,-0.19503,-0.48126,-0.00401,
208,102.44037,12.77915,9.57421,0.01472,-0.69509,0.71868,-0.01192,-0.22696,-0.46897,-0.00264,
208,102.42854,12.75692,9.57400,0.01510,-0.68796,0.72549,-0.01240,-0.24769,-0.46736,-0.00213,
208,102.41628,12.73255,9.57393,0.01546,-0.68071,0.73228,-0.01283,-0.26793,-0.46987,-0.00135,
208,102.40506,12.70553,9.57334,0.01580,-0.67332,0.73907,-0.01329,-0.28487,-0.47656,-0.00165,
209,102.39344,12.67632,9.57306,0.01614,-0.66573,0.74589,-0.01374,-0.30145,-0.48640,-0.00130,
209,102.37701,12.65084,9.57369,0.01648,-0.65787,0.75282,-0.01421,-0.32630,-0.48818,0.00071,
209,102.36092,12.62482,9.57395,0.01678,-0.64980,0.75978,-0.01468,-0.34839,-0.49035,0.00179,
209,102.34464,12.59663,9.57418,0.01707,-0.64150,0.76678,-0.01514,-0.36912,-0.49593,0.00271,
209,102.32807,12.56815,9.57379,0.01733,-0.63297,0.77382,-0.01560,-0.38901,-0.50102,0.00229,
209,102.31122,12.53793,9.57337,0.01759,-0.62418,0.78091,-0.01605,-0.40796,-0.50841,0.00194,
209,102.29371,12.50656,9.57240,0.01782,-0.61520,0.78800,-0.01650,-0.42665,-0.51674,0.00054,
209,102.27316,12.47443,9.57266,0.01808,-0.60582,0.79522,-0.01693,-0.44941,-0.52653,0.00168,
209,102.25199,12.44477,9.57257,0.01830,-0.59625,0.80240,-0.01739,-0.47153,-0.52974,0.00194,
209,102.23008,12.41338,9.57285,0.01852,-0.58643,0.80959,-0.01784,-0.49320,-0.53565,0.00303,
209,102.20611,12.38355,9.57298,0.01873,-0.57635,0.81678,-0.01832,-0.51750,-0.53712,0.00363,
209,102.18201,12.35256,9.57278,0.01892,-0.56607,0.82393,-0.01878,-0.53971,-0.54026,0.00351,
209,102.15514,12.32193,9.57319,0.01912,-0.55551,0.83107,-0.01926,-0.56578,-0.54175,0.00469,
209,102.12646,12.29422,9.57336,0.01929,-0.54471,0.83817,-0.01976,-0.59336,-0.53641,0.00520,
209,102.09686,12.26692,9.57364,0.01944,-0.53373,0.84519,-0.02027,-0.62029,-0.53009,0.00595,
209,102.06615,12.23822,9.57384,0.01958,-0.52258,0.85211,-0.02076,-0.64677,-0.52663,0.00638,
209,102.03282,12.21060,9.57456,0.01970,-0.51121,0.85897,-0.02126,-0.67617,-0.52062,0.00779,
209,101.99843,12.18430,9.57531,0.01961,-0.49987,0.86562,-0.02140,-0.70477,-0.51188,0.00823,
209,101.96210,12.16009,9.57579,0.01931,-0.48907,0.87177,-0.02124,-0.73427,-0.49917,0.00715,
210,101.92438,12.13644,9.57631,0.01885,-0.47928,0.87721,-0.02087,-0.76299,-0.48641,0.00580,
210,101.88661,12.11007,9.57670,0.01826,-0.47072,0.88186,-0.02035,-0.78783,-0.48043,0.00413,
210,101.84625,12.08456,9.57750,0.01762,-0.46346,0.88572,-0.01977,-0.81469,-0.47333,0.00335,
210,101.80419,12.06150,9.57825,0.01688,-0.45779,0.88870,-0.01916,-0.84138,-0.46188,0.00254,
210,101.76290,12.03507,9.57841,0.01608,-0.45361,0.89086,-0.01851,-0.86258,-0.45863,0.00065,
210,101.71928,12.01137,9.57849,0.01528,-0.45079,0.89232,-0.01784,-0.88556,-0.45022,-0.00117,
210,101.67540,11.98181,9.57894,0.01448,-0.44928,0.89311,-0.01719,-0.90575,-0.45365,-0.00195,
210,101.62947,11.95847,9.57882,0.01368,-0.44853,0.89351,-0.01656,-0.92702,-0.44521,-0.00366,
210,101.58246,11.93517,9.57844,0.01290,-0.44846,0.89357,-0.01596,-0.94738,-0.43742,-0.00556,
210,101.53443,11.91247,9.57801,0.01213,-0.44887,0.89338,-0.01538,-0.96681,-0.42932,-0.00724,
210,101.48545,11.89047,9.57764,0.01140,-0.44951,0.89308,-0.01482,-0.98533,-0.42089,-0.00858,
210,101.43558,11.86885,9.57722,0.01070,-0.45021,0.89275,-0.01428,-1.00294,-0.41263,-0.00979,
210,101.38488,11.84706,9.57656,0.01005,-0.45080,0.89246,-0.01376,-1.01966,-0.40523,-0.01115,
210,101.33336,11.82579,9.57589,0.00944,-0.45117,0.89229,-0.01325,-1.03562,-0.39775,-0.01232,
210,101.28103,11.80546,9.57558,0.00886,-0.45121,0.89228,-0.01276,-1.05089,-0.38974,-0.01288,
210,101.22794,11.78688,9.57560,0.00832,-0.45087,0.89247,-0.01231,-1.06548,-0.38034,-0.01295,
210,101.17421,11.76929,9.57531,0.00781,-0.45013,0.89285,-0.01187,-1.07933,-0.37054,-0.01331,
210,101.11984,11.75081,9.57488,0.00734,-0.44899,0.89343,-0.01145,-1.09248,-0.36234,-0.01377,
210,101.06481,11.73285,9.57424,0.00691,-0.44754,0.89417,-0.01105,-1.10506,-0.35413,-0.01436,
210,101.00789,11.69319,9.57756,0.00650,-0.44581,0.89504,-0.01069,-1.11772,-0.36634,-0.01106,
210,100.95170,11.67820,9.57636,0.00613,-0.44384,0.89603,-0.01031,-1.12915,-0.35574,-0.01223,
211,100.89494,11.65994,9.57556,0.00577,-0.44172,0.89708,-0.00995,-1.14004,-0.34857,-0.01290,
211,100.83767,11.64183,9.57438,0.00544,-0.43951,0.89817,-0.00962,-1.15043,-0.34167,-0.01386,
211,100.77987,11.62448,9.57341,0.00512,-0.43725,0.89928,-0.00929,-1.16037,-0.33452,-0.01454,
211,100.72219,11.57207,9.57765,0.00483,-0.43507,0.90034,-0.00894,-1.16819,-0.35652,-0.01077,
211,100.66342,11.55550,9.57605,0.00456,-0.43286,0.90141,-0.00864,-1.17744,-0.34860,-0.01208,
211,100.60426,11.53820,9.57468,0.00430,-0.43075,0.90242,-0.00837,-1.18618,-0.34155,-0.01308,
211,100.54465,11.52078,9.57416,0.00405,-0.42875,0.90338,-0.00809,-1.19455,-0.33509,-0.01330,
211,100.48773,11.46282,9.57684,0.00382,-0.42700,0.90421,-0.00777,-1.19897,-0.35886,-0.01134,
211,100.42735,11.44529,9.57595,0.00361,-0.42527,0.90503,-0.00753,-1.20685,-0.35218,-0.01184,
211,100.36675,11.42709,9.57541,0.00339,-0.42371,0.90576,-0.00732,-1.21414,-0.34608,-0.01208,
211,100.30581,11.40884,9.57499,0.00319,-0.42230,0.90642,-0.00710,-1.22110,-0.34041,-0.01223,
211,100.24448,11.39086,9.57469,0.00300,-0.42103,0.90702,-0.00689,-1.22781,-0.33488,-0.01228,
211,100.18854,11.31134,9.58719,0.00287,-0.42001,0.90749,-0.00651,-1.22884,-0.37146,-0.00401,
211,100.12683,11.29290,9.58599,0.00271,-0.41893,0.90799,-0.00632,-1.23519,-0.36553,-0.00492,
211,100.06475,11.27432,9.58612,0.00254,-0.41792,0.90846,-0.00615,-1.24113,-0.35998,-0.00487,
211,100.00232,11.25629,9.58591,0.00239,-0.41697,0.90890,-0.00597,-1.24690,-0.35434,-0.00506,
211,99.93961,11.23870,9.58553,0.00224,-0.41605,0.90932,-0.00581,-1.25245,-0.34866,-0.00533,
211,99.87670,11.22073,9.58542,0.00210,-0.41515,0.90973,-0.00566,-1.25774,-0.34346,-0.00543,
211,99.81354,11.20258,9.58520,0.00196,-0.41426,0.91014,-0.00550,-1.26280,-0.33862,-0.00557,
212,99.75012,11.18470,9.58456,0.00183,-0.41338,0.91054,-0.00535,-1.26767,-0.33387,-0.00595,
212,99.68644,11.16681,9.58513,0.00171,-0.41248,0.91095,-0.00521,-1.27238,-0.32933,-0.00558,
212,99.63436,11.05492,9.59994,0.00167,-0.41174,0.91129,-0.00482,-1.26815,-0.37820,0.00201,
212,99.57129,11.03199,9.60249,0.00160,-0.41080,0.91171,-0.00467,-1.27229,-0.37597,0.00325,
212,99.50738,11.01241,9.60290,0.00150,-0.40986,0.91213,-0.00454,-1.27641,-0.37170,0.00326,
212,99.44332,10.99307,9.60339,0.00140,-0.40892,0.91256,-0.00441,-1.28035,-0.36754,0.00335,
212,99.37905,10.97420,9.60331,0.00131,-0.40797,0.91299,-0.00429,-1.28419,-0.36320,0.00309,
212,99.31453,10.95595,9.60261,0.00122,-0.40701,0.91341,-0.00418,-1.28796,-0.35863,0.00248,
212,99.24990,10.93718,9.60302,0.00114,-0.40606,0.91383,-0.00407,-1.29151,-0.35460,0.00252,
212,99.18514,10.91832,9.60460,0.00106,-0.40512,0.91425,-0.00396,-1.29488,-0.35084,0.00321,
212,99.12019,10.90042,9.60578,0.00098,-0.40419,0.91467,-0.00386,-1.29819,-0.34661,0.00363,
212,99.05513,10.88253,9.60675,0.00091,-0.40328,0.91507,-0.00376,-1.30135,-0.34252,0.00392,
212,99.00943,10.73985,9.61808,0.00093,-0.40248,0.91542,-0.00340,-1.29227,-0.39930,0.00835,
212,98.94319,10.72610,9.61758,0.00086,-0.40161,0.91580,-0.00332,-1.29617,-0.39218,0.00764,
212,98.87791,10.70685,9.61802,0.00079,-0.40077,0.91617,-0.00324,-1.29904,-0.38806,0.00759,
212,98.81263,10.68749,9.61830,0.00072,-0.39996,0.91653,-0.00316,-1.30174,-0.38416,0.00746,
212,98.74754,10.66749,9.61836,0.00066,-0.39918,0.91687,-0.00307,-1.30419,-0.38073,0.00718,
212,98.68215,10.64839,9.61871,0.00061,-0.39842,0.91720,-0.00299,-1.30665,-0.37700,0.00705,
212,98.61656,10.62983,9.61938,0.00055,-0.39768,0.91752,-0.00291,-1.30907,-0.37313,0.00709,
212,98.55100,10.61103,9.61983,0.00050,-0.39699,0.91782,-0.00283,-1.31132,-0.36957,0.00703,
212,98.48547,10.59210,9.61998,0.00045,-0.39632,0.91811,-0.00275,-1.31338,-0.36619,0.00681,
213,98.41982,10.57335,9.61996,0.00040,-0.39565,0.91840,-0.00268,-1.31541,-0.36276,0.00651,
213,98.35408,10.55477,9.61955,0.00035,-0.39501,0.91867,-0.00260,-1.31736,-0.35939,0.00604,
213,98.28829,10.53641,9.61905,0.00031,-0.39438,0.91894,-0.00253,-1.31923,-0.35605,0.00554,
213,98.26594,10.36131,9.63105,0.00031,-0.39397,0.91912,-0.00212,-1.29960,-0.41880,0.00943,
213,98.19889,10.34402,9.63153,0.00031,-0.39335,0.91939,-0.00206,-1.30273,-0.41426,0.00944,
213,98.13396,10.32266,9.63196,0.00027,-0.39277,0.91964,-0.00200,-1.30415,-0.41153,0.00930,
213,98.06874,10.30210,9.63256,0.00023,-0.39219,0.91988,-0.00193,-1.30561,-0.40853,0.00926,
213,98.00370,10.28133,9.63338,0.00019,-0.39163,0.92012,-0.00187,-1.30689,-0.40569,0.00932,
213,97.93837,10.26078,9.63408,0.00015,-0.39107,0.92036,-0.00181,-1.30824,-0.40285,0.00934,
213,97.87230,10.24245,9.63522,0.00011,-0.39054,0.92059,-0.00176,-1.30986,-0.39907,0.00955,
213,97.80657,10.22377,9.63676,0.00007,-0.39001,0.92081,-0.00171,-1.31119,-0.39557,0.00991,
213,97.74164,10.20326,9.63769,0.00003,-0.38951,0.92102,-0.00165,-1.31198,-0.39305,0.01000,
213,97.67607,10.18395,9.63752,-0.00000,-0.38900,0.92124,-0.00160,-1.31309,-0.39007,0.00960,
213,97.61051,10.16475,9.63739,-0.00004,-0.38850,0.92145,-0.00154,-1.31409,-0.38715,0.00925,
213,97.54507,10.14468,9.63826,-0.00007,-0.38801,0.92165,-0.00149,-1.31496,-0.38473,0.00934,
213,97.47979,10.12467,9.63906,-0.00010,-0.38754,0.92185,-0.00143,-1.31572,-0.38238,0.00939,
213,97.41493,10.10415,9.63958,-0.00013,-0.38708,0.92205,-0.00138,-1.31623,-0.38029,0.00931,
213,97.35001,10.08429,9.63989,-0.00016,-0.38663,0.92224,-0.00132,-1.31664,-0.37805,0.00915,
213,97.28454,10.06531,9.63967,-0.00019,-0.38619,0.92242,-0.00126,-1.31728,-0.37550,0.00876,
214,97.21903,10.04638,9.63941,-0.00023,-0.38580,0.92258,-0.00118,-1.31790,-0.37300,0.00837,
214,97.23959,9.83406,9.66424,-0.00029,-0.38567,0.92264,-0.00068,-1.28328,-0.44068,0.01671,
214,97.17150,9.81605,9.66161,-0.00031,-0.38537,0.92276,-0.00061,-1.28570,-0.43723,0.01517,
214,97.10785,9.79263,9.66189,-0.00035,-0.38516,0.92285,-0.00052,-1.28568,-0.43599,0.01490,
214,97.04374,9.76996,9.66209,-0.00039,-0.38502,0.92291,-0.00042,-1.28580,-0.43452,0.01459,
214,96.97786,9.75009,9.66112,-0.00043,-0.38495,0.92294,-0.00034,-1.28665,-0.43189,0.01378,
214,96.91221,9.72980,9.65986,-0.00046,-0.38494,0.92294,-0.00026,-1.28731,-0.42961,0.01290,
214,96.84841,9.70738,9.65903,-0.00050,-0.38499,0.92292,-0.00017,-1.28708,-0.42832,0.01223,
214,96.78438,9.68530,9.65806,-0.00054,-0.38508,0.92288,-0.00008,-1.28690,-0.42697,0.01151,
214,96.72016,9.66343,9.65692,-0.00057,-0.38521,0.92283,0.00000,-1.28673,-0.42564,0.01075,
214,96.65554,9.64224,9.65565,-0.00061,-0.38536,0.92276,0.00008,-1.28669,-0.42413,0.00995,
214,96.59018,9.62155,9.65495,-0.00064,-0.38553,0.92269,0.00016,-1.28690,-0.42259,0.00940,
214,96.52542,9.60071,9.65421,-0.00067,-0.38571,0.92262,0.00023,-1.28680,-0.42112,0.00885,
214,96.46100,9.57959,9.65512,-0.00070,-0.38589,0.92255,0.00030,-1.28649,-0.41982,0.00896,
214,96.39642,9.55888,9.65497,-0.00073,-0.38606,0.92247,0.00037,-1.28617,-0.41842,0.00868,
214,96.33228,9.53796,9.65360,-0.00076,-0.38622,0.92241,0.00043,-1.28567,-0.41716,0.00792,
214,96.26808,9.51694,9.65298,-0.00078,-0.38637,0.92234,0.00049,-1.28514,-0.41604,0.00743,
214,96.20423,9.49587,9.65256,-0.00081,-0.38651,0.92229,0.00055,-1.28446,-0.41497,0.00702,
214,96.14086,9.47487,9.65214,-0.00084,-0.38663,0.92223,0.00061,-1.28359,-0.41387,0.00662,
214,96.07759,9.45411,9.65151,-0.00087,-0.38677,0.92218,0.00069,-1.28265,-0.41277,0.00616,
214,96.01407,9.43305,9.65125,-0.00091,-0.38693,0.92211,0.00078,-1.28176,-0.41196,0.00583,
215,95.95065,9.41218,9.65137,-0.00095,-0.38714,0.92202,0.00087,-1.28076,-0.41114,0.00564,
215,95.88793,9.39119,9.65165,-0.00099,-0.38740,0.92191,0.00097,-1.27936,-0.41037,0.00551,
215,95.82524,9.37011,9.65192,-0.00104,-0.38771,0.92178,0.00107,-1.27794,-0.40968,0.00538,
215,95.76235,9.34964,9.65194,-0.00108,-0.38809,0.92162,0.00116,-1.27664,-0.40886,0.00516,
215,95.69993,9.32927,9.65170,-0.00113,-0.38853,0.92144,0.00125,-1.27509,-0.40808,0.00487,
215,95.63782,9.30823,9.65114,-0.00117,-0.38902,0.92123,0.00134,-1.27334,-0.40763,0.00450,
215,95.57562,9.28675,9.65048,-0.00120,-0.38957,0.92100,0.00144,-1.27166,-0.40752,0.00408,
215,95.68922,9.01462,9.67495,-0.00137,-0.39048,0.92061,0.00200,-1.21012,-0.48795,0.01093,
215,95.63230,8.98766,9.68804,-0.00138,-0.39113,0.92033,0.00216,-1.20749,-0.49013,0.01511,
215,95.56945,8.96558,9.68447,-0.00142,-0.39186,0.92002,0.00226,-1.20663,-0.48933,0.01363,
215,95.50547,8.94386,9.68794,-0.00145,-0.39265,0.91968,0.00236,-1.20600,-0.48865,0.01444,
215,95.44783,8.91661,9.69852,-0.00151,-0.39351,0.91932,0.00250,-1.20281,-0.49038,0.01744,
215,95.38921,8.89195,9.70110,-0.00156,-0.39442,0.91893,0.00262,-1.20003,-0.49091,0.01790,
215,95.32808,8.86910,9.70384,-0.00160,-0.39536,0.91852,0.00272,-1.19807,-0.49093,0.01840,
215,95.26777,8.84521,9.70552,-0.00164,-0.39633,0.91810,0.00283,-1.19594,-0.49136,0.01854,
215,95.20938,8.82021,9.70640,-0.00168,-0.39730,0.91768,0.00293,-1.19320,-0.49204,0.01846,
215,95.44354,8.56791,9.72643,-0.00202,-0.39860,0.91712,0.00357,-1.09755,-0.56266,0.02641,
215,95.39538,8.53621,9.72984,-0.00207,-0.39968,0.91665,0.00374,-1.09242,-0.56582,0.02717,
215,95.34013,8.50908,9.73279,-0.00214,-0.40084,0.91614,0.00390,-1.08919,-0.56678,0.02770,
216,95.28593,8.48189,9.73605,-0.00220,-0.40208,0.91559,0.00406,-1.08559,-0.56780,0.02831,
216,95.23691,8.45198,9.74015,-0.00228,-0.40343,0.91500,0.00424,-1.08013,-0.57031,0.02926,
216,95.18913,8.42244,9.74371,-0.00236,-0.40486,0.91437,0.00441,-1.07422,-0.57257,0.03009,
216,95.48218,8.25621,9.74325,-0.00275,-0.40652,0.91363,0.00495,-0.96722,-0.61398,0.03133,
216,95.43555,8.22129,9.74631,-0.00280,-0.40804,0.91295,0.00512,-0.96219,-0.61797,0.03195,
216,95.38982,8.19059,9.74953,-0.00286,-0.40964,0.91223,0.00526,-0.95671,-0.62023,0.03257,
216,95.34287,8.16012,9.75376,-0.00291,-0.41128,0.91149,0.00540,-0.95175,-0.62249,0.03343,
216,95.29670,8.12823,9.75561,-0.00296,-0.41294,0.91073,0.00553,-0.94653,-0.62527,0.03341,
216,95.73524,8.01324,9.74164,-0.00351,-0.41483,0.90987,0.00616,-0.79902,-0.65401,0.03080,
216,95.70505,7.97980,9.74361,-0.00354,-0.41650,0.90911,0.00631,-0.79034,-0.65790,0.03094,
216,95.66263,7.94645,9.74388,-0.00357,-0.41816,0.90835,0.00641,-0.78512,-0.66090,0.03037,
216,95.62437,7.91316,9.74561,-0.00360,-0.41975,0.90761,0.00649,-0.77903,-0.66367,0.03047,
216,96.24107,7.86707,9.72548,-0.00428,-0.42143,0.90682,0.00719,-0.57995,-0.67596,0.02544,
216,96.23673,7.83754,9.72515,-0.00434,-0.42296,0.90611,0.00731,-0.56525,-0.67839,0.02507,
216,96.19233,7.80100,9.72656,-0.00434,-0.42443,0.90542,0.00736,-0.56313,-0.68157,0.02504,
216,96.13796,7.76297,9.72875,-0.00433,-0.42587,0.90474,0.00739,-0.56392,-0.68502,0.02523,
216,96.09445,7.72593,9.73055,-0.00432,-0.42728,0.90408,0.00744,-0.56135,-0.68853,0.02528,
216,96.45698,7.67060,9.70744,-0.00459,-0.42860,0.90345,0.00785,-0.44441,-0.70156,0.01812,
216,96.46184,7.63864,9.70454,-0.00462,-0.42993,0.90281,0.00793,-0.42900,-0.70407,0.01675,
216,96.43687,7.60163,9.70540,-0.00462,-0.43123,0.90219,0.00797,-0.42254,-0.70770,0.01671,
216,96.40840,7.56330,9.70599,-0.00462,-0.43251,0.90158,0.00799,-0.41725,-0.71166,0.01644,
217,96.38736,7.52680,9.70673,-0.00462,-0.43375,0.90098,0.00802,-0.40963,-0.71520,0.01635,
217,96.37850,7.41370,9.70288,-0.00445,-0.43497,0.90040,0.00812,-0.40467,-0.74614,0.01599,
217,96.36178,7.37851,9.70248,-0.00447,-0.43617,0.89982,0.00814,-0.39544,-0.74829,0.01541,
217,96.32985,7.33667,9.70425,-0.00445,-0.43733,0.89926,0.00814,-0.39201,-0.75248,0.01570,
217,96.29259,7.29292,9.70615,-0.00442,-0.43846,0.89870,0.00812,-0.39062,-0.75681,0.01588,
217,96.26414,7.25157,9.70800,-0.00440,-0.43959,0.89815,0.00812,-0.38625,-0.76073,0.01616,
217,96.23910,7.21103,9.70927,-0.00439,-0.44072,0.89760,0.00811,-0.38077,-0.76453,0.01627,
217,96.13396,7.09902,9.71137,-0.00417,-0.44179,0.89707,0.00816,-0.40771,-0.79436,0.01739,
217,96.11672,7.06055,9.71024,-0.00419,-0.44291,0.89652,0.00816,-0.39861,-0.79675,0.01645,
217,96.08904,7.01787,9.71112,-0.00416,-0.44400,0.89598,0.00814,-0.39445,-0.80061,0.01627,
217,96.06085,6.97497,9.71211,-0.00413,-0.44506,0.89545,0.00811,-0.39062,-0.80431,0.01612,
217,96.03666,6.93253,9.71291,-0.00410,-0.44613,0.89492,0.00809,-0.38522,-0.80823,0.01597,
217,96.00949,6.88918,9.71394,-0.00407,-0.44717,0.89440,0.00806,-0.38114,-0.81206,0.01592,
217,95.88923,6.79870,9.71105,-0.00382,-0.44816,0.89391,0.00804,-0.42379,-0.83723,0.01362,
217,95.86779,6.75578,9.71009,-0.00381,-0.44915,0.89341,0.00799,-0.41684,-0.84045,0.01253,
217,95.84148,6.71191,9.71048,-0.00378,-0.45013,0.89292,0.00796,-0.41274,-0.84421,0.01216,
217,95.81742,6.66854,9.71085,-0.00375,-0.45109,0.89244,0.00792,-0.40760,-0.84767,0.01184,
217,95.79470,6.62509,9.71137,-0.00372,-0.45203,0.89196,0.00787,-0.40190,-0.85123,0.01166,
217,95.77058,6.58098,9.71197,-0.00367,-0.45291,0.89152,0.00780,-0.39712,-0.85489,0.01147,
218,95.74638,6.53671,9.71272,-0.00362,-0.45371,0.89111,0.00772,-0.39254,-0.85839,0.01134,
218,95.67197,6.48395,9.70747,-0.00351,-0.45437,0.89077,0.00763,-0.41386,-0.86356,0.00777,
218,95.65669,6.43969,9.70812,-0.00348,-0.45501,0.89045,0.00755,-0.40437,-0.86750,0.00780,
218,95.63255,6.39492,9.70848,-0.00343,-0.45555,0.89017,0.00746,-0.39995,-0.87086,0.00758,
218,95.60953,6.35011,9.70942,-0.00338,-0.45603,0.88993,0.00737,-0.39513,-0.87421,0.00769,
218,95.58555,6.30491,9.71010,-0.00333,-0.45644,0.88972,0.00727,-0.39100,-0.87746,0.00764,
218,95.56261,6.25982,9.71065,-0.00327,-0.45677,0.88955,0.00716,-0.38651,-0.88058,0.00753,
218,95.54019,6.21484,9.71101,-0.00320,-0.45702,0.88942,0.00703,-0.38199,-0.88343,0.00728,
218,95.51930,6.17025,9.71179,-0.00313,-0.45718,0.88934,0.00689,-0.37690,-0.88605,0.00730,
218,95.50028,6.12574,9.71252,-0.00306,-0.45723,0.88932,0.00675,-0.37115,-0.88863,0.00730,
218,95.47866,6.07998,9.71270,-0.00298,-0.45718,0.88934,0.00660,-0.36692,-0.89149,0.00698,
218,95.45638,6.03378,9.71337,-0.00290,-0.45703,0.88942,0.00644,-0.36322,-0.89433,0.00694,
218,95.43545,5.98799,9.71420,-0.00283,-0.45678,0.88955,0.00629,-0.35907,-0.89685,0.00698,
218,95.41539,5.94227,9.71499,-0.00276,-0.45645,0.88972,0.00615,-0.35471,-0.89926,0.00699,
218,95.39468,5.89639,9.71601,-0.00269,-0.45607,0.88992,0.00601,-0.35084,-0.90155,0.00713,
218,95.37341,5.84996,9.71698,-0.00262,-0.45564,0.89014,0.00586,-0.34753,-0.90390,0.00723,
218,95.35124,5.80275,9.71747,-0.00254,-0.45517,0.89038,0.00572,-0.34487,-0.90632,0.00711,
218,95.33058,5.75631,9.71785,-0.00247,-0.45468,0.89063,0.00558,-0.34163,-0.90830,0.00695,
218,95.31261,5.71090,9.71813,-0.00242,-0.45420,0.89088,0.00546,-0.33728,-0.90986,0.00676,
218,95.29412,5.66527,9.71865,-0.00237,-0.45372,0.89113,0.00534,-0.33340,-0.91134,0.00668,
218,95.27415,5.61900,9.71881,-0.00231,-0.45325,0.89137,0.00523,-0.33036,-0.91286,0.00642,
219,95.25460,5.57306,9.71898,-0.00226,-0.45280,0.89160,0.00512,-0.32722,-0.91409,0.00621,
219,95.23533,5.52688,9.71976,-0.00221,-0.45237,0.89181,0.00501,-0.32419,-0.91541,0.00627,
219,95.21595,5.48076,9.72034,-0.00216,-0.45196,0.89202,0.00491,-0.32140,-0.91655,0.00624,
219,95.19614,5.43481,9.72019,-0.00211,-0.45158,0.89221,0.00480,-0.31889,-0.91739,0.00589,
219,95.17800,5.38926,9.71997,-0.00205,-0.45120,0.89241,0.00467,-0.31587,-0.91808,0.00553,
219,95.15954,5.34365,9.71990,-0.00198,-0.45077,0.89263,0.00452,-0.31312,-0.91864,0.00526,
219,95.14100,5.29775,9.72029,-0.00191,-0.45028,0.89287,0.00437,-0.31042,-0.91942,0.00519,
219,94.94672,5.22239,9.72523,-0.00162,-0.44969,0.89317,0.00405,-0.37632,-0.92286,0.00643,
219,94.94664,5.17934,9.72423,-0.00158,-0.44898,0.89353,0.00389,-0.36584,-0.92279,0.00584,
219,94.93293,5.13594,9.72549,-0.00152,-0.44820,0.89392,0.00373,-0.36096,-0.92233,0.00622,
219,94.91741,5.09177,9.72853,-0.00146,-0.44730,0.89438,0.00358,-0.35709,-0.92213,0.00732,
219,94.90151,5.04678,9.73069,-0.00140,-0.44629,0.89488,0.00344,-0.35345,-0.92227,0.00802,
219,94.88841,5.00233,9.73189,-0.00135,-0.44519,0.89543,0.00330,-0.34894,-0.92214,0.00835,
219,94.87578,4.95813,9.73306,-0.00130,-0.44400,0.89602,0.00317,-0.34457,-0.92184,0.00864,
219,94.85977,4.91296,9.73432,-0.00125,-0.44277,0.89663,0.00305,-0.34154,-0.92173,0.00891,
219,94.84342,4.86791,9.73524,-0.00121,-0.44152,0.89724,0.00293,-0.33851,-0.92147,0.00905,
219,94.82713,4.82237,9.73598,-0.00116,-0.44023,0.89788,0.00281,-0.33587,-0.92136,0.00908,
219,94.62149,4.76299,9.73843,-0.00084,-0.43903,0.89847,0.00256,-0.40485,-0.91811,0.00829,
219,94.62496,4.72174,9.74013,-0.00085,-0.43764,0.89915,0.00245,-0.39380,-0.91670,0.00919,
220,94.60525,4.67673,9.74050,-0.00080,-0.43634,0.89978,0.00235,-0.39198,-0.91611,0.00904,
220,94.58735,4.63306,9.74200,-0.00077,-0.43507,0.90040,0.00226,-0.38976,-0.91500,0.00941,
220,94.57051,4.59023,9.74314,-0.00074,-0.43382,0.90100,0.00216,-0.38738,-0.91341,0.00962,
220,94.55146,4.54593,9.74340,-0.00071,-0.43262,0.90157,0.00208,-0.38569,-0.91232,0.00947,
220,94.53373,4.50261,9.74467,-0.00069,-0.43145,0.90213,0.00201,-0.38366,-0.91098,0.00974,
220,94.35109,4.45550,9.74506,-0.00042,-0.43036,0.90266,0.00179,-0.44237,-0.90438,0.00884,
220,94.33811,4.40785,9.74601,-0.00042,-0.42924,0.90319,0.00173,-0.43755,-0.90496,0.00907,
220,94.31514,4.36394,9.74723,-0.00039,-0.42818,0.90369,0.00166,-0.43705,-0.90376,0.00928,
220,94.29141,4.32037,9.74853,-0.00036,-0.42715,0.90418,0.00160,-0.43701,-0.90234,0.00954,
220,94.26572,4.27449,9.74939,-0.00033,-0.42615,0.90465,0.00156,-0.43738,-0.90194,0.00959,
220,94.24345,4.22838,9.75036,-0.00032,-0.42519,0.90511,0.00153,-0.43610,-0.90196,0.00981,
220,94.21974,4.18347,9.75163,-0.00031,-0.42422,0.90556,0.00150,-0.43569,-0.90124,0.01013,
220,94.19311,4.13792,9.75254,-0.00029,-0.42328,0.90600,0.00146,-0.43653,-0.90062,0.01021,
220,94.16802,4.09174,9.75238,-0.00028,-0.42235,0.90643,0.00144,-0.43653,-0.90036,0.00988,
220,94.14481,4.04628,9.75164,-0.00027,-0.42142,0.90687,0.00143,-0.43582,-0.89989,0.00930,
220,93.99096,4.05606,9.74947,-0.00002,-0.42069,0.90720,0.00115,-0.48654,-0.87592,0.00705,
220,93.98398,4.00509,9.75231,-0.00005,-0.41964,0.90769,0.00115,-0.47907,-0.87814,0.00817,
220,93.95715,3.95925,9.75332,-0.00004,-0.41872,0.90812,0.00114,-0.47949,-0.87814,0.00828,
220,93.93216,3.91293,9.75375,-0.00003,-0.41780,0.90854,0.00114,-0.47889,-0.87840,0.00821,
220,93.90609,3.86684,9.75464,-0.00003,-0.41688,0.90896,0.00114,-0.47882,-0.87853,0.00831,
220,93.87945,3.82076,9.75527,-0.00003,-0.41597,0.90938,0.00114,-0.47900,-0.87860,0.00830,
221,93.85211,3.77463,9.75538,-0.00003,-0.41505,0.90980,0.00114,-0.47938,-0.87843,0.00818,
221,93.81987,3.73061,9.75674,-0.00001,-0.41414,0.91021,0.00112,-0.48198,-0.87740,0.00838,
221,93.79057,3.68644,9.75766,-0.00001,-0.41325,0.91062,0.00112,-0.48331,-0.87655,0.00842,
221,93.76621,3.64225,9.75829,-0.00001,-0.41236,0.91102,0.00113,-0.48280,-0.87596,0.00840,
221,93.74084,3.59953,9.75931,-0.00002,-0.41149,0.91142,0.00114,-0.48277,-0.87475,0.00851,
221,93.71429,3.55808,9.76054,-0.00003,-0.41063,0.91180,0.00114,-0.48318,-0.87300,0.00870,
221,93.57186,3.53714,9.75725,0.00017,-0.40993,0.91211,0.00098,-0.52578,-0.86359,0.00674,
221,93.55095,3.49258,9.75841,0.00013,-0.40910,0.91249,0.00099,-0.52274,-0.86270,0.00702,
221,93.52050,3.45047,9.75871,0.00013,-0.40829,0.91285,0.00100,-0.52402,-0.86126,0.00683,
221,93.49367,3.41004,9.76028,0.00012,-0.40751,0.91320,0.00101,-0.52402,-0.85950,0.00728,
221,93.46750,3.37009,9.76111,0.00011,-0.40673,0.91355,0.00102,-0.52372,-0.85748,0.00735,
221,93.44134,3.33221,9.76190,0.00010,-0.40597,0.91388,0.00103,-0.52368,-0.85471,0.00736,
221,93.41365,3.29623,9.76362,0.00009,-0.40524,0.91421,0.00104,-0.52443,-0.85137,0.00777,
221,93.38627,3.25975,9.76475,0.00007,-0.40453,0.91452,0.00104,-0.52495,-0.84824,0.00792,
221,93.36069,3.22181,9.76536,0.00006,-0.40384,0.91483,0.00106,-0.52453,-0.84580,0.00791,
221,93.33587,3.18394,9.76596,0.00004,-0.40317,0.91512,0.00108,-0.52382,-0.84347,0.00794,
221,93.30930,3.14731,9.76714,0.00002,-0.40252,0.91541,0.00110,-0.52387,-0.84072,0.00815,
221,93.28225,3.11120,9.76949,0.00001,-0.40188,0.91569,0.00112,-0.52414,-0.83791,0.00882,
221,93.16551,3.12928,9.76106,0.00019,-0.40145,0.91588,0.00088,-0.56124,-0.81672,0.00503,
222,93.14927,3.08173,9.76291,0.00015,-0.40076,0.91618,0.00096,-0.55602,-0.81820,0.00555,
222,93.12054,3.04376,9.76352,0.00013,-0.40017,0.91644,0.00098,-0.55622,-0.81629,0.00556,
222,93.09438,3.00666,9.76429,0.00011,-0.39959,0.91669,0.00101,-0.55536,-0.81418,0.00571,
222,93.06841,2.97007,9.76513,0.00009,-0.39902,0.91694,0.00104,-0.55452,-0.81198,0.00584,
222,93.03800,2.93247,9.76599,0.00008,-0.39847,0.91718,0.00106,-0.55540,-0.81007,0.00587,
222,93.00682,2.89375,9.76689,0.00008,-0.39792,0.91742,0.00108,-0.55635,-0.80855,0.00594,
222,92.97802,2.85539,9.76753,0.00006,-0.39739,0.91765,0.00111,-0.55642,-0.80700,0.00593,
222,92.94863,2.81683,9.76795,0.00005,-0.39686,0.91788,0.00113,-0.55664,-0.80560,0.00580,
222,92.91700,2.77615,9.76867,0.00004,-0.39635,0.91810,0.00116,-0.55749,-0.80496,0.00577,
222,92.88438,2.73455,9.77006,0.00004,-0.39585,0.91831,0.00119,-0.55868,-0.80468,0.00597,
222,92.85238,2.69285,9.77096,0.00003,-0.39537,0.91852,0.00123,-0.55942,-0.80441,0.00602,
222,92.82122,2.64867,9.77173,0.00002,-0.39490,0.91872,0.00127,-0.55956,-0.80506,0.00605,
222,92.78942,2.60272,9.77395,0.00001,-0.39444,0.91892,0.00132,-0.55983,-0.80651,0.00665,
222,92.75617,2.55587,9.77675,0.00000,-0.39399,0.91911,0.00137,-0.56059,-0.80820,0.00743,
222,92.72402,2.50883,9.77880,-0.00001,-0.39356,0.91930,0.00141,-0.56082,-0.80980,0.00797,
222,92.69315,2.46411,9.78023,-0.00002,-0.39314,0.91948,0.00145,-0.56069,-0.81071,0.00819,
222,92.66247,2.41997,9.78122,-0.00003,-0.39273,0.91965,0.00149,-0.56054,-0.81153,0.00820,
222,92.48974,2.38211,9.77474,0.00020,-0.39249,0.91976,0.00131,-0.60919,-0.81004,0.00591,
222,92.47339,2.33543,9.77792,0.00015,-0.39205,0.91994,0.00137,-0.60301,-0.81109,0.00700,
222,92.44628,2.29047,9.78034,0.00013,-0.39167,0.92011,0.00143,-0.60088,-0.81268,0.00777,
222,92.42306,2.24912,9.78248,0.00010,-0.39129,0.92027,0.00150,-0.59750,-0.81318,0.00843,
223,92.39960,2.20752,9.78477,0.00007,-0.39093,0.92042,0.00156,-0.59420,-0.81383,0.00917,
223,92.37251,2.16490,9.78733,0.00005,-0.39057,0.92057,0.00161,-0.59233,-0.81468,0.01002,
223,92.34559,2.12290,9.79051,0.00003,-0.39022,0.92072,0.00166,-0.59041,-0.81538,0.01106,
223,92.31970,2.08189,9.79320,0.00001,-0.38988,0.92086,0.00171,-0.58814,-0.81574,0.01186,
223,92.29066,2.04299,9.79282,-0.00001,-0.38956,0.92100,0.00173,-0.58718,-0.81496,0.01143,
223,92.26014,2.00379,9.79075,-0.00002,-0.38924,0.92114,0.00175,-0.58668,-0.81416,0.01030,
223,92.22692,1.96481,9.78993,-0.00002,-0.38893,0.92127,0.00177,-0.58718,-0.81335,0.00964,
223,92.19304,1.92458,9.79085,-0.00002,-0.38863,0.92139,0.00181,-0.58778,-0.81318,0.00968,
223,92.15954,1.88361,9.79174,-0.00002,-0.38833,0.92152,0.00183,-0.58813,-0.81314,0.00970,
223,92.12838,1.84250,9.79282,-0.00003,-0.38804,0.92164,0.00186,-0.58773,-0.81332,0.00981,
223,92.09884,1.80361,9.79517,-0.00004,-0.38775,0.92176,0.00189,-0.58706,-0.81298,0.01041,
223,92.06850,1.76634,9.79583,-0.00004,-0.38747,0.92188,0.00191,-0.58664,-0.81203,0.01032,
223,92.03988,1.72803,9.79620,-0.00005,-0.38720,0.92199,0.00194,-0.58545,-0.81147,0.01021,
223,92.00703,1.69105,9.79573,-0.00006,-0.38693,0.92211,0.00196,-0.58589,-0.81020,0.00969,
223,91.97279,1.65413,9.79644,-0.00005,-0.38668,0.92221,0.00197,-0.58686,-0.80906,0.00957,
223,91.93870,1.61759,9.79806,-0.00005,-0.38643,0.92232,0.00198,-0.58781,-0.80789,0.00980,
223,91.90672,1.58156,9.79991,-0.00005,-0.38619,0.92242,0.00199,-0.58806,-0.80658,0.01014,
223,91.71431,1.53778,9.78364,0.00019,-0.38613,0.92244,0.00184,-0.63926,-0.80911,0.00471,
223,91.69322,1.50198,9.78572,0.00017,-0.38589,0.92254,0.00187,-0.63501,-0.80706,0.00515,
224,91.66283,1.47121,9.78584,0.00016,-0.38567,0.92263,0.00187,-0.63442,-0.80409,0.00493,
224,91.62906,1.43842,9.78633,0.00016,-0.38546,0.92272,0.00188,-0.63489,-0.80168,0.00490,
224,91.59568,1.40548,9.78697,0.00015,-0.38525,0.92281,0.00188,-0.63533,-0.79943,0.00494,
224,91.56341,1.37128,9.78702,0.00015,-0.38504,0.92290,0.00190,-0.63525,-0.79773,0.00475,
224,91.52951,1.33403,9.78771,0.00015,-0.38484,0.92298,0.00191,-0.63542,-0.79694,0.00480,
224,91.49550,1.29943,9.78862,0.00014,-0.38465,0.92306,0.00192,-0.63583,-0.79532,0.00489,
224,91.46249,1.26464,9.78943,0.00014,-0.38446,0.92314,0.00193,-0.63586,-0.79387,0.00492,
224,91.42858,1.22719,9.78859,0.00014,-0.38427,0.92322,0.00194,-0.63591,-0.79306,0.00437,
224,91.39296,1.18879,9.78640,0.00014,-0.38409,0.92329,0.00194,-0.63644,-0.79248,0.00330,
224,91.36419,1.14776,9.78562,0.00014,-0.38391,0.92337,0.00197,-0.63467,-0.79317,0.00287,
224,91.34110,1.10550,9.78460,0.00011,-0.38372,0.92345,0.00201,-0.63063,-0.79443,0.00241,
224,91.30629,1.06022,9.78469,0.00011,-0.38355,0.92352,0.00204,-0.63019,-0.79630,0.00219,
224,91.26959,1.01669,9.78540,0.00012,-0.38339,0.92359,0.00207,-0.63078,-0.79760,0.00214,
224,91.23766,0.97645,9.78465,0.00012,-0.38322,0.92365,0.00209,-0.62999,-0.79797,0.00166,
224,91.19868,0.93278,9.78249,0.00013,-0.38307,0.92372,0.00210,-0.63113,-0.79895,0.00070,
224,91.15554,0.88706,9.78208,0.00015,-0.38293,0.92378,0.00212,-0.63349,-0.80066,0.00031,
224,91.11734,0.83913,9.78391,0.00016,-0.38278,0.92384,0.00214,-0.63412,-0.80320,0.00071,
224,91.08236,0.79311,9.78431,0.00016,-0.38263,0.92390,0.00217,-0.63374,-0.80526,0.00062,
224,91.04542,0.75009,9.78331,0.00016,-0.38249,0.92396,0.00219,-0.63422,-0.80638,0.00002,
224,91.00667,0.70400,9.78470,0.00017,-0.38236,0.92401,0.00222,-0.63505,-0.80859,0.00021,
224,90.97172,0.65640,9.78722,0.00017,-0.38222,0.92407,0.00226,-0.63457,-0.81148,0.00080,
225,90.81284,0.67910,9.76864,0.00037,-0.38231,0.92403,0.00215,-0.67714,-0.79870,-0.00535,
225,90.78760,0.64314,9.77121,0.00035,-0.38217,0.92409,0.00216,-0.67355,-0.79722,-0.00429,
225,90.75616,0.60470,9.77143,0.00034,-0.38204,0.92414,0.00219,-0.67192,-0.79744,-0.00412,
225,90.72499,0.56370,9.77029,0.00033,-0.38192,0.92419,0.00221,-0.67026,-0.79848,-0.00449,
225,90.68879,0.51936,9.76992,0.00033,-0.38180,0.92424,0.00224,-0.67011,-0.80057,-0.00457,
225,90.65312,0.47833,9.77044,0.00034,-0.38168,0.92429,0.00226,-0.66999,-0.80166,-0.00447,
225,90.61495,0.43715,9.77117,0.00035,-0.38157,0.92434,0.00228,-0.67075,-0.80254,-0.00428,
225,90.57783,0.39751,9.77085,0.00036,-0.38146,0.92438,0.00229,-0.67130,-0.80281,-0.00453,
225,90.54030,0.35855,9.77070,0.00037,-0.38136,0.92442,0.00229,-0.67210,-0.80291,-0.00466,
225,90.50278,0.32098,9.77156,0.00037,-0.38126,0.92446,0.00230,-0.67293,-0.80245,-0.00437,
225,90.46617,0.28664,9.77185,0.00037,-0.38117,0.92450,0.00229,-0.67351,-0.80080,-0.00431,
225,90.42684,0.25412,9.77068,0.00038,-0.38108,0.92454,0.00227,-0.67519,-0.79828,-0.00488,
225,90.39155,0.22148,9.76945,0.00038,-0.38099,0.92457,0.00226,-0.67548,-0.79602,-0.00532,
225,90.35624,0.18914,9.77031,0.00038,-0.38091,0.92461,0.00225,-0.67586,-0.79385,-0.00510,
225,90.32004,0.16060,9.77131,0.00038,-0.38083,0.92464,0.00223,-0.67685,-0.79042,-0.00494,
225,90.28870,0.13179,9.77205,0.00038,-0.38075,0.92468,0.00222,-0.67633,-0.78739,-0.00480,
225,90.25933,0.10197,9.77405,0.00037,-0.38066,0.92471,0.00222,-0.67517,-0.78505,-0.00418,
225,90.22747,0.06903,9.77720,0.00036,-0.38058,0.92474,0.00223,-0.67450,-0.78377,-0.00320,
225,90.19461,0.04231,9.78225,0.00036,-0.38051,0.92477,0.00222,-0.67460,-0.78059,-0.00181,
226,90.16334,0.02021,9.78580,0.00036,-0.38044,0.92480,0.00221,-0.67447,-0.77605,-0.00087,
226,90.13133,-0.00571,9.78690,0.00036,-0.38036,0.92483,0.00220,-0.67429,-0.77255,-0.00062,
226,90.10076,-0.03405,9.78892,0.00035,-0.38029,0.92486,0.00219,-0.67360,-0.76992,-0.00015,
226,90.06435,-0.06443,9.78987,0.00036,-0.38022,0.92489,0.00217,-0.67467,-0.76748,-0.00008,
226,90.03222,-0.09874,9.78988,0.00036,-0.38011,0.92494,0.00215,-0.67459,-0.76596,-0.00033,
226,89.99874,-0.13229,9.79236,0.00038,-0.38004,0.92497,0.00216,-0.67447,-0.76549,0.00019,
226,89.96283,-0.16720,9.79578,0.00039,-0.37997,0.92500,0.00217,-0.67513,-0.76513,0.00102,
226,89.93183,-0.20076,9.79571,0.00038,-0.37990,0.92502,0.00218,-0.67404,-0.76412,0.00095,
226,89.81286,-0.17093,9.78595,0.00041,-0.37993,0.92501,0.00208,-0.69790,-0.74547,0.00112,
226,89.76964,-0.22498,9.78687,0.00043,-0.37980,0.92507,0.00207,-0.69938,-0.74852,0.00131,
226,89.73009,-0.25799,9.78769,0.00044,-0.37975,0.92509,0.00206,-0.70061,-0.74696,0.00143,
226,89.69472,-0.28968,9.78713,0.00044,-0.37969,0.92511,0.00205,-0.70054,-0.74520,0.00090,
226,89.65240,-0.32526,9.78861,0.00046,-0.37964,0.92513,0.00204,-0.70250,-0.74442,0.00110,
226,89.60830,-0.36103,9.79024,0.00048,-0.37960,0.92515,0.00203,-0.70490,-0.74379,0.00137,
226,89.56927,-0.39657,9.79010,0.00048,-0.37955,0.92517,0.00203,-0.70574,-0.74334,0.00114,
226,89.53129,-0.43187,9.78968,0.00050,-0.37950,0.92519,0.00203,-0.70642,-0.74277,0.00083,
226,89.49295,-0.46776,9.78993,0.00051,-0.37945,0.92521,0.00203,-0.70702,-0.74259,0.00075,
226,89.45468,-0.50381,9.78983,0.00051,-0.37941,0.92523,0.00203,-0.70755,-0.74238,0.00046,
226,89.41499,-0.54222,9.78904,0.00052,-0.37937,0.92524,0.00203,-0.70828,-0.74274,-0.00009,
226,89.37425,-0.58284,9.78710,0.00054,-0.37932,0.92526,0.00203,-0.70900,-0.74375,-0.00095,
226,89.33306,-0.62270,9.78658,0.00055,-0.37928,0.92528,0.00204,-0.71017,-0.74478,-0.00137,
227,89.29042,-0.66075,9.78591,0.00056,-0.37925,0.92529,0.00205,-0.71171,-0.74519,-0.00174,
227,89.25167,-0.69813,9.78342,0.00057,-0.37921,0.92531,0.00205,-0.71200,-0.74529,-0.00267,
227,89.21610,-0.73493,9.78193,0.00057,-0.37917,0.92533,0.00205,-0.71152,-0.74521,-0.00332,
227,89.17906,-0.77234,9.77989,0.00057,-0.37913,0.92534,0.00205,-0.71124,-0.74524,-0.00413,
227,89.14644,-0.81153,9.77873,0.00056,-0.37908,0.92536,0.00206,-0.70961,-0.74606,-0.00454,
227,89.11360,-0.84762,9.77946,0.00056,-0.37904,0.92538,0.00207,-0.70859,-0.74615,-0.00444,
227,89.07474,-0.88094,9.77985,0.00057,-0.37901,0.92539,0.00206,-0.70950,-0.74513,-0.00441,
227,89.03566,-0.91414,9.78018,0.00058,-0.37898,0.92540,0.00206,-0.71044,-0.74424,-0.00432,
227,89.00395,-0.94842,9.78087,0.00058,-0.37894,0.92542,0.00206,-0.70935,-0.74374,-0.00421,
227,89.07032,-0.81178,9.78588,0.00052,-0.37898,0.92540,0.00203,-0.69579,-0.71348,-0.00218,
227,89.03576,-0.85137,9.78828,0.00052,-0.37893,0.92542,0.00205,-0.69448,-0.71407,-0.00154,
227,89.00270,-0.88369,9.78913,0.00052,-0.37891,0.92543,0.00205,-0.69384,-0.71338,-0.00142,
227,88.96852,-0.91674,9.78990,0.00052,-0.37888,0.92544,0.00205,-0.69335,-0.71270,-0.00117,
227,88.93771,-0.94611,9.79178,0.00051,-0.37885,0.92545,0.00205,-0.69230,-0.71125,-0.00057,
227,88.90652,-0.97516,9.79261,0.00051,-0.37882,0.92547,0.00204,-0.69130,-0.70948,-0.00034,
227,88.87442,-1.00481,9.79241,0.00051,-0.37880,0.92548,0.00203,-0.69051,-0.70762,-0.00051,
227,88.84056,-1.03469,9.79248,0.00051,-0.37878,0.92549,0.00201,-0.69034,-0.70575,-0.00058,
227,88.80850,-1.06148,9.79280,0.00051,-0.37875,0.92549,0.00199,-0.68997,-0.70305,-0.00061,
227,88.77814,-1.08839,9.79317,0.00051,-0.37873,0.92550,0.00198,-0.68894,-0.70059,-0.00056,
228,88.74697,-1.11819,9.79243,0.00050,-0.37870,0.92552,0.00197,-0.68789,-0.69898,-0.00085,
228,88.71868,-1.14609,9.79230,0.00049,-0.37867,0.92553,0.00196,-0.68616,-0.69713,-0.00093,
228,88.68917,-1.17301,9.79225,0.00049,-0.37864,0.92554,0.00195,-0.68491,-0.69488,-0.00105,
228,88.65639,-1.20481,9.79229,0.00049,-0.37861,0.92555,0.00195,-0.68435,-0.69418,-0.00122,
228,88.62350,-1.23570,9.79267,0.00049,-0.37859,0.92556,0.00194,-0.68380,-0.69311,-0.00125,
228,88.59040,-1.26384,9.79347,0.00049,-0.37856,0.92557,0.00193,-0.68351,-0.69120,-0.00108,
228,88.55915,-1.29214,9.79437,0.00049,-0.37853,0.92558,0.00192,-0.68274,-0.68953,-0.00076,
228,88.52973,-1.31914,9.79460,0.00048,-0.37851,0.92559,0.00191,-0.68165,-0.68750,-0.00073,
228,88.49779,-1.34734,9.79634,0.00048,-0.37849,0.92560,0.00190,-0.68143,-0.68583,-0.00035,
228,88.46743,-1.37676,9.79860,0.00048,-0.37847,0.92561,0.00189,-0.68062,-0.68472,0.00028,
228,88.43996,-1.40540,9.79856,0.00047,-0.37844,0.92562,0.00189,-0.67862,-0.68339,0.00035,
228,88.41046,-1.43437,9.79750,0.00046,-0.37841,0.92563,0.00188,-0.67728,-0.68178,0.00005,
228,88.37600,-1.46683,9.79664,0.00046,-0.37839,0.92564,0.00187,-0.67685,-0.68085,-0.00038,
228,88.33974,-1.50271,9.79775,0.00046,-0.37838,0.92565,0.00189,-0.67677,-0.68168,-0.00007,
228,88.30260,-1.54161,9.79886,0.00047,-0.37835,0.92566,0.00190,-0.67677,-0.68323,0.00026,
228,88.26645,-1.57939,9.79914,0.00047,-0.37833,0.92567,0.00191,-0.67661,-0.68422,0.00029,
228,88.23009,-1.61945,9.79737,0.00047,-0.37831,0.92568,0.00193,-0.67607,-0.68566,-0.00036,
228,88.24778,-1.56336,9.80889,0.00040,-0.37833,0.92567,0.00191,-0.66832,-0.66957,0.00368,
228,88.20747,-1.61321,9.80989,0.00040,-0.37828,0.92569,0.00195,-0.66767,-0.67391,0.00395,
228,88.17155,-1.65100,9.80963,0.00041,-0.37827,0.92569,0.00197,-0.66742,-0.67583,0.00377,
228,88.13953,-1.68636,9.80903,0.00041,-0.37825,0.92570,0.00200,-0.66592,-0.67678,0.00359,
229,88.11029,-1.71994,9.80954,0.00040,-0.37824,0.92571,0.00202,-0.66399,-0.67779,0.00359,
229,88.07988,-1.75741,9.81048,0.00041,-0.37822,0.92571,0.00206,-0.66235,-0.68037,0.00359,
229,88.04342,-1.80181,9.81012,0.00042,-0.37820,0.92572,0.00210,-0.66182,-0.68476,0.00305,
229,88.00706,-1.84350,9.81026,0.00043,-0.37818,0.92573,0.00214,-0.66157,-0.68801,0.00289,
229,87.97784,-1.87705,9.81185,0.00043,-0.37817,0.92574,0.00216,-0.65993,-0.68897,0.00351,
229,87.94717,-1.91280,9.81439,0.00044,-0.37815,0.92574,0.00218,-0.65898,-0.69099,0.00427,
229,87.90810,-1.95248,9.81486,0.00045,-0.37814,0.92574,0.00219,-0.65955,-0.69281,0.00435,
229,87.87623,-1.98854,9.81579,0.00045,-0.37813,0.92575,0.00221,-0.65817,-0.69396,0.00487,
229,87.83886,-2.02762,9.81438,0.00046,-0.37811,0.92576,0.00222,-0.65843,-0.69532,0.00403,
229,87.79566,-2.06973,9.81291,0.00048,-0.37810,0.92576,0.00221,-0.66003,-0.69703,0.00300,
229,87.75755,-2.10712,9.81353,0.00048,-0.37809,0.92577,0.00221,-0.66040,-0.69763,0.00301,
229,87.75707,-2.10423,9.82621,0.00049,-0.37807,0.92577,0.00233,-0.65497,-0.70004,0.00624,
229,87.73004,-2.13329,9.82657,0.00048,-0.37807,0.92578,0.00232,-0.65273,-0.69859,0.00665,
229,87.69160,-2.17147,9.82672,0.00049,-0.37806,0.92578,0.00232,-0.65286,-0.69938,0.00675,
229,87.65536,-2.20864,9.82603,0.00049,-0.37804,0.92578,0.00232,-0.65302,-0.70025,0.00619,
229,87.61926,-2.24575,9.82484,0.00050,-0.37803,0.92579,0.00232,-0.65319,-0.70097,0.00543,
229,87.58314,-2.28509,9.82391,0.00051,-0.37802,0.92580,0.00234,-0.65264,-0.70268,0.00492,
229,87.54727,-2.32283,9.82245,0.00050,-0.37801,0.92580,0.00235,-0.65189,-0.70337,0.00413,
229,87.51079,-2.35897,9.82144,0.00051,-0.37799,0.92581,0.00234,-0.65199,-0.70345,0.00332,
230,87.47388,-2.39644,9.82116,0.00051,-0.37798,0.92581,0.00234,-0.65213,-0.70433,0.00299,
230,87.44115,-2.43148,9.82143,0.00051,-0.37793,0.92583,0.00233,-0.65151,-0.70369,0.00308,
230,87.41003,-2.46252,9.82170,0.00050,-0.37792,0.92583,0.00233,-0.65050,-0.70247,0.00304,
230,87.37532,-2.49610,9.82249,0.00050,-0.37791,0.92584,0.00232,-0.65019,-0.70178,0.00335,
230,87.33481,-2.53131,9.82200,0.00051,-0.37791,0.92584,0.00230,-0.65136,-0.70072,0.00302,
230,87.28371,-2.57115,9.82016,0.00053,-0.37791,0.92584,0.00225,-0.65508,-0.69977,0.00203,
230,87.24208,-2.60548,9.81896,0.00053,-0.37791,0.92584,0.00222,-0.65636,-0.69799,0.00159,
230,87.20700,-2.63602,9.81882,0.00053,-0.37790,0.92584,0.00220,-0.65639,-0.69612,0.00142,
230,87.16917,-2.66945,9.81840,0.00054,-0.37789,0.92585,0.00218,-0.65710,-0.69509,0.00110,
230,87.12785,-2.70592,9.81867,0.00055,-0.37789,0.92585,0.00216,-0.65868,-0.69487,0.00115,
230,87.09009,-2.73987,9.81970,0.00055,-0.37788,0.92585,0.00215,-0.65932,-0.69435,0.00146,
230,87.05661,-2.77183,9.81951,0.00056,-0.37787,0.92585,0.00215,-0.65894,-0.69358,0.00115,
230,87.01673,-2.80903,9.82246,0.00058,-0.37787,0.92586,0.00215,-0.66031,-0.69484,0.00203,
230,86.98101,-2.84426,9.82219,0.00058,-0.37786,0.92586,0.00215,-0.66061,-0.69534,0.00175,
230,86.94667,-2.87850,9.82111,0.00059,-0.37784,0.92587,0.00215,-0.66046,-0.69530,0.00120,
230,86.90715,-2.91612,9.82085,0.00059,-0.37784,0.92587,0.00214,-0.66116,-0.69585,0.00092,
230,86.87255,-2.95007,9.82085,0.00060,-0.37782,0.92587,0.00214,-0.66105,-0.69575,0.00080,
230,86.84372,-2.98399,9.82083,0.00059,-0.37780,0.92588,0.00215,-0.65960,-0.69632,0.00074,
230,86.88967,-2.92405,9.82635,0.00058,-0.37781,0.92588,0.00214,-0.65288,-0.68355,0.00070,
230,86.86308,-2.96454,9.82354,0.00059,-0.37770,0.92593,0.00215,-0.65054,-0.68472,-0.00059,
230,86.82577,-3.00193,9.82334,0.00059,-0.37769,0.92593,0.00215,-0.65069,-0.68567,-0.00081,
231,86.78886,-3.03957,9.82291,0.00060,-0.37767,0.92594,0.00216,-0.65088,-0.68684,-0.00112,
231,86.75147,-3.07677,9.82292,0.00060,-0.37766,0.92594,0.00216,-0.65125,-0.68773,-0.00127,
231,86.71534,-3.11281,9.82296,0.00061,-0.37765,0.92595,0.00216,-0.65148,-0.68830,-0.00141,
231,86.68038,-3.14828,9.82254,0.00061,-0.37763,0.92595,0.00216,-0.65129,-0.68876,-0.00167,
231,86.64448,-3.18397,9.82274,0.00061,-0.37762,0.92596,0.00216,-0.65152,-0.68932,-0.00174,
231,86.60539,-3.22220,9.82250,0.00062,-0.37761,0.92596,0.00216,-0.65239,-0.69041,-0.00202,
231,86.56724,-3.26046,9.82189,0.00063,-0.37760,0.92597,0.00216,-0.65284,-0.69156,-0.00239,
231,86.53471,-3.29442,9.82247,0.00063,-0.37759,0.92597,0.00217,-0.65233,-0.69204,-0.00236,
231,86.50135,-3.32862,9.82260,0.00063,-0.37757,0.92598,0.00218,-0.65196,-0.69238,-0.00245,
231,86.46657,-3.36400,9.82172,0.00064,-0.37756,0.92598,0.00218,-0.65194,-0.69291,-0.00289,
231,86.43450,-3.39769,9.82099,0.00064,-0.37755,0.92599,0.00218,-0.65139,-0.69311,-0.00323,
231,86.39717,-3.43311,9.82182,0.00065,-0.37754,0.92599,0.00218,-0.65204,-0.69332,-0.00310,
231,86.35983,-3.46958,9.82273,0.00065,-0.37753,0.92599,0.00218,-0.65266,-0.69410,-0.00295,
231,86.32551,-3.50579,9.82288,0.00066,-0.37752,0.92600,0.00218,-0.65260,-0.69519,-0.00301,
231,86.29113,-3.54181,9.82460,0.00066,-0.37750,0.92601,0.00219,-0.65253,-0.69637,-0.00253,
231,86.30631,-3.51385,9.82996,0.00067,-0.37754,0.92599,0.00215,-0.65190,-0.68995,-0.00220,
231,86.26846,-3.55412,9.82891,0.00068,-0.37753,0.92600,0.00215,-0.65174,-0.69061,-0.00250,
231,86.22829,-3.59152,9.82902,0.00068,-0.37752,0.92600,0.00213,-0.65292,-0.69077,-0.00248,
231,86.19213,-3.62623,9.82936,0.00069,-0.37751,0.92600,0.00212,-0.65344,-0.69059,-0.00237,
232,86.15950,-3.65835,9.82889,0.00070,-0.37750,0.92601,0.00211,-0.65352,-0.69004,-0.00268,
232,86.12688,-3.69182,9.82865,0.00070,-0.37748,0.92601,0.00211,-0.65317,-0.69005,-0.00273,
232,86.09120,-3.72581,9.82864,0.00070,-0.37747,0.92602,0.00211,-0.65363,-0.68974,-0.00283,
232,86.05234,-3.76205,9.82842,0.00071,-0.37747,0.92602,0.00210,-0.65466,-0.68983,-0.00298,
232,86.01760,-3.79545,9.82889,0.00072,-0.37745,0.92603,0.00209,-0.65523,-0.68957,-0.00296,
232,85.98812,-3.82277,9.83041,0.00073,-0.37744,0.92603,0.00207,-0.65548,-0.68781,-0.00278,
232,85.96217,-3.84875,9.83312,0.00073,-0.37742,0.92604,0.00206,-0.65456,-0.68599,-0.00190,
232,85.93209,-3.87679,9.83579,0.00074,-0.37742,0.92604,0.00205,-0.65483,-0.68470,-0.00099,
232,85.90190,-3.90605,9.83947,0.00075,-0.37740,0.92605,0.00205,-0.65519,-0.68413,0.00027,
232,85.87219,-3.93420,9.84485,0.00076,-0.37740,0.92605,0.00205,-0.65560,-0.68357,0.00196,
232,85.83975,-3.96567,9.84948,0.00078,-0.37739,0.92605,0.00205,-0.65604,-0.68384,0.00334,
232,85.80252,-3.99961,9.85251,0.00079,-0.37738,0.92606,0.00205,-0.65703,-0.68376,0.00427,
232,85.76238,-4.03396,9.85498,0.00080,-0.37738,0.92606,0.00204,-0.65856,-0.68317,0.00501,
232,85.73864,-4.06212,9.85778,0.00080,-0.37736,0.92607,0.00205,-0.65683,-0.68300,0.00587,
232,85.72562,-4.08590,9.86160,0.00078,-0.37733,0.92608,0.00208,-0.65290,-0.68284,0.00721,
232,85.71395,-4.11015,9.86369,0.00076,-0.37730,0.92609,0.00211,-0.64828,-0.68271,0.00802,
232,85.68949,-4.13938,9.86335,0.00075,-0.37728,0.92610,0.00211,-0.64643,-0.68229,0.00788,
232,85.64682,-4.17667,9.86237,0.00077,-0.37728,0.92610,0.00210,-0.64830,-0.68252,0.00726,
232,85.60824,-4.21319,9.86281,0.00077,-0.37727,0.92610,0.00210,-0.64894,-0.68290,0.00727,
232,85.57345,-4.24499,9.86176,0.00078,-0.37727,0.92610,0.00209,-0.64970,-0.68257,0.00658,
232,85.54010,-4.27671,9.85989,0.00079,-0.37726,0.92611,0.00207,-0.65045,-0.68223,0.00554,
233,85.49616,-4.31717,9.85703,0.00080,-0.37725,0.92611,0.00207,-0.65249,-0.68353,0.00438,
233,85.45499,-4.35503,9.85388,0.00081,-0.37725,0.92611,0.00205,-0.65393,-0.68379,0.00324,
233,85.41851,-4.38896,9.85125,0.00081,-0.37723,0.92612,0.00204,-0.65454,-0.68332,0.00223,
233,85.38263,-4.42216,9.84891,0.00082,-0.37722,0.92612,0.00202,-0.65519,-0.68287,0.00117,
233,85.34853,-4.45627,9.84616,0.00082,-0.37721,0.92613,0.00202,-0.65500,-0.68274,0.00011,
233,85.31498,-4.49242,9.84448,0.00082,-0.37719,0.92613,0.00202,-0.65452,-0.68346,-0.00047,
233,85.27912,-4.52747,9.84311,0.00082,-0.37718,0.92614,0.00201,-0.65474,-0.68346,-0.00097,
233,85.24359,-4.56187,9.84194,0.00082,-0.37717,0.92614,0.00200,-0.65504,-0.68339,-0.00146,
233,85.31252,-4.49066,9.85271,0.00079,-0.37727,0.92610,0.00196,-0.64815,-0.66986,0.00184,
233,85.28387,-4.52819,9.85549,0.00079,-0.37724,0.92611,0.00199,-0.64597,-0.67166,0.00254,
233,85.24927,-4.56382,9.85588,0.00079,-0.37723,0.92612,0.00200,-0.64612,-0.67272,0.00249,
233,85.21547,-4.59897,9.85690,0.00080,-0.37722,0.92612,0.00201,-0.64627,-0.67385,0.00265,
233,85.18132,-4.63421,9.85772,0.00080,-0.37721,0.92613,0.00201,-0.64642,-0.67489,0.00275,
233,85.14498,-4.67161,9.85863,0.00081,-0.37719,0.92613,0.00203,-0.64711,-0.67674,0.00277,
233,85.10641,-4.70939,9.85923,0.00083,-0.37718,0.92614,0.00204,-0.64829,-0.67827,0.00270,
233,85.06898,-4.74532,9.86011,0.00084,-0.37717,0.92614,0.00203,-0.64914,-0.67882,0.00285,
233,85.03226,-4.78121,9.86101,0.00085,-0.37715,0.92615,0.00203,-0.65002,-0.67957,0.00293,
233,84.99792,-4.81515,9.86106,0.00086,-0.37714,0.92615,0.00203,-0.65045,-0.68000,0.00270,
233,84.96336,-4.84883,9.86155,0.00087,-0.37713,0.92616,0.00203,-0.65097,-0.68034,0.00263,
234,84.92901,-4.88235,9.86251,0.00087,-0.37712,0.92616,0.00203,-0.65149,-0.68065,0.00278,
234,84.89515,-4.91487,9.86364,0.00088,-0.37711,0.92616,0.00202,-0.65176,-0.68050,0.00301,
234,84.86250,-4.94564,9.86344,0.00088,-0.37711,0.92617,0.00201,-0.65177,-0.67962,0.00278,
234,84.82949,-4.97546,9.86396,0.00088,-0.37710,0.92617,0.00200,-0.65199,-0.67842,0.00280,
234,84.79758,-5.00460,9.86476,0.00088,-0.37709,0.92617,0.00199,-0.65191,-0.67705,0.00294,
234,84.76655,-5.03236,9.86632,0.00089,-0.37708,0.92618,0.00197,-0.65174,-0.67539,0.00328,
234,84.74341,-5.05390,9.86889,0.00088,-0.37707,0.92618,0.00196,-0.65008,-0.67273,0.00406,
234,84.71265,-5.08295,9.87050,0.00087,-0.37706,0.92619,0.00196,-0.64987,-0.67168,0.00452,
234,84.65951,-5.11168,9.87606,0.00090,-0.37717,0.92614,0.00185,-0.65727,-0.66768,0.00338,
234,84.62291,-5.14937,9.87514,0.00088,-0.37716,0.92615,0.00185,-0.65632,-0.66758,0.00336,
234,84.59097,-5.18175,9.87598,0.00087,-0.37714,0.92615,0.00186,-0.65520,-0.66696,0.00401,
234,84.55824,-5.21413,9.87606,0.00086,-0.37713,0.92616,0.00186,-0.65435,-0.66622,0.00412,
234,84.53324,-5.24245,9.87671,0.00085,-0.37711,0.92617,0.00186,-0.65267,-0.66566,0.00446,
234,84.50870,-5.27065,9.87691,0.00084,-0.37709,0.92617,0.00187,-0.65079,-0.66503,0.00467,
234,84.47406,-5.30417,9.87780,0.00085,-0.37708,0.92618,0.00188,-0.65137,-0.66539,0.00483,
234,84.44018,-5.33812,9.88022,0.00085,-0.37707,0.92618,0.00189,-0.65180,-0.66620,0.00562,
234,84.40882,-5.37011,9.88111,0.00085,-0.37706,0.92619,0.00189,-0.65123,-0.66599,0.00582,
234,84.37815,-5.40033,9.88152,0.00085,-0.37704,0.92619,0.00188,-0.65075,-0.66513,0.00581,
234,84.34486,-5.43225,9.88215,0.00085,-0.37703,0.92620,0.00188,-0.65072,-0.66466,0.00589,
234,84.31192,-5.46518,9.88201,0.00085,-0.37702,0.92620,0.00188,-0.65044,-0.66456,0.00573,
234,84.28037,-5.49596,9.88100,0.00085,-0.37700,0.92621,0.00187,-0.65038,-0.66393,0.00507,
235,84.24675,-5.52716,9.88014,0.00086,-0.37700,0.92621,0.00186,-0.65099,-0.66342,0.00419,
235,84.21236,-5.55863,9.88060,0.00087,-0.37699,0.92621,0.00185,-0.65181,-0.66306,0.00379,
235,84.17832,-5.59033,9.88191,0.00088,-0.37699,0.92622,0.00185,-0.65264,-0.66307,0.00381,
235,84.14266,-5.62329,9.88345,0.00090,-0.37699,0.92622,0.00185,-0.65380,-0.66368,0.00359,
235,84.10160,-5.65921,9.88326,0.00092,-0.37699,0.92621,0.00184,-0.65600,-0.66460,0.00287,
235,84.06048,-5.69704,9.88236,0.00094,-0.37699,0.92622,0.00184,-0.65792,-0.66612,0.00221,
235,84.02523,-5.73300,9.88453,0.00096,-0.37698,0.92622,0.00186,-0.65868,-0.66815,0.00245,
235,83.98639,-5.77038,9.88558,0.00098,-0.37697,0.92622,0.00187,-0.66022,-0.67017,0.00212,
235,83.86764,-5.86285,9.87508,0.00090,-0.37710,0.92617,0.00181,-0.66825,-0.67432,-0.00005,
235,83.84356,-5.89475,9.87339,0.00088,-0.37707,0.92618,0.00184,-0.66499,-0.67514,-0.00033,
235,83.81038,-5.92882,9.87760,0.00088,-0.37706,0.92619,0.00186,-0.66459,-0.67605,0.00107,
235,83.77515,-5.96280,9.88036,0.00089,-0.37706,0.92619,0.00187,-0.66493,-0.67673,0.00180,
235,83.73750,-5.99811,9.88024,0.00091,-0.37706,0.92619,0.00187,-0.66615,-0.67738,0.00133,
235,83.70168,-6.03344,9.88172,0.00092,-0.37705,0.92619,0.00188,-0.66692,-0.67854,0.00163,
235,83.66401,-6.06866,9.88185,0.00092,-0.37704,0.92619,0.00187,-0.66786,-0.67899,0.00154,
235,83.62618,-6.10464,9.88159,0.00093,-0.37703,0.92620,0.00187,-0.66871,-0.67967,0.00139,
235,83.59081,-6.13914,9.88091,0.00093,-0.37702,0.92620,0.00187,-0.66916,-0.68008,0.00105,
235,83.55688,-6.17135,9.87993,0.00093,-0.37702,0.92620,0.00187,-0.66943,-0.67968,0.00050,
235,83.52214,-6.20247,9.87891,0.00093,-0.37702,0.92620,0.00185,-0.66993,-0.67862,-0.00017,
236,83.48883,-6.23366,9.87859,0.00093,-0.37702,0.92620,0.00185,-0.67014,-0.67793,-0.00051,
236,83.45963,-6.26288,9.87831,0.00093,-0.37701,0.92621,0.00184,-0.66957,-0.67709,-0.00084,
236,83.43324,-6.29324,9.87952,0.00092,-0.37700,0.92621,0.00186,-0.66757,-0.67687,-0.00028,
236,83.40249,-6.32400,9.88055,0.00092,-0.37699,0.92621,0.00186,-0.66671,-0.67621,0.00022,
236,83.37294,-6.35341,9.88070,0.00091,-0.37699,0.92622,0.00186,-0.66561,-0.67509,0.00030,
236,83.34455,-6.38240,9.88058,0.00090,-0.37699,0.92622,0.00186,-0.66436,-0.67400,0.00029,
236,83.31559,-6.41227,9.88081,0.00090,-0.37699,0.92622,0.00186,-0.66332,-0.67336,0.00031,
236,83.28408,-6.44362,9.88179,0.00089,-0.37699,0.92622,0.00187,-0.66296,-0.67323,0.00053,
236,83.24997,-6.47691,9.88278,0.00090,-0.37699,0.92621,0.00188,-0.66334,-0.67368,0.00067,
236,83.21573,-6.51024,9.88303,0.00091,-0.37699,0.92621,0.00188,-0.66363,-0.67395,0.00056,
236,83.18069,-6.54425,9.88380,0.00091,-0.37700,0.92621,0.00188,-0.66419,-0.67453,0.00069,
236,83.14629,-6.57763,9.88366,0.00092,-0.37700,0.92621,0.00188,-0.66452,-0.67476,0.00049,
236,83.11383,-6.60952,9.88254,0.00092,-0.37700,0.92621,0.00188,-0.66403,-0.67434,0.00004,
236,83.07996,-6.64430,9.88130,0.00092,-0.37700,0.92621,0.00189,-0.66393,-0.67501,-0.00045,
236,83.06433,-6.64718,9.87758,0.00089,-0.37710,0.92617,0.00182,-0.66417,-0.66793,-0.00328,
236,83.03120,-6.68240,9.87733,0.00089,-0.37709,0.92617,0.00183,-0.66360,-0.66875,-0.00342,
236,82.99716,-6.71542,9.87698,0.00089,-0.37709,0.92617,0.00183,-0.66348,-0.66853,-0.00354,
236,82.96443,-6.74820,9.87714,0.00089,-0.37709,0.92618,0.00183,-0.66298,-0.66841,-0.00343,
236,82.93158,-6.78082,9.87719,0.00089,-0.37708,0.92618,0.00183,-0.66272,-0.66837,-0.00337,
236,82.89763,-6.81368,9.87746,0.00089,-0.37709,0.92618,0.00183,-0.66299,-0.66846,-0.00334,
236,82.86479,-6.84583,9.87780,0.00090,-0.37709,0.92618,0.00183,-0.66285,-0.66833,-0.00321,
237,82.83325,-6.87719,9.87739,0.00089,-0.37709,0.92618,0.00183,-0.66223,-0.66782,-0.00340,
237,82.80131,-6.90871,9.87689,0.00089,-0.37708,0.92618,0.00183,-0.66179,-0.66740,-0.00361,
237,82.76739,-6.94083,9.87667,0.00090,-0.37709,0.92618,0.00182,-0.66224,-0.66733,-0.00377,
237,82.73207,-6.97340,9.87633,0.00091,-0.37709,0.92617,0.00182,-0.66308,-0.66731,-0.00403,
237,82.69841,-7.00537,9.87619,0.00092,-0.37709,0.92617,0.00181,-0.66317,-0.66700,-0.00416,
237,82.66557,-7.03668,9.87606,0.00092,-0.37709,0.92618,0.00181,-0.66313,-0.66656,-0.00422,
237,82.63113,-7.06932,9.87558,0.00092,-0.37709,0.92618,0.00181,-0.66342,-0.66645,-0.00446,
237,82.59745,-7.10158,9.87668,0.00093,-0.37709,0.92618,0.00181,-0.66356,-0.66634,-0.00415,
237,82.56361,-7.13181,9.87627,0.00094,-0.37709,0.92618,0.00180,-0.66417,-0.66551,-0.00441,
237,82.52771,-7.16422,9.87515,0.00094,-0.37709,0.92617,0.00179,-0.66499,-0.66546,-0.00486,
237,82.49174,-7.19775,9.87539,0.00095,-0.37710,0.92617,0.00179,-0.66607,-0.66613,-0.00487,
237,82.45662,-7.23069,9.87557,0.00096,-0.37710,0.92617,0.00179,-0.66689,-0.66659,-0.00495,
237,82.42266,-7.26341,9.87592,0.00096,-0.37710,0.92617,0.00180,-0.66696,-0.66680,-0.00489,
237,82.39039,-7.29528,9.87644,0.00097,-0.37710,0.92617,0.00180,-0.66660,-0.66681,-0.00473,
237,82.35793,-7.32847,9.87823,0.00097,-0.37710,0.92617,0.00181,-0.66630,-0.66738,-0.00414,
237,82.32272,-7.35915,9.86000,0.00086,-0.37714,0.92615,0.00173,-0.66400,-0.66246,-0.01040,
237,82.29432,-7.38904,9.85623,0.00086,-0.37714,0.92616,0.00172,-0.66355,-0.66224,-0.01182,
237,82.25883,-7.42292,9.85592,0.00087,-0.37714,0.92616,0.00172,-0.66436,-0.66281,-0.01204,
237,82.22334,-7.45793,9.85583,0.00089,-0.37714,0.92616,0.00172,-0.66535,-0.66393,-0.01205,
238,82.18612,-7.49388,9.85577,0.00090,-0.37714,0.92616,0.00172,-0.66646,-0.66505,-0.01207,
238,82.15076,-7.52774,9.85526,0.00090,-0.37713,0.92616,0.00172,-0.66688,-0.66548,-0.01225,
238,82.11708,-7.56001,9.85458,0.00090,-0.37713,0.92616,0.00172,-0.66694,-0.66539,-0.01259,
238,82.08244,-7.59424,9.85509,0.00090,-0.37712,0.92616,0.00172,-0.66700,-0.66576,-0.01247,
238,82.04902,-7.62723,9.85575,0.00090,-0.37711,0.92617,0.00172,-0.66694,-0.66582,-0.01201,
238,82.01377,-7.66169,9.85638,0.00090,-0.37709,0.92617,0.00173,-0.66740,-0.66636,-0.01152,
238,81.98051,-7.69557,9.85662,0.00090,-0.37708,0.92618,0.00174,-0.66682,-0.66666,-0.01103,
238,81.95177,-7.72640,9.85798,0.00089,-0.37705,0.92619,0.00175,-0.66499,-0.66593,-0.01012,
238,81.92229,-7.75774,9.86197,0.00089,-0.37703,0.92620,0.00176,-0.66391,-0.66566,-0.00841,
238,81.89050,-7.79047,9.86735,0.00089,-0.37701,0.92621,0.00178,-0.66350,-0.66600,-0.00612,
238,81.85951,-7.82354,9.87317,0.00089,-0.37699,0.92621,0.00180,-0.66276,-0.66668,-0.00374,
238,81.82925,-7.85568,9.87842,0.00090,-0.37697,0.92622,0.00181,-0.66209,-0.66706,-0.00180,
238,81.79713,-7.88853,9.88368,0.00091,-0.37695,0.92623,0.00183,-0.66191,-0.66774,0.00011,
238,81.76478,-7.92134,9.88728,0.00091,-0.37694,0.92624,0.00185,-0.66178,-0.66848,0.00134,
238,81.73603,-7.95098,9.88979,0.00090,-0.37692,0.92624,0.00186,-0.66072,-0.66809,0.00200,
238,81.70630,-7.98303,9.89522,0.00091,-0.37690,0.92625,0.00189,-0.66005,-0.66887,0.00361,
238,81.67412,-8.01574,9.89987,0.00092,-0.37689,0.92625,0.00190,-0.65994,-0.66954,0.00493,
238,81.64319,-8.04850,9.90471,0.00092,-0.37688,0.92626,0.00192,-0.65908,-0.67010,0.00621,
238,81.60649,-8.08597,9.90948,0.00093,-0.37686,0.92627,0.00195,-0.65957,-0.67230,0.00762,
238,81.57118,-8.11830,9.91395,0.00094,-0.37686,0.92627,0.00196,-0.66056,-0.67275,0.00878,
238,81.53638,-8.14947,9.91434,0.00095,-0.37686,0.92627,0.00195,-0.66151,-0.67252,0.00864,
239,81.50215,-8.18123,9.91287,0.00095,-0.37686,0.92627,0.00194,-0.66202,-0.67218,0.00804,
239,81.46681,-8.21436,9.90850,0.00095,-0.37685,0.92627,0.00193,-0.66269,-0.67199,0.00658,
239,81.42966,-8.24687,9.90612,0.00095,-0.37686,0.92627,0.00191,-0.66357,-0.67137,0.00574,
239,81.39653,-8.27632,9.90712,0.00095,-0.37686,0.92627,0.00191,-0.66366,-0.67042,0.00591,
239,81.36401,-8.30853,9.91056,0.00096,-0.37685,0.92627,0.00192,-0.66350,-0.67075,0.00679,
239,81.33074,-8.34180,9.91247,0.00096,-0.37684,0.92627,0.00193,-0.66336,-0.67118,0.00723,
239,81.29819,-8.37521,9.91230,0.00096,-0.37684,0.92628,0.00194,-0.66321,-0.67165,0.00710,
239,81.27336,-8.39100,9.91785,0.00093,-0.37692,0.92624,0.00196,-0.66187,-0.66987,0.00978,
239,81.23010,-8.43507,9.91631,0.00095,-0.37692,0.92624,0.00196,-0.66338,-0.67194,0.00913,
239,81.19415,-8.46941,9.91563,0.00095,-0.37693,0.92624,0.00196,-0.66412,-0.67225,0.00873,
239,81.15855,-8.50387,9.91511,0.00096,-0.37693,0.92624,0.00195,-0.66467,-0.67276,0.00839,
239,81.12360,-8.53724,9.91505,0.00097,-0.37693,0.92624,0.00195,-0.66520,-0.67305,0.00820,
239,81.08717,-8.57179,9.91516,0.00098,-0.37694,0.92624,0.00195,-0.66636,-0.67388,0.00803,
239,81.05193,-8.60575,9.91462,0.00099,-0.37694,0.92624,0.00194,-0.66717,-0.67439,0.00769,
239,81.01947,-8.63690,9.91413,0.00099,-0.37694,0.92623,0.00194,-0.66682,-0.67386,0.00741,
239,80.98517,-8.66848,9.91321,0.00099,-0.37695,0.92623,0.00193,-0.66700,-0.67325,0.00699,
239,80.94930,-8.70055,9.91315,0.00100,-0.37696,0.92623,0.00192,-0.66823,-0.67317,0.00674,
239,80.91229,-8.73397,9.91302,0.00101,-0.37697,0.92622,0.00192,-0.66934,-0.67352,0.00654,
239,80.87722,-8.76662,9.91129,0.00101,-0.37697,0.92622,0.00192,-0.66954,-0.67331,0.00594,
240,80.83960,-8.80008,9.91003,0.00101,-0.37698,0.92622,0.00191,-0.67002,-0.67281,0.00532,
240,80.80107,-8.83328,9.90828,0.00101,-0.37698,0.92622,0.00189,-0.67069,-0.67201,0.00454,
240,80.76462,-8.86641,9.90820,0.00102,-0.37698,0.92622,0.00188,-0.67178,-0.67212,0.00438,
240,80.72902,-8.89982,9.90869,0.00103,-0.37698,0.92622,0.00188,-0.67252,-0.67254,0.00441,
240,80.69902,-8.92978,9.90993,0.00102,-0.37698,0.92622,0.00188,-0.67181,-0.67201,0.00468,
240,80.66976,-8.95865,9.91103,0.00101,-0.37697,0.92622,0.00189,-0.67072,-0.67115,0.00494,
240,80.63936,-8.98981,9.91182,0.00100,-0.37697,0.92622,0.00190,-0.66962,-0.67105,0.00506,
240,80.60779,-9.02197,9.91317,0.00101,-0.37697,0.92622,0.00191,-0.66927,-0.67143,0.00534,
240,80.57700,-9.05449,9.91423,0.00100,-0.37696,0.92623,0.00192,-0.66828,-0.67168,0.00561,
240,80.55088,-9.08505,9.91568,0.00098,-0.37695,0.92623,0.00193,-0.66512,-0.67108,0.00601,
240,80.51920,-9.11679,9.91827,0.00098,-0.37695,0.92623,0.00195,-0.66447,-0.67115,0.00667,
240,80.48824,-9.14988,9.92258,0.00099,-0.37695,0.92623,0.00197,-0.66380,-0.67209,0.00785,
240,80.45678,-9.18266,9.92616,0.00099,-0.37694,0.92623,0.00199,-0.66318,-0.67284,0.00873,
240,80.42368,-9.21563,9.92883,0.00100,-0.37694,0.92624,0.00200,-0.66318,-0.67344,0.00929,
240,80.39088,-9.24853,9.93113,0.00101,-0.37693,0.92624,0.00201,-0.66328,-0.67399,0.00976,
240,80.35688,-9.28192,9.93176,0.00101,-0.37692,0.92624,0.00201,-0.66335,-0.67434,0.00972,
240,80.32801,-9.29805,9.92440,0.00098,-0.37704,0.92620,0.00200,-0.66300,-0.67145,0.00564,
240,80.29003,-9.33804,9.92565,0.00099,-0.37701,0.92620,0.00200,-0.66348,-0.67274,0.00568,
240,80.25829,-9.36948,9.92709,0.00099,-0.37700,0.92621,0.00200,-0.66295,-0.67238,0.00613,
240,80.22817,-9.39909,9.92989,0.00099,-0.37699,0.92622,0.00201,-0.66225,-0.67178,0.00688,
240,80.19959,-9.42933,9.92983,0.00099,-0.37697,0.92622,0.00201,-0.66129,-0.67154,0.00679,
241,80.16997,-9.46018,9.92849,0.00100,-0.37696,0.92623,0.00201,-0.66081,-0.67137,0.00635,
241,80.13691,-9.49385,9.93183,0.00101,-0.37693,0.92624,0.00201,-0.66083,-0.67250,0.00731,
241,80.10334,-9.52732,9.93354,0.00103,-0.37688,0.92626,0.00200,-0.66090,-0.67332,0.00759,
241,80.06973,-9.56011,9.93365,0.00105,-0.37680,0.92629,0.00197,-0.66127,-0.67332,0.00747,
241,80.03685,-9.59310,9.93390,0.00106,-0.37669,0.92634,0.00194,-0.66124,-0.67350,0.00735,
241,80.00407,-9.62645,9.93335,0.00107,-0.37655,0.92640,0.00191,-0.66116,-0.67368,0.00699,
241,79.96978,-9.65936,9.93328,0.00108,-0.37636,0.92647,0.00188,-0.66148,-0.67373,0.00672,
241,79.93478,-9.69246,9.93376,0.00110,-0.37614,0.92656,0.00185,-0.66227,-0.67384,0.00658,
241,79.89845,-9.72479,9.93290,0.00111,-0.37589,0.92666,0.00181,-0.66343,-0.67329,0.00613,
241,79.86425,-9.75653,9.93210,0.00112,-0.37562,0.92677,0.00178,-0.66374,-0.67278,0.00568,
241,79.82840,-9.79040,9.93293,0.00114,-0.37533,0.92689,0.00175,-0.66481,-0.67306,0.00583,
241,79.79170,-9.82345,9.93198,0.00116,-0.37502,0.92701,0.00172,-0.66604,-0.67260,0.00559,
241,79.75311,-9.85991,9.93074,0.00117,-0.37473,0.92713,0.00170,-0.66705,-0.67350,0.00513,
241,79.71911,-9.89227,9.93266,0.00119,-0.37442,0.92726,0.00168,-0.66764,-0.67345,0.00573,
241,79.68513,-9.92438,9.93516,0.00121,-0.37412,0.92738,0.00167,-0.66817,-0.67356,0.00651,
241,79.65374,-9.95644,9.93557,0.00121,-0.37382,0.92750,0.00166,-0.66743,-0.67335,0.00650,
241,79.62429,-9.98897,9.93695,0.00121,-0.37351,0.92763,0.00164,-0.66650,-0.67291,0.00698,
241,79.59124,-10.02163,9.93786,0.00122,-0.37323,0.92774,0.00162,-0.66695,-0.67289,0.00717,
241,79.55581,-10.05515,9.93722,0.00124,-0.37296,0.92785,0.00159,-0.66847,-0.67297,0.00668,
242,79.52365,-10.08755,9.93535,0.00124,-0.37270,0.92795,0.00157,-0.66843,-0.67258,0.00591,
242,79.49325,-10.11848,9.93401,0.00123,-0.37247,0.92804,0.00156,-0.66770,-0.67182,0.00538,
242,79.46071,-10.14917,9.93437,0.00124,-0.37225,0.92813,0.00154,-0.66790,-0.67119,0.00537,
242,79.42637,-10.18163,9.93510,0.00125,-0.37203,0.92822,0.00153,-0.66866,-0.67104,0.00548,
242,79.39252,-10.21456,9.93462,0.00125,-0.37182,0.92830,0.00152,-0.66929,-0.67098,0.00520,
242,79.35884,-10.24577,9.93752,0.00126,-0.37161,0.92839,0.00152,-0.66972,-0.67062,0.00592,
242,79.32808,-10.27619,9.94123,0.00127,-0.37140,0.92847,0.00153,-0.66993,-0.67056,0.00680,
242,79.30190,-10.30229,9.93995,0.00128,-0.37119,0.92855,0.00151,-0.66952,-0.66874,0.00645,
242,79.27605,-10.33119,9.93971,0.00127,-0.37100,0.92863,0.00151,-0.66836,-0.66815,0.00628,
242,79.25144,-10.36098,9.93885,0.00126,-0.37080,0.92871,0.00151,-0.66663,-0.66785,0.00590,
242,79.21658,-10.39475,9.93926,0.00127,-0.37061,0.92879,0.00152,-0.66747,-0.66817,0.00583,
242,79.19895,-10.41195,9.93190,0.00119,-0.37056,0.92881,0.00154,-0.66404,-0.66476,0.00497,
242,79.16262,-10.44798,9.93342,0.00119,-0.37035,0.92889,0.00154,-0.66473,-0.66519,0.00526,
242,79.12694,-10.48156,9.93401,0.00119,-0.37016,0.92896,0.00154,-0.66560,-0.66517,0.00530,
242,79.09170,-10.51470,9.93440,0.00120,-0.36998,0.92904,0.00154,-0.66651,-0.66513,0.00524,
242,79.05825,-10.54744,9.93478,0.00120,-0.36979,0.92911,0.00154,-0.66675,-0.66510,0.00521,
242,79.02538,-10.57980,9.93550,0.00120,-0.36960,0.92919,0.00155,-0.66684,-0.66504,0.00528,
242,78.99362,-10.61181,9.93597,0.00120,-0.36941,0.92926,0.00156,-0.66648,-0.66478,0.00533,
242,78.96462,-10.64240,9.93437,0.00118,-0.36922,0.92934,0.00156,-0.66530,-0.66391,0.00486,
242,78.93442,-10.67404,9.93344,0.00118,-0.36904,0.92941,0.00156,-0.66481,-0.66363,0.00454,
242,78.90286,-10.70539,9.93463,0.00118,-0.36885,0.92949,0.00156,-0.66467,-0.66328,0.00477,
243,78.87161,-10.73644,9.93527,0.00117,-0.36867,0.92956,0.00156,-0.66389,-0.66230,0.00493,
243,78.83660,-10.76908,9.93563,0.00117,-0.36849,0.92963,0.00156,-0.66456,-0.66199,0.00492,
243,78.80080,-10.80171,9.93564,0.00117,-0.36832,0.92970,0.00157,-0.66529,-0.66165,0.00478,
243,78.76650,-10.83391,9.93587,0.00117,-0.36816,0.92976,0.00157,-0.66543,-0.66116,0.00474,
243,78.73406,-10.86548,9.93619,0.00116,-0.36799,0.92983,0.00158,-0.66520,-0.66075,0.00474,
243,78.70296,-10.89648,9.93657,0.00115,-0.36783,0.92989,0.00159,-0.66473,-0.66038,0.00476,
243,78.67098,-10.92730,9.93738,0.00115,-0.36768,0.92995,0.00159,-0.66490,-0.66015,0.00488,
243,78.63633,-10.95874,9.93824,0.00116,-0.36752,0.93001,0.00160,-0.66585,-0.65992,0.00498,
243,78.60077,-10.99114,9.93805,0.00116,-0.36738,0.93007,0.00160,-0.66684,-0.65968,0.00477,
243,78.56885,-11.02292,9.93682,0.00116,-0.36723,0.93013,0.00161,-0.66645,-0.65937,0.00432,
243,78.53886,-11.05297,9.93699,0.00115,-0.36709,0.93018,0.00162,-0.66570,-0.65885,0.00433,
243,78.50643,-11.08388,9.93757,0.00115,-0.36696,0.93024,0.00162,-0.66603,-0.65867,0.00436,
243,78.47153,-11.11581,9.93778,0.00116,-0.36683,0.93029,0.00162,-0.66696,-0.65859,0.00429,
243,78.43793,-11.14703,9.93749,0.00116,-0.36670,0.93034,0.00163,-0.66739,-0.65822,0.00409,
243,78.40275,-11.17873,9.93768,0.00117,-0.36657,0.93039,0.00163,-0.66834,-0.65803,0.00399,
243,78.36588,-11.21161,9.93866,0.00118,-0.36645,0.93044,0.00164,-0.66987,-0.65827,0.00413,
243,78.33131,-11.24283,9.93954,0.00118,-0.36633,0.93048,0.00164,-0.67098,-0.65826,0.00430,
243,78.29958,-11.27282,9.93959,0.00118,-0.36622,0.93053,0.00165,-0.67090,-0.65787,0.00426,
243,78.26577,-11.30459,9.93913,0.00118,-0.36611,0.93057,0.00165,-0.67135,-0.65779,0.00404,
244,78.22953,-11.33752,9.93892,0.00119,-0.36599,0.93062,0.00165,-0.67259,-0.65788,0.00386,
244,78.19653,-11.36895,9.93887,0.00118,-0.36587,0.93066,0.00166,-0.67253,-0.65755,0.00376,
244,78.16301,-11.39899,9.93961,0.00118,-0.36576,0.93071,0.00167,-0.67282,-0.65699,0.00387,
244,78.09312,-11.45760,9.92416,0.00109,-0.36578,0.93070,0.00161,-0.67482,-0.65409,0.00095,
244,78.05627,-11.49186,9.92444,0.00110,-0.36568,0.93074,0.00162,-0.67534,-0.65438,0.00106,
244,78.02128,-11.52421,9.92462,0.00110,-0.36557,0.93078,0.00163,-0.67559,-0.65420,0.00108,
244,77.97980,-11.55885,9.92602,0.00110,-0.36548,0.93082,0.00163,-0.67645,-0.65369,0.00125,
244,77.93819,-11.59270,9.92654,0.00110,-0.36539,0.93085,0.00163,-0.67740,-0.65293,0.00112,
244,77.90629,-11.62268,9.92675,0.00109,-0.36530,0.93089,0.00163,-0.67706,-0.65227,0.00107,
244,77.87643,-11.65182,9.92687,0.00108,-0.36520,0.93093,0.00164,-0.67591,-0.65137,0.00097,
244,77.84495,-11.68231,9.92793,0.00108,-0.36511,0.93096,0.00165,-0.67526,-0.65101,0.00139,
244,77.81261,-11.71337,9.92900,0.00108,-0.36502,0.93100,0.00166,-0.67483,-0.65078,0.00182,
244,77.77960,-11.74408,9.92908,0.00107,-0.36493,0.93103,0.00167,-0.67463,-0.65034,0.00173,
244,77.74577,-11.77469,9.92973,0.00108,-0.36485,0.93106,0.00167,-0.67528,-0.65021,0.00181,
244,77.71108,-11.80627,9.93025,0.00108,-0.36477,0.93110,0.00168,-0.67603,-0.65033,0.00187,
244,77.67809,-11.83736,9.92986,0.00107,-0.36469,0.93113,0.00169,-0.67532,-0.64974,0.00166,
244,77.64468,-11.86834,9.92950,0.00107,-0.36461,0.93116,0.00169,-0.67492,-0.64909,0.00146,
244,77.61042,-11.89990,9.92985,0.00106,-0.36453,0.93119,0.00170,-0.67518,-0.64905,0.00148,
244,77.57631,-11.93096,9.93052,0.00106,-0.36446,0.93122,0.00171,-0.67548,-0.64894,0.00164,
244,77.54456,-11.96059,9.93041,0.00105,-0.36438,0.93125,0.00171,-0.67491,-0.64831,0.00155,
244,77.51081,-11.99165,9.93017,0.00106,-0.36431,0.93127,0.00171,-0.67520,-0.64813,0.00138,
245,77.47499,-12.02387,9.93028,0.00106,-0.36425,0.93130,0.00172,-0.67596,-0.64820,0.00132,
245,77.44061,-12.05527,9.93052,0.00106,-0.36418,0.93133,0.00172,-0.67620,-0.64813,0.00137,
245,77.40611,-12.08836,9.93002,0.00106,-0.36411,0.93135,0.00173,-0.67674,-0.64852,0.00121,
245,77.37349,-12.11953,9.92826,0.00105,-0.36404,0.93138,0.00173,-0.67679,-0.64817,0.00067,
245,77.34121,-12.14923,9.92790,0.00105,-0.36398,0.93140,0.00173,-0.67657,-0.64769,0.00052,
245,77.30780,-12.17932,9.92831,0.00104,-0.36392,0.93143,0.00174,-0.67662,-0.64734,0.00060,
245,77.27490,-12.20946,9.92811,0.00104,-0.36386,0.93145,0.00174,-0.67645,-0.64688,0.00050,
245,77.24093,-12.23986,9.92791,0.00104,-0.36380,0.93147,0.00174,-0.67663,-0.64645,0.00038,
245,77.20542,-12.27108,9.92727,0.00104,-0.36375,0.93150,0.00174,-0.67734,-0.64625,0.00016,
245,77.17265,-12.30043,9.92682,0.00104,-0.36369,0.93152,0.00174,-0.67763,-0.64554,0.00002,
245,77.14077,-12.32935,9.92681,0.00103,-0.36364,0.93154,0.00174,-0.67712,-0.64478,0.00002,
245,77.10963,-12.35735,9.92661,0.00103,-0.36359,0.93156,0.00174,-0.67639,-0.64378,-0.00005,
245,77.07804,-12.38584,9.92686,0.00102,-0.36353,0.93158,0.00174,-0.67616,-0.64305,-0.00003,
245,77.04837,-12.41435,9.92588,0.00102,-0.36348,0.93160,0.00175,-0.67619,-0.64271,-0.00024,
245,77.01616,-12.44405,9.92452,0.00103,-0.36342,0.93162,0.00175,-0.67684,-0.64276,-0.00058,
245,76.98165,-12.47481,9.92427,0.00104,-0.36337,0.93164,0.00176,-0.67732,-0.64279,-0.00082,
245,76.95282,-12.50220,9.92368,0.00102,-0.36333,0.93166,0.00176,-0.67585,-0.64180,-0.00106,
245,76.92080,-12.53180,9.92393,0.00102,-0.36328,0.93168,0.00177,-0.67552,-0.64155,-0.00107,
245,76.88606,-12.56644,9.92342,0.00102,-0.36323,0.93170,0.00178,-0.67553,-0.64257,-0.00134,
246,76.85235,-12.60077,9.92246,0.00102,-0.36318,0.93172,0.00180,-0.67511,-0.64344,-0.00168,
246,76.81996,-12.63115,9.92300,0.00102,-0.36314,0.93173,0.00180,-0.67494,-0.64337,-0.00154,
246,76.78727,-12.66171,9.92454,0.00101,-0.36310,0.93175,0.00181,-0.67465,-0.64334,-0.00112,
246,76.75237,-12.69316,9.92551,0.00101,-0.36306,0.93176,0.00181,-0.67499,-0.64348,-0.00089,
246,76.70754,-12.73540,9.92630,0.00103,-0.36303,0.93178,0.00183,-0.67730,-0.64625,-0.00090,
246,76.66700,-12.77510,9.92699,0.00105,-0.36300,0.93179,0.00184,-0.67823,-0.64825,-0.00098,
246,76.63320,-12.80615,9.92795,0.00105,-0.36296,0.93180,0.00185,-0.67852,-0.64848,-0.00081,
246,76.59864,-12.83683,9.92829,0.00105,-0.36293,0.93181,0.00185,-0.67876,-0.64836,-0.00077,
246,76.56587,-12.86594,9.92849,0.00104,-0.36289,0.93183,0.00185,-0.67834,-0.64774,-0.00073,
246,76.53168,-12.89673,9.92935,0.00104,-0.36286,0.93184,0.00186,-0.67857,-0.64791,-0.00058,
246,76.49608,-12.92955,9.92990,0.00105,-0.36283,0.93185,0.00187,-0.67938,-0.64862,-0.00051,
246,76.45869,-12.96291,9.93047,0.00106,-0.36280,0.93186,0.00187,-0.68040,-0.64926,-0.00045,
246,76.42065,-12.99725,9.93119,0.00106,-0.36277,0.93188,0.00188,-0.68152,-0.65020,-0.00036,
246,76.37235,-13.02042,9.92660,0.00105,-0.36297,0.93180,0.00185,-0.68559,-0.64888,0.00043,
246,76.33401,-13.05892,9.92569,0.00105,-0.36292,0.93182,0.00185,-0.68567,-0.64987,0.00011,
246,76.29818,-13.09224,9.92571,0.00105,-0.36289,0.93183,0.00186,-0.68615,-0.65052,0.00004,
246,76.26304,-13.12478,9.92523,0.00106,-0.36287,0.93184,0.00186,-0.68677,-0.65095,-0.00019,
246,76.22871,-13.15691,9.92492,0.00106,-0.36284,0.93185,0.00186,-0.68667,-0.65115,-0.00035,
246,76.19336,-13.18910,9.92508,0.00106,-0.36282,0.93186,0.00186,-0.68683,-0.65146,-0.00034,
246,76.15488,-13.22254,9.92485,0.00108,-0.36281,0.93186,0.00187,-0.68828,-0.65216,-0.00049,
246,76.11534,-13.25614,9.92376,0.00108,-0.36279,0.93187,0.00187,-0.68955,-0.65254,-0.00090,
247,76.08066,-13.28847,9.92368,0.00109,-0.36276,0.93188,0.00186,-0.68972,-0.65280,-0.00103,
247,76.04711,-13.32096,9.92558,0.00110,-0.36274,0.93189,0.00187,-0.69003,-0.65346,-0.00064,
247,76.01025,-13.35516,9.92619,0.00110,-0.36271,0.93190,0.00187,-0.69059,-0.65429,-0.00055,
247,75.97395,-13.38901,9.92615,0.00111,-0.36269,0.93191,0.00188,-0.69082,-0.65494,-0.00066,
247,75.93755,-13.42240,9.92711,0.00111,-0.36266,0.93192,0.00189,-0.69119,-0.65554,-0.00049,
247,75.90099,-13.45514,9.92836,0.00111,-0.36264,0.93193,0.00189,-0.69196,-0.65611,-0.00024,
247,75.86411,-13.48874,9.92832,0.00113,-0.36263,0.93193,0.00189,-0.69306,-0.65691,-0.00031,
247,75.82728,-13.52251,9.92816,0.00114,-0.36262,0.93193,0.00190,-0.69398,-0.65779,-0.00051,
247,75.79275,-13.55390,9.92841,0.00114,-0.36260,0.93194,0.00190,-0.69411,-0.65784,-0.00050,
247,75.75682,-13.58674,9.92887,0.00114,-0.36258,0.93195,0.00190,-0.69464,-0.65822,-0.00042,
247,75.72284,-13.61819,9.92980,0.00114,-0.36257,0.93195,0.00191,-0.69442,-0.65841,-0.00025,
247,75.68957,-13.64849,9.93084,0.00113,-0.36255,0.93196,0.00193,-0.69392,-0.65825,-0.00005,
247,75.65767,-13.67702,9.93079,0.00113,-0.36254,0.93197,0.00193,-0.69329,-0.65747,-0.00012,
247,75.62438,-13.70755,9.93038,0.00113,-0.36252,0.93197,0.00193,-0.69315,-0.65736,-0.00029,
247,75.58728,-13.74132,9.93060,0.00114,-0.36251,0.93198,0.00193,-0.69397,-0.65804,-0.00033,
247,75.55134,-13.77392,9.93041,0.00115,-0.36250,0.93198,0.00193,-0.69465,-0.65847,-0.00042,
247,75.51891,-13.80845,9.93099,0.00115,-0.36243,0.93201,0.00193,-0.69491,-0.65906,-0.00032,
247,75.48617,-13.83905,9.93233,0.00114,-0.36242,0.93201,0.00194,-0.69460,-0.65921,-0.00001,
247,75.45231,-13.86923,9.93271,0.00114,-0.36241,0.93202,0.00194,-0.69474,-0.65907,0.00001,
248,75.41816,-13.89941,9.93228,0.00114,-0.36240,0.93202,0.00193,-0.69480,-0.65873,-0.00015,
248,75.38512,-13.92963,9.93192,0.00114,-0.36238,0.93203,0.00193,-0.69453,-0.65853,-0.00029,
248,75.35272,-13.95938,9.93116,0.00114,-0.36237,0.93203,0.00193,-0.69414,-0.65819,-0.00052,
248,75.32412,-13.98801,9.93253,0.00114,-0.36235,0.93204,0.00193,-0.69315,-0.65769,-0.00025,
248,75.29269,-14.01838,9.93550,0.00115,-0.36233,0.93205,0.00193,-0.69346,-0.65798,0.00030,
248,75.25568,-14.05125,9.93591,0.00116,-0.36232,0.93205,0.00193,-0.69446,-0.65871,0.00028,
248,75.21876,-14.08490,9.93591,0.00117,-0.36230,0.93206,0.00193,-0.69516,-0.65948,0.00019,
248,75.18543,-14.11617,9.93516,0.00117,-0.36229,0.93206,0.00193,-0.69489,-0.65957,-0.00006,
248,75.15087,-14.14834,9.93642,0.00116,-0.36226,0.93207,0.00194,-0.69454,-0.65983,0.00019,
248,75.12485,-14.17867,9.93652,0.00116,-0.36224,0.93208,0.00195,-0.69364,-0.66085,0.00027,
248,75.09988,-14.20718,9.93514,0.00116,-0.36221,0.93209,0.00196,-0.69283,-0.66138,-0.00005,
248,75.06604,-14.23735,9.93523,0.00116,-0.36219,0.93210,0.00196,-0.69277,-0.66108,-0.00008,
248,75.03323,-14.26663,9.93526,0.00116,-0.36218,0.93211,0.00195,-0.69258,-0.66070,-0.00011,
248,74.99580,-14.30023,9.93603,0.00116,-0.36216,0.93211,0.00195,-0.69343,-0.66135,-0.00003,
248,74.95763,-14.33495,9.93637,0.00117,-0.36214,0.93212,0.00195,-0.69437,-0.66214,-0.00005,
248,74.92420,-14.36489,9.93607,0.00117,-0.36213,0.93213,0.00195,-0.69432,-0.66183,-0.00015,
248,74.89247,-14.39307,9.93586,0.00117,-0.36212,0.93213,0.00195,-0.69409,-0.66140,-0.00024,
248,74.86224,-14.42121,9.93603,0.00117,-0.36211,0.93213,0.00195,-0.69332,-0.66087,-0.00028,
248,74.82854,-14.45320,9.93673,0.00117,-0.36210,0.93214,0.00197,-0.69326,-0.66145,-0.00023,
248,74.79057,-14.48835,9.93742,0.00118,-0.36209,0.93214,0.00198,-0.69427,-0.66278,-0.00018,
248,74.75532,-14.51960,9.93674,0.00119,-0.36208,0.93214,0.00198,-0.69466,-0.66286,-0.00040,
249,74.72190,-14.54969,9.93660,0.00119,-0.36207,0.93215,0.00199,-0.69481,-0.66287,-0.00045,
249,74.68809,-14.58037,9.93744,0.00118,-0.36207,0.93215,0.00199,-0.69444,-0.66252,-0.00029,
249,74.58611,-14.65073,9.93189,0.00120,-0.36229,0.93206,0.00194,-0.70434,-0.66582,-0.00024,
249,74.54707,-14.69094,9.93498,0.00119,-0.36227,0.93207,0.00195,-0.70377,-0.66690,0.00028,
249,74.51318,-14.72293,9.93584,0.00119,-0.36226,0.93207,0.00196,-0.70314,-0.66685,0.00039,
249,74.48204,-14.75309,9.93672,0.00118,-0.36226,0.93207,0.00196,-0.70225,-0.66674,0.00054,
249,74.45048,-14.78218,9.93747,0.00118,-0.36227,0.93207,0.00197,-0.70170,-0.66657,0.00067,
249,74.41965,-14.81259,9.93549,0.00117,-0.36226,0.93207,0.00196,-0.70090,-0.66642,0.00027,
249,74.38775,-14.84498,9.93358,0.00117,-0.36226,0.93207,0.00197,-0.70052,-0.66700,-0.00016,
249,74.35783,-14.87552,9.93630,0.00117,-0.36225,0.93208,0.00197,-0.69980,-0.66734,0.00037,
249,74.32824,-14.90570,9.93948,0.00117,-0.36224,0.93208,0.00198,-0.69894,-0.66747,0.00103,
249,74.29201,-14.93929,9.94010,0.00118,-0.36224,0.93208,0.00198,-0.69931,-0.66809,0.00114,
249,74.25742,-14.97186,9.93997,0.00118,-0.36223,0.93209,0.00198,-0.69919,-0.66832,0.00109,
249,74.22250,-15.00409,9.93926,0.00118,-0.36223,0.93209,0.00198,-0.69902,-0.66837,0.00087,
249,74.18739,-15.03604,9.93840,0.00117,-0.36222,0.93209,0.00198,-0.69888,-0.66829,0.00063,
249,74.15389,-15.06772,9.93834,0.00117,-0.36221,0.93209,0.00198,-0.69866,-0.66853,0.00065,
249,74.11797,-15.10161,9.93817,0.00117,-0.36221,0.93209,0.00199,-0.69898,-0.66932,0.00061,
249,74.08233,-15.13529,9.93866,0.00118,-0.36220,0.93210,0.00199,-0.69933,-0.67003,0.00076,
249,74.03317,-15.17482,9.93920,0.00119,-0.36221,0.93209,0.00198,-0.70156,-0.67068,0.00075,
250,73.98315,-15.21332,9.93858,0.00120,-0.36221,0.93209,0.00197,-0.70397,-0.67073,0.00047,
250,73.95111,-15.24248,9.93780,0.00120,-0.36221,0.93209,0.00196,-0.70332,-0.66995,0.00027,
250,73.91759,-15.27269,9.93767,0.00120,-0.36220,0.93210,0.00196,-0.70326,-0.66956,0.00024,
250,73.88475,-15.30261,9.93725,0.00120,-0.36220,0.93210,0.00195,-0.70293,-0.66906,0.00011,
250,73.84141,-15.33600,9.93533,0.00120,-0.36220,0.93210,0.00194,-0.70365,-0.66795,-0.00033,
250,73.79613,-15.37072,9.93403,0.00120,-0.36220,0.93210,0.00193,-0.70476,-0.66717,-0.00058,
250,73.75994,-15.40272,9.93361,0.00120,-0.36220,0.93210,0.00192,-0.70543,-0.66722,-0.00063,
250,73.72462,-15.43323,9.93335,0.00121,-0.36220,0.93210,0.00191,-0.70585,-0.66675,-0.00071,
250,73.69335,-15.46125,9.93347,0.00120,-0.36218,0.93210,0.00191,-0.70494,-0.66559,-0.00066,
250,73.66208,-15.49032,9.93070,0.00118,-0.36217,0.93211,0.00192,-0.70289,-0.66440,-0.00115,
250,73.63490,-15.51594,9.93004,0.00116,-0.36216,0.93211,0.00192,-0.70059,-0.66277,-0.00116,
250,73.60421,-15.54347,9.93105,0.00115,-0.36215,0.93212,0.00191,-0.70000,-0.66193,-0.00095,
250,73.57433,-15.57025,9.93165,0.00115,-0.36214,0.93212,0.00191,-0.69900,-0.66072,-0.00080,
250,73.54554,-15.59685,9.93137,0.00114,-0.36213,0.93213,0.00191,-0.69782,-0.65967,-0.00085,
250,73.51590,-15.62467,9.93203,0.00114,-0.36212,0.93213,0.00191,-0.69693,-0.65912,-0.00070,
250,73.48272,-15.65470,9.93252,0.00114,-0.36211,0.93213,0.00190,-0.69667,-0.65878,-0.00063,
250,73.45075,-15.68424,9.93248,0.00113,-0.36210,0.93213,0.00190,-0.69583,-0.65826,-0.00070,
250,73.41886,-15.71391,9.93258,0.00112,-0.36210,0.93214,0.00191,-0.69497,-0.65785,-0.00066,
250,73.38565,-15.74510,9.93260,0.00113,-0.36210,0.93214,0.00191,-0.69492,-0.65797,-0.00069,
250,73.35173,-15.77676,9.93318,0.00113,-0.36209,0.93214,0.00190,-0.69488,-0.65822,-0.00060,
250,73.31586,-15.80898,9.93412,0.00114,-0.36206,0.93215,0.00187,-0.69518,-0.65849,-0.00044,
251,73.27999,-15.84147,9.93535,0.00117,-0.36197,0.93219,0.00182,-0.69563,-0.65887,-0.00025,
251,73.24802,-15.87124,9.93666,0.00119,-0.36180,0.93225,0.00175,-0.69505,-0.65860,-0.00003,
251,73.21614,-15.90038,9.93666,0.00121,-0.36154,0.93235,0.00167,-0.69435,-0.65792,-0.00005,
251,73.17689,-15.93392,9.93630,0.00126,-0.36116,0.93250,0.00158,-0.69588,-0.65793,-0.00014,
251,73.13558,-15.96816,9.93730,0.00131,-0.36064,0.93270,0.00148,-0.69821,-0.65818,-0.00002,
251,73.10091,-16.00055,9.93772,0.00134,-0.36003,0.93294,0.00140,-0.69830,-0.65818,-0.00001,
251,73.06630,-16.03512,9.93560,0.00136,-0.35935,0.93320,0.00133,-0.69726,-0.65834,-0.00048,
251,73.04669,-16.02250,9.93321,0.00143,-0.35885,0.93339,0.00121,-0.69935,-0.65381,-0.00156,
251,72.98820,-16.07898,9.93460,0.00147,-0.35798,0.93373,0.00112,-0.70213,-0.65579,-0.00158,
251,72.95167,-16.11304,9.93404,0.00150,-0.35711,0.93406,0.00105,-0.70258,-0.65584,-0.00187,
251,72.92377,-16.14458,9.93348,0.00151,-0.35623,0.93440,0.00100,-0.70078,-0.65624,-0.00188,
251,72.89341,-16.17465,9.93368,0.00153,-0.35533,0.93474,0.00093,-0.70017,-0.65570,-0.00167,
251,72.85748,-16.20659,9.93336,0.00156,-0.35442,0.93509,0.00087,-0.70118,-0.65517,-0.00181,
251,72.82193,-16.23758,9.93346,0.00159,-0.35352,0.93543,0.00081,-0.70226,-0.65431,-0.00197,
251,72.78499,-16.26766,9.93406,0.00162,-0.35264,0.93576,0.00075,-0.70435,-0.65318,-0.00209,
251,72.75116,-16.30138,9.93232,0.00164,-0.35181,0.93607,0.00072,-0.70425,-0.65351,-0.00268,
251,72.71963,-16.33310,9.93128,0.00165,-0.35101,0.93637,0.00068,-0.70337,-0.65296,-0.00293,
251,72.68395,-16.36349,9.93165,0.00166,-0.35022,0.93667,0.00063,-0.70457,-0.65155,-0.00287,
251,72.69376,-16.33453,9.93562,0.00167,-0.34973,0.93685,0.00057,-0.70167,-0.64292,-0.00258,
252,72.64384,-16.38053,9.93710,0.00168,-0.34901,0.93712,0.00052,-0.70390,-0.64319,-0.00239,
252,72.60848,-16.41224,9.93725,0.00169,-0.34834,0.93737,0.00049,-0.70460,-0.64211,-0.00234,
252,72.57473,-16.44260,9.93712,0.00170,-0.34770,0.93760,0.00046,-0.70522,-0.64086,-0.00229,
252,72.55398,-16.46573,9.93749,0.00170,-0.34709,0.93783,0.00045,-0.70385,-0.63963,-0.00219,
252,72.53062,-16.48999,9.93833,0.00170,-0.34650,0.93805,0.00044,-0.70311,-0.63852,-0.00201,
252,72.49202,-16.52163,9.93818,0.00171,-0.34592,0.93826,0.00041,-0.70504,-0.63712,-0.00202,
252,72.45367,-16.55247,9.93901,0.00173,-0.34535,0.93847,0.00039,-0.70728,-0.63557,-0.00171,
252,72.41999,-16.58292,9.93903,0.00173,-0.34480,0.93868,0.00038,-0.70770,-0.63454,-0.00165,
252,72.38985,-16.61115,9.93878,0.00172,-0.34425,0.93888,0.00037,-0.70746,-0.63327,-0.00162,
252,72.35587,-16.64106,9.93855,0.00172,-0.34370,0.93908,0.00037,-0.70814,-0.63205,-0.00165,
252,72.32096,-16.67360,9.93825,0.00172,-0.34316,0.93928,0.00037,-0.70824,-0.63157,-0.00184,
252,72.28607,-16.70550,9.93851,0.00172,-0.34261,0.93947,0.00038,-0.70868,-0.63104,-0.00190,
252,72.24983,-16.73561,9.93916,0.00172,-0.34206,0.93968,0.00037,-0.71035,-0.62995,-0.00176,
252,72.22720,-16.73603,9.94307,0.00174,-0.34172,0.93980,0.00035,-0.71079,-0.62458,-0.00074,
252,72.18089,-16.77999,9.94236,0.00173,-0.34117,0.94000,0.00035,-0.71185,-0.62477,-0.00084,
252,72.14684,-16.81067,9.94233,0.00172,-0.34062,0.94020,0.00035,-0.71222,-0.62374,-0.00083,
252,72.11184,-16.84302,9.94150,0.00172,-0.34008,0.94039,0.00037,-0.71288,-0.62368,-0.00120,
252,72.07175,-16.87648,9.94184,0.00172,-0.33955,0.94059,0.00037,-0.71495,-0.62329,-0.00123,
252,72.02825,-16.91116,9.94269,0.00173,-0.33901,0.94078,0.00038,-0.71800,-0.62300,-0.00107,
252,71.98838,-16.94372,9.94284,0.00174,-0.33849,0.94097,0.00038,-0.72032,-0.62246,-0.00110,
252,71.94562,-16.97823,9.94299,0.00175,-0.33797,0.94115,0.00039,-0.72281,-0.62204,-0.00107,
253,71.90516,-17.01161,9.94342,0.00175,-0.33747,0.94133,0.00040,-0.72475,-0.62168,-0.00101,
253,71.87003,-17.04245,9.94364,0.00175,-0.33698,0.94151,0.00042,-0.72552,-0.62118,-0.00103,
253,71.83751,-17.07387,9.94371,0.00173,-0.33651,0.94168,0.00045,-0.72502,-0.62115,-0.00108,
253,71.80423,-17.10473,9.94394,0.00171,-0.33605,0.94184,0.00048,-0.72469,-0.62080,-0.00105,
253,71.76589,-17.13646,9.94472,0.00171,-0.33559,0.94201,0.00050,-0.72635,-0.62031,-0.00082,
253,71.72984,-17.16769,9.94467,0.00172,-0.33513,0.94217,0.00052,-0.72783,-0.62017,-0.00087,
253,71.69613,-17.19720,9.94420,0.00172,-0.33470,0.94232,0.00054,-0.72861,-0.61966,-0.00104,
253,71.66105,-17.22813,9.94415,0.00171,-0.33428,0.94247,0.00056,-0.72893,-0.61921,-0.00106,
253,71.62594,-17.25899,9.94449,0.00170,-0.33387,0.94262,0.00059,-0.72934,-0.61880,-0.00096,
253,71.63242,-17.24245,9.95231,0.00170,-0.33363,0.94270,0.00058,-0.72678,-0.61357,-0.00030,
253,71.59653,-17.27677,9.95153,0.00168,-0.33322,0.94285,0.00061,-0.72608,-0.61340,-0.00048,
253,71.55791,-17.30877,9.95200,0.00167,-0.33283,0.94299,0.00064,-0.72706,-0.61286,-0.00033,
253,71.52180,-17.34027,9.95195,0.00166,-0.33245,0.94312,0.00066,-0.72733,-0.61251,-0.00040,
253,71.48468,-17.37452,9.95035,0.00164,-0.33207,0.94325,0.00070,-0.72688,-0.61265,-0.00082,
253,71.44776,-17.40839,9.94933,0.00162,-0.33170,0.94338,0.00074,-0.72635,-0.61264,-0.00105,
253,71.41397,-17.43875,9.94930,0.00160,-0.33135,0.94351,0.00077,-0.72587,-0.61229,-0.00111,
253,71.37829,-17.46865,9.94880,0.00159,-0.33100,0.94363,0.00080,-0.72621,-0.61157,-0.00131,
253,71.34280,-17.49798,9.94842,0.00159,-0.33066,0.94375,0.00082,-0.72676,-0.61079,-0.00143,
253,71.30763,-17.52784,9.94782,0.00157,-0.33032,0.94387,0.00084,-0.72679,-0.61010,-0.00161,
254,71.27060,-17.55827,9.94758,0.00157,-0.32999,0.94398,0.00086,-0.72744,-0.60955,-0.00170,
254,71.23294,-17.58922,9.94736,0.00156,-0.32967,0.94409,0.00089,-0.72819,-0.60921,-0.00177,
254,71.19707,-17.61965,9.94678,0.00155,-0.32936,0.94420,0.00091,-0.72824,-0.60871,-0.00196,
254,71.16173,-17.65034,9.94664,0.00154,-0.32905,0.94431,0.00094,-0.72813,-0.60845,-0.00202,
254,71.12665,-17.67825,9.94687,0.00152,-0.32875,0.94442,0.00096,-0.72827,-0.60727,-0.00194,
254,71.09202,-17.70566,9.94664,0.00151,-0.32846,0.94452,0.00099,-0.72836,-0.60606,-0.00200,
254,71.05741,-17.73634,9.94537,0.00150,-0.32818,0.94461,0.00102,-0.72791,-0.60594,-0.00240,
254,71.02520,-17.76539,9.94337,0.00148,-0.32790,0.94471,0.00105,-0.72694,-0.60556,-0.00307,
254,70.99357,-17.79413,9.94180,0.00146,-0.32763,0.94480,0.00108,-0.72554,-0.60493,-0.00355,
254,70.95640,-17.82447,9.94210,0.00145,-0.32737,0.94489,0.00111,-0.72577,-0.60447,-0.00344,
254,70.92092,-17.85329,9.94201,0.00144,-0.32711,0.94498,0.00113,-0.72582,-0.60372,-0.00344,
254,70.88898,-17.88069,9.94148,0.00142,-0.32686,0.94507,0.00115,-0.72507,-0.60285,-0.00354,
254,70.85291,-17.91024,9.94151,0.00141,-0.32662,0.94515,0.00117,-0.72537,-0.60254,-0.00353,
254,70.81723,-17.94008,9.94120,0.00141,-0.32638,0.94524,0.00119,-0.72535,-0.60218,-0.00363,
254,70.78171,-17.96960,9.94034,0.00141,-0.32614,0.94532,0.00121,-0.72537,-0.60177,-0.00393,
254,70.74672,-17.99865,9.93950,0.00138,-0.32592,0.94539,0.00125,-0.72522,-0.60118,-0.00419,
254,70.71202,-18.02691,9.93937,0.00135,-0.32576,0.94545,0.00133,-0.72511,-0.60065,-0.00421,
254,70.74332,-17.97840,9.94414,0.00131,-0.32593,0.94539,0.00138,-0.72054,-0.59094,-0.00351,
254,70.70394,-18.01123,9.94384,0.00128,-0.32594,0.94539,0.00148,-0.72075,-0.59118,-0.00377,
254,70.67199,-18.03701,9.94280,0.00123,-0.32605,0.94535,0.00159,-0.71963,-0.58993,-0.00407,
254,70.64004,-18.06377,9.94302,0.00118,-0.32629,0.94527,0.00171,-0.71839,-0.58942,-0.00395,
255,70.60588,-18.09115,9.94362,0.00113,-0.32666,0.94514,0.00183,-0.71766,-0.58902,-0.00371,
255,70.57122,-18.11916,9.94387,0.00107,-0.32714,0.94497,0.00195,-0.71681,-0.58882,-0.00356,
255,70.53519,-18.14985,9.94385,0.00103,-0.32773,0.94477,0.00207,-0.71622,-0.58972,-0.00353,
255,70.49594,-18.18287,9.94381,0.00099,-0.32844,0.94452,0.00221,-0.71631,-0.59161,-0.00347,
255,70.46187,-18.21323,9.94416,0.00094,-0.32921,0.94425,0.00233,-0.71580,-0.59345,-0.00328,
255,70.43061,-18.24195,9.94425,0.00090,-0.33002,0.94397,0.00245,-0.71430,-0.59451,-0.00319,
255,70.39532,-18.27242,9.94452,0.00086,-0.33086,0.94367,0.00255,-0.71336,-0.59574,-0.00308,
255,70.35926,-18.30043,9.94459,0.00084,-0.33171,0.94338,0.00264,-0.71305,-0.59614,-0.00310,
255,70.32398,-18.32803,9.94479,0.00080,-0.33254,0.94308,0.00273,-0.71235,-0.59641,-0.00304,
255,70.28897,-18.35770,9.94520,0.00078,-0.33336,0.94279,0.00282,-0.71156,-0.59780,-0.00293,
255,70.26047,-18.38779,9.94478,0.00075,-0.33416,0.94251,0.00291,-0.70963,-0.60011,-0.00299,
255,70.22973,-18.41731,9.94659,0.00072,-0.33492,0.94224,0.00300,-0.70798,-0.60212,-0.00242,
255,70.26972,-18.36380,9.95289,0.00070,-0.33593,0.94188,0.00304,-0.70192,-0.59577,-0.00166,
255,70.23181,-18.39859,9.95405,0.00069,-0.33662,0.94163,0.00312,-0.70161,-0.59895,-0.00141,
255,70.19661,-18.42999,9.95467,0.00067,-0.33728,0.94140,0.00320,-0.70046,-0.60110,-0.00123,
255,70.16208,-18.46129,9.95498,0.00066,-0.33791,0.94117,0.00326,-0.69946,-0.60362,-0.00118,
255,70.12706,-18.49329,9.95524,0.00064,-0.33850,0.94096,0.00333,-0.69843,-0.60634,-0.00112,
255,70.09234,-18.52520,9.95585,0.00062,-0.33907,0.94076,0.00340,-0.69719,-0.60900,-0.00087,
255,70.05698,-18.55515,9.95598,0.00061,-0.33960,0.94056,0.00344,-0.69624,-0.61058,-0.00083,
256,70.02163,-18.58498,9.95604,0.00060,-0.34013,0.94037,0.00348,-0.69547,-0.61208,-0.00085,
256,69.98676,-18.61663,9.95682,0.00059,-0.34065,0.94018,0.00353,-0.69450,-0.61471,-0.00057,
256,69.94975,-18.64886,9.95691,0.00059,-0.34116,0.94000,0.00357,-0.69393,-0.61707,-0.00054,
256,69.91260,-18.68012,9.95678,0.00058,-0.34167,0.93981,0.00359,-0.69337,-0.61876,-0.00061,
256,69.87798,-18.70929,9.95704,0.00058,-0.34218,0.93963,0.00361,-0.69239,-0.61999,-0.00057,
256,69.78040,-18.76323,9.95506,0.00059,-0.34295,0.93935,0.00355,-0.70064,-0.62282,-0.00180,
256,69.75646,-18.78942,9.95516,0.00059,-0.34338,0.93919,0.00357,-0.69777,-0.62322,-0.00170,
256,69.72234,-18.81991,9.95554,0.00058,-0.34390,0.93900,0.00359,-0.69648,-0.62503,-0.00158,
256,69.69153,-18.85046,9.95566,0.00057,-0.34442,0.93881,0.00362,-0.69441,-0.62751,-0.00145,
256,69.66197,-18.88024,9.95532,0.00056,-0.34494,0.93862,0.00364,-0.69221,-0.62986,-0.00149,
256,69.62557,-18.91081,9.95524,0.00056,-0.34545,0.93843,0.00365,-0.69146,-0.63101,-0.00158,
256,69.58849,-18.94180,9.95497,0.00057,-0.34596,0.93824,0.00365,-0.69094,-0.63224,-0.00180,
256,69.55551,-18.97160,9.95466,0.00058,-0.34648,0.93805,0.00365,-0.68990,-0.63388,-0.00195,
256,69.51839,-19.00167,9.95446,0.00059,-0.34697,0.93787,0.00364,-0.68963,-0.63455,-0.00215,
256,69.48001,-19.03251,9.95474,0.00059,-0.34747,0.93768,0.00363,-0.68947,-0.63522,-0.00207,
256,69.44451,-19.06261,9.95521,0.00060,-0.34796,0.93750,0.00362,-0.68874,-0.63620,-0.00187,
256,69.40883,-19.09325,9.95458,0.00061,-0.34843,0.93733,0.00360,-0.68818,-0.63725,-0.00218,
256,69.37264,-19.12398,9.95400,0.00062,-0.34889,0.93716,0.00359,-0.68755,-0.63812,-0.00248,
256,69.33812,-19.15447,9.95425,0.00062,-0.34935,0.93698,0.00358,-0.68662,-0.63947,-0.00239,
256,69.30976,-19.18350,9.95274,0.00062,-0.34981,0.93681,0.00358,-0.68490,-0.64133,-0.00273,
256,69.21280,-19.23082,9.95428,0.00067,-0.35044,0.93658,0.00344,-0.69653,-0.64235,-0.00282,
257,69.17013,-19.26832,9.95400,0.00067,-0.35087,0.93642,0.00344,-0.69664,-0.64488,-0.00307,
257,69.13530,-19.30100,9.95409,0.00067,-0.35129,0.93626,0.00344,-0.69560,-0.64689,-0.00303,
257,69.09784,-19.33412,9.95378,0.00068,-0.35170,0.93611,0.00343,-0.69514,-0.64838,-0.00320,
257,69.06030,-19.36664,9.95378,0.00069,-0.35209,0.93596,0.00341,-0.69479,-0.64961,-0.00327,
257,69.02780,-19.39858,9.95398,0.00069,-0.35249,0.93581,0.00341,-0.69351,-0.65181,-0.00320,
257,68.99257,-19.43176,9.95348,0.00070,-0.35288,0.93566,0.00340,-0.69278,-0.65383,-0.00331,
257,68.95596,-19.46487,9.95323,0.00071,-0.35325,0.93552,0.00339,-0.69227,-0.65543,-0.00336,
257,68.92141,-19.49809,9.95311,0.00072,-0.35362,0.93538,0.00339,-0.69159,-0.65768,-0.00338,
257,68.88502,-19.53161,9.95279,0.00072,-0.35398,0.93525,0.00337,-0.69111,-0.65940,-0.00349,
257,68.84845,-19.56418,9.95202,0.00073,-0.35432,0.93512,0.00336,-0.69053,-0.66035,-0.00378,
257,68.81751,-19.59393,9.95139,0.00073,-0.35466,0.93499,0.00334,-0.68904,-0.66102,-0.00400,
257,68.78660,-19.62403,9.95094,0.00074,-0.35498,0.93487,0.00333,-0.68752,-0.66186,-0.00422,
257,68.75443,-19.65518,9.95123,0.00074,-0.35531,0.93474,0.00331,-0.68621,-0.66290,-0.00419,
257,68.72216,-19.68647,9.95206,0.00075,-0.35562,0.93462,0.00330,-0.68502,-0.66402,-0.00392,
257,68.68665,-19.71952,9.95241,0.00075,-0.35594,0.93450,0.00328,-0.68446,-0.66547,-0.00379,
257,68.65148,-19.75309,9.95243,0.00077,-0.35626,0.93438,0.00327,-0.68413,-0.66736,-0.00382,
257,68.61522,-19.78657,9.95252,0.00078,-0.35656,0.93427,0.00325,-0.68415,-0.66898,-0.00385,
257,68.57859,-19.81977,9.95280,0.00079,-0.35686,0.93415,0.00324,-0.68395,-0.67021,-0.00377,
257,68.52769,-19.84188,9.95521,0.00075,-0.35733,0.93397,0.00316,-0.68710,-0.66761,-0.00247,
258,68.49345,-19.87323,9.95632,0.00075,-0.35761,0.93387,0.00314,-0.68595,-0.66811,-0.00225,
258,68.45721,-19.90681,9.95670,0.00075,-0.35787,0.93377,0.00313,-0.68545,-0.66928,-0.00213,
258,68.42068,-19.94080,9.95727,0.00076,-0.35813,0.93367,0.00311,-0.68520,-0.67070,-0.00193,
258,68.38644,-19.97338,9.95758,0.00078,-0.35839,0.93357,0.00309,-0.68487,-0.67186,-0.00183,
258,68.35218,-20.00526,9.95780,0.00079,-0.35864,0.93347,0.00307,-0.68459,-0.67258,-0.00178,
258,68.31743,-20.03819,9.95799,0.00080,-0.35888,0.93338,0.00305,-0.68421,-0.67373,-0.00169,
258,68.28210,-20.07113,9.95781,0.00082,-0.35911,0.93329,0.00302,-0.68405,-0.67470,-0.00176,
258,68.24496,-20.10459,9.95742,0.00083,-0.35934,0.93320,0.00300,-0.68436,-0.67560,-0.00189,
258,68.20769,-20.13796,9.95717,0.00085,-0.35957,0.93311,0.00297,-0.68476,-0.67638,-0.00196,
258,68.17105,-20.17124,9.95712,0.00086,-0.35978,0.93303,0.00295,-0.68494,-0.67717,-0.00193,
258,68.13524,-20.20427,9.95695,0.00087,-0.35999,0.93295,0.00292,-0.68495,-0.67792,-0.00196,
258,68.09902,-20.23720,9.95657,0.00089,-0.36020,0.93287,0.00290,-0.68499,-0.67848,-0.00207,
258,68.06210,-20.27008,9.95621,0.00090,-0.36040,0.93279,0.00287,-0.68521,-0.67888,-0.00220,
258,68.02544,-20.30182,9.95581,0.00091,-0.36059,0.93272,0.00284,-0.68524,-0.67863,-0.00243,
258,67.99050,-20.33315,9.95532,0.00092,-0.36077,0.93265,0.00282,-0.68490,-0.67842,-0.00256,
258,67.95642,-20.36504,9.95479,0.00092,-0.36096,0.93258,0.00279,-0.68474,-0.67884,-0.00260,
258,67.92090,-20.39817,9.95464,0.00093,-0.36115,0.93250,0.00277,-0.68479,-0.67954,-0.00258,
258,67.88418,-20.43141,9.95508,0.00094,-0.36133,0.93243,0.00275,-0.68510,-0.68012,-0.00243,
258,67.84755,-20.46512,9.95543,0.00096,-0.36150,0.93237,0.00274,-0.68554,-0.68103,-0.00231,
258,67.81175,-20.49902,9.95501,0.00097,-0.36167,0.93230,0.00272,-0.68564,-0.68193,-0.00242,
258,67.77560,-20.53167,9.95484,0.00098,-0.36183,0.93224,0.00269,-0.68575,-0.68210,-0.00248,
259,67.74282,-20.56303,9.95617,0.00099,-0.36199,0.93218,0.00268,-0.68515,-0.68228,-0.00212,
259,67.71099,-20.59501,9.95710,0.00099,-0.36214,0.93212,0.00266,-0.68398,-0.68270,-0.00191,
259,67.67555,-20.62657,9.95695,0.00100,-0.36229,0.93206,0.00264,-0.68389,-0.68242,-0.00198,
259,67.64020,-20.65759,9.95709,0.00100,-0.36243,0.93201,0.00261,-0.68379,-0.68190,-0.00197,
259,67.59079,-20.67319,9.95494,0.00104,-0.36274,0.93189,0.00250,-0.68988,-0.67572,-0.00237,
259,67.54798,-20.71533,9.95411,0.00105,-0.36287,0.93184,0.00250,-0.69006,-0.67810,-0.00272,
259,67.51219,-20.74951,9.95446,0.00105,-0.36300,0.93178,0.00249,-0.68992,-0.67883,-0.00263,
259,67.47773,-20.78278,9.95483,0.00106,-0.36314,0.93173,0.00248,-0.68960,-0.67947,-0.00260,
259,67.44549,-20.81471,9.95405,0.00106,-0.36326,0.93168,0.00246,-0.68881,-0.67966,-0.00284,
259,67.41323,-20.84663,9.95354,0.00106,-0.36339,0.93163,0.00245,-0.68804,-0.67992,-0.00294,
259,67.37888,-20.88032,9.95430,0.00106,-0.36351,0.93159,0.00245,-0.68752,-0.68063,-0.00273,
259,67.34463,-20.91359,9.95522,0.00105,-0.36362,0.93154,0.00244,-0.68687,-0.68110,-0.00246,
259,67.31007,-20.94730,9.95582,0.00105,-0.36374,0.93150,0.00244,-0.68636,-0.68178,-0.00225,
259,67.27550,-20.98150,9.95655,0.00105,-0.36385,0.93145,0.00244,-0.68598,-0.68276,-0.00202,
259,67.24127,-21.01559,9.95730,0.00106,-0.36396,0.93141,0.00243,-0.68555,-0.68367,-0.00182,
259,67.20671,-21.05013,9.95854,0.00106,-0.36406,0.93137,0.00243,-0.68533,-0.68479,-0.00138,
259,67.17197,-21.08406,9.95951,0.00106,-0.36416,0.93133,0.00243,-0.68505,-0.68550,-0.00107,
259,67.13687,-21.11768,9.95997,0.00106,-0.36426,0.93129,0.00242,-0.68489,-0.68598,-0.00097,
259,67.10127,-21.15165,9.96041,0.00106,-0.36435,0.93126,0.00241,-0.68492,-0.68654,-0.00085,
260,67.06618,-21.18493,9.96031,0.00107,-0.36444,0.93122,0.00239,-0.68479,-0.68673,-0.00094,
260,67.03117,-21.21854,9.96040,0.00107,-0.36453,0.93119,0.00238,-0.68470,-0.68713,-0.00095,
260,66.99559,-21.25184,9.96087,0.00108,-0.36462,0.93115,0.00237,-0.68486,-0.68738,-0.00081,
260,66.95954,-21.28426,9.96106,0.00108,-0.36471,0.93112,0.00235,-0.68489,-0.68707,-0.00072,
260,66.92302,-21.31778,9.96136,0.00108,-0.36479,0.93109,0.00234,-0.68522,-0.68727,-0.00063,
260,66.88672,-21.35069,9.96190,0.00109,-0.36488,0.93105,0.00233,-0.68567,-0.68730,-0.00049,
260,66.85448,-21.38256,9.96066,0.00109,-0.36495,0.93102,0.00231,-0.68525,-0.68725,-0.00084,
260,66.82254,-21.41554,9.95893,0.00110,-0.36503,0.93099,0.00230,-0.68506,-0.68776,-0.00133,
260,66.78531,-21.44975,9.95885,0.00111,-0.36511,0.93096,0.00229,-0.68600,-0.68832,-0.00137,
260,66.74797,-21.48306,9.95971,0.00112,-0.36518,0.93093,0.00228,-0.68685,-0.68850,-0.00116,
260,66.71475,-21.51390,9.95955,0.00112,-0.36525,0.93091,0.00226,-0.68639,-0.68786,-0.00123,
260,66.68056,-21.54482,9.95907,0.00113,-0.36532,0.93088,0.00225,-0.68627,-0.68714,-0.00139,
260,66.64398,-21.57721,9.95938,0.00113,-0.36538,0.93085,0.00223,-0.68674,-0.68684,-0.00131,
260,66.60994,-21.60784,9.95927,0.00113,-0.36545,0.93083,0.00221,-0.68653,-0.68603,-0.00134,
260,66.57711,-21.63790,9.95832,0.00113,-0.36550,0.93081,0.00219,-0.68616,-0.68507,-0.00160,
260,66.54121,-21.66922,9.95754,0.00114,-0.36557,0.93078,0.00217,-0.68661,-0.68437,-0.00183,
260,66.50449,-21.70018,9.95786,0.00114,-0.36562,0.93076,0.00215,-0.68710,-0.68347,-0.00173,
260,66.46794,-21.73228,9.95897,0.00115,-0.36568,0.93074,0.00214,-0.68763,-0.68320,-0.00139,
260,66.43132,-21.76501,9.96024,0.00115,-0.36574,0.93072,0.00213,-0.68830,-0.68323,-0.00103,
260,66.39485,-21.79749,9.96094,0.00116,-0.36579,0.93069,0.00212,-0.68892,-0.68310,-0.00083,
260,66.35819,-21.83006,9.96173,0.00116,-0.36585,0.93067,0.00211,-0.68953,-0.68300,-0.00059,
261,66.33493,-21.82947,9.96543,0.00110,-0.36605,0.93059,0.00206,-0.68772,-0.67277,0.00085,
261,66.30386,-21.86632,9.96644,0.00109,-0.36607,0.93058,0.00209,-0.68629,-0.67467,0.00115,
261,66.27882,-21.89644,9.96708,0.00108,-0.36611,0.93057,0.00209,-0.68433,-0.67490,0.00133,
261,66.24495,-21.92843,9.96744,0.00108,-0.36615,0.93055,0.00209,-0.68424,-0.67484,0.00140,
261,66.21087,-21.96023,9.96734,0.00108,-0.36620,0.93053,0.00208,-0.68405,-0.67457,0.00135,
261,66.17879,-21.99168,9.96727,0.00108,-0.36624,0.93052,0.00208,-0.68332,-0.67433,0.00130,
261,66.14795,-22.02239,9.96720,0.00108,-0.36627,0.93050,0.00207,-0.68229,-0.67390,0.00121,
261,66.11455,-22.05438,9.96728,0.00108,-0.36631,0.93049,0.00207,-0.68193,-0.67374,0.00117,
261,66.07890,-22.08777,9.96974,0.00109,-0.36635,0.93048,0.00206,-0.68300,-0.67440,0.00178,
261,66.03992,-22.12262,9.97176,0.00112,-0.36639,0.93046,0.00205,-0.68505,-0.67538,0.00221,
261,66.00235,-22.15774,9.97238,0.00113,-0.36642,0.93045,0.00205,-0.68611,-0.67631,0.00234,
261,65.96724,-22.19168,9.97273,0.00113,-0.36646,0.93043,0.00205,-0.68632,-0.67691,0.00237,
261,65.93289,-22.22486,9.97323,0.00114,-0.36649,0.93042,0.00206,-0.68637,-0.67731,0.00244,
261,65.89812,-22.25817,9.97347,0.00114,-0.36652,0.93041,0.00205,-0.68657,-0.67768,0.00244,
261,65.86762,-22.29021,9.97476,0.00114,-0.36655,0.93039,0.00205,-0.68575,-0.67789,0.00272,
261,65.83785,-22.32205,9.97535,0.00114,-0.36658,0.93038,0.00206,-0.68441,-0.67785,0.00276,
261,65.80393,-22.35445,9.97470,0.00114,-0.36661,0.93037,0.00205,-0.68410,-0.67765,0.00248,
261,65.77029,-22.38717,9.97394,0.00115,-0.36664,0.93036,0.00203,-0.68434,-0.67779,0.00216,
261,65.73670,-22.41970,9.97267,0.00116,-0.36667,0.93035,0.00202,-0.68468,-0.67793,0.00174,
262,65.70204,-22.45222,9.97211,0.00117,-0.36670,0.93033,0.00202,-0.68491,-0.67796,0.00152,
262,65.66610,-22.48599,9.97196,0.00118,-0.36673,0.93032,0.00201,-0.68551,-0.67833,0.00139,
262,65.62936,-22.52058,9.97266,0.00119,-0.36675,0.93031,0.00201,-0.68651,-0.67908,0.00155,
262,65.59390,-22.55566,9.97151,0.00120,-0.36678,0.93031,0.00200,-0.68744,-0.67997,0.00116,
262,65.55935,-22.59075,9.96930,0.00122,-0.36679,0.93030,0.00199,-0.68830,-0.68067,0.00048,
262,65.52507,-22.62293,9.96929,0.00122,-0.36680,0.93030,0.00198,-0.68837,-0.68048,0.00044,
262,65.49186,-22.65439,9.96961,0.00121,-0.36682,0.93029,0.00198,-0.68798,-0.68006,0.00050,
262,65.45743,-22.68585,9.96990,0.00122,-0.36683,0.93028,0.00197,-0.68818,-0.67969,0.00057,
262,65.42420,-22.71663,9.96999,0.00122,-0.36684,0.93028,0.00197,-0.68832,-0.67918,0.00049,
262,65.39184,-22.74848,9.97003,0.00123,-0.36685,0.93028,0.00196,-0.68862,-0.67924,0.00040,
262,65.35993,-22.78004,9.97001,0.00124,-0.36686,0.93027,0.00196,-0.68872,-0.67917,0.00022,
262,65.32719,-22.81124,9.97043,0.00125,-0.36687,0.93027,0.00195,-0.68872,-0.67889,0.00028,
262,65.29519,-22.84055,9.97077,0.00124,-0.36688,0.93027,0.00195,-0.68815,-0.67789,0.00039,
262,65.26296,-22.86975,9.97144,0.00124,-0.36689,0.93026,0.00194,-0.68789,-0.67683,0.00055,
262,65.23054,-22.89870,9.97122,0.00124,-0.36690,0.93026,0.00193,-0.68787,-0.67568,0.00048,
262,65.18931,-22.92793,9.97395,0.00125,-0.36692,0.93025,0.00191,-0.68957,-0.67400,0.00110,
262,65.14934,-22.95562,9.97649,0.00125,-0.36695,0.93024,0.00189,-0.69063,-0.67190,0.00171,
262,65.11937,-22.98547,9.97448,0.00126,-0.36697,0.93023,0.00187,-0.69048,-0.67129,0.00127,
262,65.08409,-23.01974,9.97308,0.00128,-0.36699,0.93022,0.00187,-0.69158,-0.67203,0.00096,
262,65.04937,-23.05067,9.97222,0.00128,-0.36702,0.93021,0.00186,-0.69199,-0.67144,0.00081,
262,65.01683,-23.07982,9.97150,0.00129,-0.36704,0.93020,0.00185,-0.69225,-0.67054,0.00067,
263,64.98506,-23.10950,9.96911,0.00129,-0.36706,0.93019,0.00184,-0.69187,-0.66975,0.00015,
263,64.95339,-23.13958,9.96766,0.00128,-0.36708,0.93019,0.00184,-0.69124,-0.66910,-0.00013,
263,64.91954,-23.17038,9.96628,0.00129,-0.36710,0.93018,0.00183,-0.69145,-0.66854,-0.00045,
263,64.88945,-23.20253,9.96555,0.00129,-0.36711,0.93017,0.00182,-0.69094,-0.66860,-0.00060,
263,64.87293,-23.19345,9.96484,0.00131,-0.36733,0.93009,0.00169,-0.69282,-0.65629,0.00005,
263,64.83133,-23.23532,9.96327,0.00132,-0.36734,0.93008,0.00171,-0.69370,-0.65858,-0.00039,
263,64.79490,-23.26856,9.96194,0.00131,-0.36736,0.93008,0.00171,-0.69365,-0.65840,-0.00071,
263,64.75777,-23.30215,9.96026,0.00131,-0.36737,0.93007,0.00171,-0.69366,-0.65825,-0.00112,
263,64.72323,-23.33502,9.95998,0.00131,-0.36737,0.93007,0.00171,-0.69367,-0.65843,-0.00124,
263,64.69135,-23.36574,9.96053,0.00130,-0.36738,0.93007,0.00171,-0.69319,-0.65829,-0.00116,
263,64.65848,-23.39688,9.96136,0.00130,-0.36738,0.93007,0.00172,-0.69278,-0.65815,-0.00095,
263,64.62572,-23.42882,9.96186,0.00129,-0.36739,0.93007,0.00172,-0.69239,-0.65832,-0.00082,
263,64.59414,-23.46054,9.96208,0.00129,-0.36739,0.93006,0.00173,-0.69179,-0.65859,-0.00080,
263,64.56150,-23.49269,9.96238,0.00128,-0.36739,0.93007,0.00174,-0.69124,-0.65880,-0.00076,
263,64.52763,-23.52498,9.96300,0.00128,-0.36738,0.93007,0.00174,-0.69091,-0.65890,-0.00067,
263,64.49103,-23.55855,9.96478,0.00127,-0.36738,0.93007,0.00175,-0.69095,-0.65929,-0.00031,
263,64.45630,-23.59262,9.96617,0.00127,-0.36737,0.93007,0.00176,-0.69093,-0.66020,-0.00005,
263,64.42485,-23.62582,9.96700,0.00127,-0.36737,0.93007,0.00178,-0.69066,-0.66127,0.00010,
263,64.39221,-23.65953,9.96786,0.00127,-0.36736,0.93008,0.00179,-0.69055,-0.66238,0.00022,
264,64.35818,-23.69424,9.96719,0.00128,-0.36736,0.93008,0.00179,-0.69089,-0.66350,-0.00011,
264,64.32446,-23.72864,9.96640,0.00129,-0.36736,0.93008,0.00180,-0.69107,-0.66441,-0.00045,
264,64.28972,-23.76240,9.96667,0.00129,-0.36735,0.93008,0.00180,-0.69112,-0.66496,-0.00045,
264,64.25637,-23.79526,9.96760,0.00128,-0.36734,0.93008,0.00181,-0.69079,-0.66548,-0.00028,
264,64.20759,-23.83087,9.97119,0.00129,-0.36735,0.93008,0.00181,-0.69282,-0.66523,0.00050,
264,64.15519,-23.86817,9.97431,0.00130,-0.36735,0.93008,0.00180,-0.69572,-0.66518,0.00115,
264,64.11827,-23.90257,9.97547,0.00130,-0.36735,0.93008,0.00180,-0.69622,-0.66590,0.00140,
264,64.08467,-23.93348,9.97705,0.00129,-0.36735,0.93008,0.00181,-0.69573,-0.66564,0.00177,
264,64.05053,-23.96413,9.97795,0.00129,-0.36734,0.93008,0.00181,-0.69564,-0.66519,0.00198,
264,64.01679,-23.99485,9.97786,0.00129,-0.36734,0.93008,0.00181,-0.69566,-0.66484,0.00194,
264,63.98252,-24.02573,9.97803,0.00129,-0.36734,0.93008,0.00181,-0.69575,-0.66455,0.00200,
264,63.94706,-24.05738,9.97812,0.00129,-0.36734,0.93008,0.00181,-0.69622,-0.66436,0.00203,
264,63.91059,-24.08840,9.97709,0.00130,-0.36734,0.93008,0.00179,-0.69684,-0.66364,0.00175,
264,63.87615,-24.11709,9.97627,0.00129,-0.36734,0.93008,0.00178,-0.69683,-0.66227,0.00154,
264,63.84272,-24.14533,9.97605,0.00129,-0.36734,0.93008,0.00178,-0.69650,-0.66094,0.00151,
264,63.80508,-24.17674,9.97468,0.00130,-0.36735,0.93008,0.00176,-0.69755,-0.66030,0.00122,
264,63.77000,-24.20834,9.97140,0.00131,-0.36735,0.93008,0.00174,-0.69856,-0.65992,0.00050,
264,63.73937,-24.23586,9.96935,0.00132,-0.36736,0.93008,0.00173,-0.69821,-0.65861,0.00010,
264,63.70546,-24.26393,9.97042,0.00131,-0.36736,0.93008,0.00173,-0.69826,-0.65758,0.00038,
264,63.66923,-24.29327,9.97024,0.00132,-0.36736,0.93008,0.00172,-0.69913,-0.65659,0.00037,
264,63.63449,-24.32331,9.96867,0.00132,-0.36736,0.93008,0.00171,-0.69945,-0.65577,0.00000,
265,63.60483,-24.35227,9.96857,0.00132,-0.36735,0.93008,0.00170,-0.69877,-0.65509,0.00011,
265,63.57239,-24.38123,9.96902,0.00133,-0.36735,0.93008,0.00169,-0.69896,-0.65439,0.00033,
265,63.53660,-24.41024,9.96831,0.00133,-0.36735,0.93008,0.00168,-0.69944,-0.65325,0.00014,
265,63.50096,-24.43960,9.96786,0.00133,-0.36735,0.93008,0.00167,-0.69985,-0.65229,0.00000,
265,63.46714,-24.46781,9.96704,0.00133,-0.36735,0.93008,0.00167,-0.69972,-0.65115,-0.00022,
265,63.43633,-24.49504,9.96602,0.00132,-0.36735,0.93008,0.00166,-0.69901,-0.64990,-0.00047,
265,63.40422,-24.52423,9.96628,0.00132,-0.36734,0.93008,0.00166,-0.69868,-0.64936,-0.00041,
265,63.36974,-24.55623,9.96734,0.00132,-0.36734,0.93008,0.00167,-0.69877,-0.64966,-0.00020,
265,63.33796,-24.58625,9.96735,0.00131,-0.36734,0.93008,0.00167,-0.69822,-0.64937,-0.00025,
265,63.31794,-24.61371,9.96226,0.00130,-0.36733,0.93009,0.00168,-0.69577,-0.64887,-0.00127,
265,63.30028,-24.63762,9.95705,0.00128,-0.36732,0.93009,0.00167,-0.69327,-0.64758,-0.00232,
265,63.26770,-24.67069,9.95776,0.00128,-0.36732,0.93009,0.00168,-0.69279,-0.64831,-0.00225,
265,63.23320,-24.70747,9.95879,0.00128,-0.36732,0.93009,0.00170,-0.69270,-0.65005,-0.00213,
265,63.19723,-24.74581,9.96032,0.00128,-0.36731,0.93009,0.00172,-0.69286,-0.65212,-0.00191,
265,63.05316,-24.83482,9.96661,0.00123,-0.36739,0.93006,0.00162,-0.70011,-0.64988,0.00158,
265,63.01156,-24.87434,9.96907,0.00122,-0.36737,0.93007,0.00164,-0.70029,-0.65167,0.00196,
265,62.97335,-24.91176,9.97039,0.00123,-0.36737,0.93007,0.00166,-0.70099,-0.65347,0.00204,
265,62.94013,-24.94695,9.97270,0.00123,-0.36736,0.93008,0.00169,-0.70061,-0.65530,0.00246,
265,62.90717,-24.98143,9.97484,0.00123,-0.36736,0.93008,0.00171,-0.70016,-0.65699,0.00283,
266,62.87295,-25.01578,9.97559,0.00123,-0.36736,0.93008,0.00173,-0.69996,-0.65809,0.00286,
266,62.83822,-25.04977,9.97652,0.00122,-0.36736,0.93008,0.00174,-0.69965,-0.65889,0.00299,
266,62.80174,-25.08443,9.97735,0.00122,-0.36735,0.93008,0.00175,-0.69977,-0.65976,0.00311,
266,62.76431,-25.12016,9.97783,0.00123,-0.36735,0.93008,0.00176,-0.70035,-0.66091,0.00317,
266,62.72615,-25.15491,9.97788,0.00123,-0.36735,0.93008,0.00176,-0.70107,-0.66159,0.00317,
266,62.69065,-25.18849,9.97868,0.00124,-0.36735,0.93008,0.00176,-0.70121,-0.66213,0.00337,
266,62.65487,-25.22231,9.97847,0.00124,-0.36735,0.93008,0.00177,-0.70160,-0.66274,0.00326,
266,62.62222,-25.25314,9.97629,0.00124,-0.36735,0.93008,0.00176,-0.70154,-0.66248,0.00278,
266,62.59236,-25.28236,9.97539,0.00124,-0.36735,0.93008,0.00176,-0.70070,-0.66193,0.00265,
266,62.55898,-25.31458,9.97605,0.00124,-0.36735,0.93008,0.00177,-0.70033,-0.66218,0.00279,
266,62.52475,-25.34729,9.97623,0.00124,-0.36734,0.93008,0.00177,-0.70028,-0.66251,0.00283,
266,62.48936,-25.37988,9.97609,0.00123,-0.36734,0.93008,0.00177,-0.70017,-0.66260,0.00278,
266,62.45334,-25.41009,9.97678,0.00124,-0.36734,0.93008,0.00177,-0.70073,-0.66195,0.00284,
266,62.41768,-25.43948,9.97635,0.00125,-0.36734,0.93009,0.00176,-0.70131,-0.66104,0.00259,
266,62.38262,-25.47130,9.97608,0.00125,-0.36733,0.93009,0.00177,-0.70114,-0.66098,0.00243,
266,62.36024,-25.49883,9.97798,0.00125,-0.36732,0.93009,0.00179,-0.69972,-0.66147,0.00277,
266,62.34004,-25.52643,9.97985,0.00125,-0.36730,0.93010,0.00180,-0.69768,-0.66214,0.00309,
266,62.30745,-25.55736,9.98028,0.00124,-0.36730,0.93010,0.00181,-0.69681,-0.66187,0.00312,
266,62.27544,-25.58784,9.98107,0.00123,-0.36730,0.93010,0.00181,-0.69596,-0.66166,0.00325,
266,62.24505,-25.61785,9.98208,0.00122,-0.36729,0.93010,0.00182,-0.69488,-0.66153,0.00339,
266,62.20875,-25.65243,9.98505,0.00122,-0.36728,0.93011,0.00184,-0.69477,-0.66239,0.00390,
267,62.16913,-25.69037,9.98666,0.00122,-0.36728,0.93011,0.00185,-0.69545,-0.66403,0.00411,
267,62.13754,-25.72143,9.98629,0.00122,-0.36727,0.93011,0.00186,-0.69481,-0.66407,0.00399,
267,62.10650,-25.75198,9.98669,0.00122,-0.36727,0.93011,0.00186,-0.69391,-0.66400,0.00402,
267,62.07645,-25.78041,9.98765,0.00121,-0.36727,0.93011,0.00187,-0.69289,-0.66335,0.00425,
267,62.04455,-25.81117,9.98819,0.00120,-0.36726,0.93011,0.00187,-0.69226,-0.66330,0.00434,
267,62.00948,-25.84518,9.98782,0.00121,-0.36726,0.93012,0.00188,-0.69235,-0.66398,0.00413,
267,61.97714,-25.87590,9.98886,0.00120,-0.36726,0.93012,0.00188,-0.69182,-0.66391,0.00433,
267,61.94480,-25.90584,9.98916,0.00119,-0.36726,0.93012,0.00188,-0.69103,-0.66348,0.00436,
267,61.91579,-25.93490,9.98779,0.00118,-0.36726,0.93012,0.00188,-0.68955,-0.66280,0.00402,
267,61.88656,-25.96421,9.98750,0.00117,-0.36725,0.93012,0.00188,-0.68810,-0.66218,0.00390,
267,61.85407,-25.99716,9.98872,0.00117,-0.36721,0.93014,0.00189,-0.68777,-0.66215,0.00413,
267,61.82042,-26.02955,9.98967,0.00118,-0.36721,0.93014,0.00190,-0.68770,-0.66287,0.00434,
267,61.78969,-26.06258,9.99462,0.00119,-0.36720,0.93014,0.00191,-0.68787,-0.66409,0.00543,
267,61.75592,-26.09871,9.99811,0.00122,-0.36720,0.93014,0.00192,-0.68964,-0.66624,0.00609,
267,61.59838,-26.19493,10.01214,0.00131,-0.36733,0.93009,0.00184,-0.70500,-0.67255,0.01031,
267,61.56095,-26.22811,10.01462,0.00128,-0.36730,0.93010,0.00185,-0.70419,-0.67243,0.01087,
267,61.52354,-26.26403,10.01572,0.00127,-0.36729,0.93010,0.00187,-0.70414,-0.67337,0.01099,
267,61.48754,-26.29865,10.01580,0.00128,-0.36729,0.93010,0.00187,-0.70433,-0.67411,0.01080,
267,61.45510,-26.33134,10.01664,0.00127,-0.36729,0.93010,0.00188,-0.70377,-0.67478,0.01081,
268,61.42088,-26.36489,10.01758,0.00127,-0.36729,0.93011,0.00189,-0.70360,-0.67552,0.01092,
268,61.38470,-26.39772,10.01819,0.00128,-0.36729,0.93010,0.00189,-0.70432,-0.67577,0.01089,
268,61.35214,-26.42820,10.02002,0.00129,-0.36729,0.93010,0.00190,-0.70437,-0.67582,0.01119,
268,61.31986,-26.46034,10.02118,0.00129,-0.36729,0.93011,0.00191,-0.70433,-0.67667,0.01127,
268,61.28411,-26.49512,10.02194,0.00130,-0.36729,0.93010,0.00192,-0.70508,-0.67799,0.01124,
268,61.25302,-26.52738,10.02306,0.00130,-0.36728,0.93011,0.00193,-0.70445,-0.67866,0.01139,
268,61.22217,-26.55921,10.02364,0.00130,-0.36728,0.93011,0.00193,-0.70430,-0.67937,0.01141,
268,61.19126,-26.59097,10.02435,0.00131,-0.36728,0.93011,0.00194,-0.70490,-0.68037,0.01151,
268,61.15992,-26.62321,10.02554,0.00131,-0.36728,0.93011,0.00195,-0.70439,-0.68107,0.01171,
268,61.12419,-26.65749,10.02484,0.00131,-0.36728,0.93011,0.00195,-0.70390,-0.68128,0.01134,
268,61.09248,-26.69053,10.02366,0.00130,-0.36727,0.93011,0.00196,-0.70288,-0.68162,0.01100,
268,61.05534,-26.72471,10.02376,0.00128,-0.36727,0.93011,0.00196,-0.70245,-0.68149,0.01091,
268,61.01868,-26.76003,10.02220,0.00128,-0.36727,0.93011,0.00196,-0.70237,-0.68188,0.01040,
268,60.98878,-26.79124,10.01967,0.00128,-0.36726,0.93012,0.00196,-0.70160,-0.68180,0.00977,
268,60.95403,-26.82427,10.01793,0.00129,-0.36726,0.93012,0.00196,-0.70150,-0.68175,0.00925,
268,60.91985,-26.85801,10.01747,0.00129,-0.36726,0.93012,0.00196,-0.70181,-0.68243,0.00903,
268,60.88307,-26.89637,10.01460,0.00130,-0.36725,0.93012,0.00196,-0.70240,-0.68402,0.00810,
268,60.84601,-26.93377,10.01148,0.00131,-0.36725,0.93012,0.00196,-0.70250,-0.68510,0.00715,
268,60.80887,-26.96778,10.00929,0.00132,-0.36725,0.93012,0.00195,-0.70292,-0.68503,0.00657,
268,60.76341,-27.00627,10.00762,0.00133,-0.36726,0.93012,0.00196,-0.70487,-0.68585,0.00613,
268,60.72129,-27.04356,10.00610,0.00134,-0.36726,0.93012,0.00196,-0.70705,-0.68694,0.00571,
269,60.68671,-27.07744,10.00233,0.00136,-0.36726,0.93011,0.00195,-0.70766,-0.68712,0.00482,
269,60.65098,-27.11013,10.00077,0.00136,-0.36726,0.93011,0.00194,-0.70793,-0.68699,0.00446,
269,60.61856,-27.13941,9.99923,0.00136,-0.36726,0.93011,0.00194,-0.70758,-0.68595,0.00407,
269,60.58797,-27.16731,9.99704,0.00136,-0.36726,0.93011,0.00192,-0.70683,-0.68442,0.00356,
269,60.55812,-27.19716,9.99373,0.00135,-0.36726,0.93012,0.00191,-0.70608,-0.68345,0.00287,
269,60.52940,-27.22814,9.98837,0.00135,-0.36726,0.93012,0.00190,-0.70541,-0.68293,0.00171,
269,60.49883,-27.25794,9.98545,0.00135,-0.36726,0.93012,0.00189,-0.70510,-0.68230,0.00103,
269,60.46746,-27.28670,9.98264,0.00135,-0.36726,0.93012,0.00187,-0.70519,-0.68143,0.00029,
269,60.43710,-27.31598,9.97916,0.00135,-0.36726,0.93012,0.00186,-0.70496,-0.68071,-0.00061,
269,60.40741,-27.34850,9.97664,0.00135,-0.36725,0.93012,0.00186,-0.70451,-0.68114,-0.00120,
269,60.37842,-27.38025,9.97584,0.00135,-0.36725,0.93012,0.00187,-0.70366,-0.68152,-0.00136,
269,60.34843,-27.41018,9.97412,0.00135,-0.36725,0.93012,0.00187,-0.70336,-0.68131,-0.00171,
269,60.33177,-27.43684,9.97141,0.00135,-0.36724,0.93012,0.00187,-0.70186,-0.68183,-0.00223,
269,60.31412,-27.46437,9.97094,0.00135,-0.36723,0.93013,0.00189,-0.70022,-0.68264,-0.00237,
269,60.27960,-27.49916,9.97019,0.00135,-0.36723,0.93013,0.00189,-0.70046,-0.68353,-0.00266,
269,60.24313,-27.53388,9.96968,0.00135,-0.36723,0.93013,0.00189,-0.70091,-0.68418,-0.00285,
269,60.12747,-27.58409,9.97558,0.00151,-0.36739,0.93006,0.00170,-0.72008,-0.68284,-0.00243,
269,60.08634,-27.62696,9.97956,0.00148,-0.36732,0.93009,0.00175,-0.71916,-0.68443,-0.00176,
269,60.05015,-27.66201,9.98072,0.00148,-0.36733,0.93009,0.00176,-0.71962,-0.68554,-0.00166,
270,60.01406,-27.69668,9.98258,0.00149,-0.36734,0.93009,0.00178,-0.72019,-0.68686,-0.00144,
270,59.97747,-27.73262,9.98400,0.00148,-0.36734,0.93008,0.00180,-0.72026,-0.68827,-0.00122,
270,59.94364,-27.76774,9.98423,0.00148,-0.36735,0.93008,0.00182,-0.71971,-0.68938,-0.00118,
270,59.90950,-27.80207,9.98607,0.00147,-0.36736,0.93008,0.00184,-0.71923,-0.69041,-0.00076,
270,59.87093,-27.83773,9.98993,0.00146,-0.36736,0.93007,0.00186,-0.71960,-0.69178,0.00018,
270,59.83513,-27.87317,9.99209,0.00146,-0.36737,0.93007,0.00189,-0.72010,-0.69349,0.00064,
270,59.80502,-27.90642,9.99320,0.00146,-0.36738,0.93007,0.00191,-0.71965,-0.69500,0.00087,
270,59.77577,-27.93855,9.99326,0.00145,-0.36739,0.93006,0.00192,-0.71849,-0.69572,0.00082,
270,59.73746,-27.97496,9.99301,0.00145,-0.36740,0.93006,0.00193,-0.71884,-0.69652,0.00059,
270,59.68744,-28.01265,9.99701,0.00146,-0.36741,0.93005,0.00193,-0.72067,-0.69688,0.00133,
270,59.64573,-28.04644,9.99927,0.00145,-0.36743,0.93005,0.00194,-0.72110,-0.69681,0.00177,
270,59.61530,-28.07842,9.99906,0.00144,-0.36743,0.93005,0.00195,-0.71982,-0.69706,0.00176,
270,59.57017,-28.11777,9.99917,0.00143,-0.36745,0.93004,0.00196,-0.71989,-0.69752,0.00190,
270,59.52214,-28.15935,9.99821,0.00143,-0.36746,0.93004,0.00197,-0.72074,-0.69828,0.00176,
270,59.48547,-28.19389,9.99791,0.00143,-0.36747,0.93003,0.00197,-0.72109,-0.69873,0.00171,
270,59.45104,-28.22732,9.99827,0.00143,-0.36747,0.93003,0.00198,-0.72115,-0.69931,0.00174,
270,59.41652,-28.25993,9.99760,0.00143,-0.36748,0.93003,0.00197,-0.72095,-0.69920,0.00144,
270,59.38054,-28.29247,9.99823,0.00142,-0.36748,0.93003,0.00197,-0.72079,-0.69896,0.00137,
270,59.34401,-28.32545,10.00078,0.00143,-0.36749,0.93002,0.00197,-0.72116,-0.69916,0.00182,
270,59.30642,-28.36083,10.00072,0.00145,-0.36749,0.93002,0.00195,-0.72244,-0.69988,0.00183,
270,59.26939,-28.39784,9.99744,0.00146,-0.36749,0.93002,0.00194,-0.72328,-0.70062,0.00109,
271,59.22951,-28.43468,9.99281,0.00147,-0.36748,0.93003,0.00192,-0.72398,-0.70034,0.00012,
271,59.19024,-28.46909,9.98832,0.00147,-0.36748,0.93003,0.00189,-0.72461,-0.69924,-0.00074,
271,59.17056,-28.49449,9.98403,0.00146,-0.36746,0.93004,0.00188,-0.72294,-0.69804,-0.00157,
271,59.15225,-28.51805,9.98197,0.00147,-0.36743,0.93005,0.00188,-0.72205,-0.69717,-0.00195,
271,59.11559,-28.54839,9.97914,0.00148,-0.36742,0.93005,0.00185,-0.72334,-0.69598,-0.00252,
271,59.08121,-28.57759,9.97669,0.00149,-0.36741,0.93006,0.00183,-0.72419,-0.69470,-0.00299,
271,59.03699,-28.61515,9.97285,0.00150,-0.36739,0.93006,0.00182,-0.72519,-0.69452,-0.00380,
271,58.99233,-28.65393,9.96772,0.00149,-0.36738,0.93007,0.00181,-0.72592,-0.69442,-0.00485,
271,58.95857,-28.68563,9.96606,0.00150,-0.36736,0.93007,0.00180,-0.72598,-0.69391,-0.00516,
271,58.93692,-28.71190,9.96383,0.00150,-0.36734,0.93008,0.00179,-0.72515,-0.69360,-0.00558,
271,58.91576,-28.73830,9.96183,0.00149,-0.36731,0.93009,0.00180,-0.72397,-0.69351,-0.00597,
271,59.05442,-28.59023,9.97259,0.00154,-0.36742,0.93005,0.00169,-0.71893,-0.67487,-0.00461,
271,59.01506,-28.62694,9.97855,0.00153,-0.36739,0.93006,0.00172,-0.71873,-0.67591,-0.00332,
271,58.97866,-28.66228,9.97826,0.00153,-0.36738,0.93007,0.00172,-0.71864,-0.67650,-0.00336,
271,58.94568,-28.69609,9.97793,0.00152,-0.36736,0.93008,0.00173,-0.71801,-0.67728,-0.00345,
271,58.91377,-28.72846,9.97734,0.00151,-0.36734,0.93008,0.00174,-0.71757,-0.67779,-0.00364,
271,58.88153,-28.76236,9.97705,0.00151,-0.36733,0.93009,0.00175,-0.71735,-0.67891,-0.00386,
271,58.84563,-28.80165,9.97560,0.00152,-0.36732,0.93009,0.00176,-0.71770,-0.68137,-0.00431,
271,58.80246,-28.84390,9.97520,0.00152,-0.36731,0.93009,0.00178,-0.71891,-0.68396,-0.00445,
272,58.76205,-28.88266,9.97524,0.00152,-0.36730,0.93010,0.00179,-0.71958,-0.68557,-0.00436,
272,58.72188,-28.92230,9.97559,0.00153,-0.36729,0.93010,0.00181,-0.72037,-0.68774,-0.00424,
272,58.68155,-28.96248,9.97743,0.00152,-0.36728,0.93011,0.00184,-0.72091,-0.69039,-0.00392,
272,58.63420,-29.00790,9.97623,0.00152,-0.36727,0.93011,0.00185,-0.72169,-0.69296,-0.00420,
272,58.58517,-29.05498,9.97429,0.00151,-0.36726,0.93011,0.00187,-0.72255,-0.69562,-0.00463,
272,58.54317,-29.09665,9.97510,0.00151,-0.36725,0.93012,0.00189,-0.72293,-0.69800,-0.00443,
272,58.50575,-29.13546,9.97527,0.00150,-0.36723,0.93013,0.00192,-0.72248,-0.69973,-0.00420,
272,58.47036,-29.17171,9.97653,0.00149,-0.36722,0.93013,0.00194,-0.72196,-0.70104,-0.00364,
272,58.43527,-29.20682,9.97929,0.00149,-0.36720,0.93014,0.00196,-0.72170,-0.70239,-0.00289,
272,58.39990,-29.24181,9.98131,0.00148,-0.36719,0.93014,0.00198,-0.72155,-0.70346,-0.00228,
272,58.36246,-29.27880,9.98131,0.00148,-0.36718,0.93015,0.00199,-0.72165,-0.70465,-0.00228,
272,58.32563,-29.31540,9.98168,0.00148,-0.36717,0.93015,0.00201,-0.72148,-0.70572,-0.00225,
272,58.28592,-29.34899,9.98293,0.00148,-0.36717,0.93015,0.00201,-0.72254,-0.70569,-0.00200,
272,58.24809,-29.38501,9.98342,0.00148,-0.36717,0.93015,0.00202,-0.72303,-0.70662,-0.00183,
272,58.21299,-29.41972,9.98443,0.00148,-0.36717,0.93015,0.00203,-0.72304,-0.70756,-0.00160,
272,58.18006,-29.45293,9.98594,0.00147,-0.36717,0.93015,0.00204,-0.72246,-0.70826,-0.00126,
272,58.14543,-29.48609,9.98748,0.00147,-0.36718,0.93015,0.00205,-0.72239,-0.70877,-0.00093,
272,58.10907,-29.52037,9.98806,0.00147,-0.36719,0.93014,0.00206,-0.72296,-0.70953,-0.00085,
272,58.03851,-29.58253,9.98078,0.00143,-0.36723,0.93013,0.00211,-0.72703,-0.71972,-0.00033,
272,57.98931,-29.63151,9.98607,0.00141,-0.36722,0.93013,0.00214,-0.72689,-0.72177,0.00106,
272,57.95050,-29.66877,9.98688,0.00141,-0.36723,0.93013,0.00214,-0.72728,-0.72262,0.00118,
273,57.91338,-29.70448,9.98631,0.00141,-0.36725,0.93012,0.00214,-0.72743,-0.72304,0.00085,
273,57.88028,-29.73812,9.98317,0.00141,-0.36726,0.93011,0.00214,-0.72761,-0.72324,-0.00008,
273,57.84806,-29.77175,9.98090,0.00142,-0.36727,0.93011,0.00213,-0.72781,-0.72375,-0.00082,
273,57.81298,-29.80600,9.97865,0.00142,-0.36729,0.93010,0.00213,-0.72811,-0.72387,-0.00149,
273,57.77489,-29.83912,9.97697,0.00143,-0.36731,0.93010,0.00211,-0.72927,-0.72338,-0.00197,
273,57.74124,-29.87582,9.97653,0.00142,-0.36731,0.93010,0.00213,-0.72823,-0.72449,-0.00196,
273,57.70671,-29.91191,9.97619,0.00140,-0.36731,0.93009,0.00214,-0.72708,-0.72490,-0.00188,
273,57.67005,-29.94377,9.97504,0.00140,-0.36732,0.93009,0.00213,-0.72754,-0.72386,-0.00215,
273,57.63558,-29.97478,9.97386,0.00141,-0.36734,0.93008,0.00211,-0.72794,-0.72303,-0.00240,
273,57.59812,-30.00675,9.97232,0.00142,-0.36735,0.93008,0.00210,-0.72937,-0.72241,-0.00274,
273,57.55898,-30.04140,9.97047,0.00143,-0.36737,0.93007,0.00208,-0.73093,-0.72255,-0.00316,
273,57.52152,-30.07666,9.96979,0.00143,-0.36737,0.93007,0.00208,-0.73170,-0.72313,-0.00341,
273,57.48357,-30.11172,9.96985,0.00144,-0.36738,0.93007,0.00208,-0.73238,-0.72347,-0.00357,
273,57.44538,-30.14610,9.97035,0.00144,-0.36738,0.93007,0.00208,-0.73274,-0.72344,-0.00358,
273,57.40824,-30.18084,9.97028,0.00145,-0.36738,0.93007,0.00208,-0.73285,-0.72367,-0.00366,
273,57.37173,-30.21657,9.96921,0.00145,-0.36737,0.93007,0.00208,-0.73309,-0.72425,-0.00395,
273,57.33443,-30.25348,9.96862,0.00145,-0.36736,0.93007,0.00208,-0.73297,-0.72491,-0.00414,
273,57.29806,-30.29092,9.97140,0.00145,-0.36735,0.93008,0.00210,-0.73269,-0.72631,-0.00341,
273,57.26059,-30.32684,9.97537,0.00146,-0.36732,0.93009,0.00211,-0.73327,-0.72736,-0.00228,
274,57.22702,-30.36460,9.97511,0.00145,-0.36731,0.93010,0.00213,-0.73248,-0.72908,-0.00247,
274,57.19432,-30.40375,9.97321,0.00145,-0.36728,0.93011,0.00214,-0.73152,-0.73116,-0.00325,
274,57.15988,-30.44185,9.97165,0.00145,-0.36726,0.93011,0.00215,-0.73106,-0.73288,-0.00390,
274,57.12093,-30.48219,9.97235,0.00145,-0.36724,0.93012,0.00217,-0.73113,-0.73486,-0.00381,
274,57.07835,-30.52590,9.97526,0.00145,-0.36722,0.93013,0.00219,-0.73154,-0.73757,-0.00313,
274,57.03928,-30.56801,9.97643,0.00145,-0.36720,0.93014,0.00221,-0.73164,-0.73998,-0.00276,
274,57.00698,-30.60793,9.97608,0.00144,-0.36718,0.93015,0.00224,-0.73057,-0.74239,-0.00273,
274,56.97132,-30.64500,9.97609,0.00144,-0.36716,0.93015,0.00225,-0.73069,-0.74376,-0.00279,
274,56.93217,-30.68258,9.97920,0.00144,-0.36714,0.93016,0.00226,-0.73120,-0.74515,-0.00221,
274,57.04794,-30.57712,9.96229,0.00135,-0.36709,0.93018,0.00220,-0.71917,-0.73247,-0.00394,
274,57.01143,-30.62036,9.96523,0.00135,-0.36705,0.93020,0.00221,-0.71823,-0.73457,-0.00344,
274,56.97321,-30.66102,9.96457,0.00136,-0.36703,0.93021,0.00222,-0.71870,-0.73642,-0.00370,
274,56.93447,-30.70029,9.96344,0.00137,-0.36701,0.93021,0.00221,-0.71930,-0.73767,-0.00401,
274,56.89900,-30.73710,9.96292,0.00137,-0.36700,0.93022,0.00222,-0.71892,-0.73840,-0.00420,
274,56.86497,-30.77367,9.96233,0.00136,-0.36698,0.93022,0.00223,-0.71800,-0.73920,-0.00444,
274,56.82777,-30.81039,9.96080,0.00136,-0.36697,0.93023,0.00223,-0.71815,-0.73966,-0.00486,
274,56.79205,-30.84455,9.95898,0.00136,-0.36696,0.93023,0.00222,-0.71818,-0.73930,-0.00515,
274,56.75835,-30.87648,9.95757,0.00135,-0.36695,0.93024,0.00221,-0.71745,-0.73822,-0.00533,
274,56.72703,-30.91028,9.95644,0.00134,-0.36694,0.93024,0.00221,-0.71647,-0.73839,-0.00553,
274,56.69386,-30.94308,9.95334,0.00134,-0.36693,0.93025,0.00220,-0.71667,-0.73794,-0.00635,
274,56.65254,-30.97595,9.95358,0.00134,-0.36692,0.93025,0.00218,-0.71779,-0.73645,-0.00624,
275,56.61207,-31.00864,9.95512,0.00134,-0.36692,0.93025,0.00217,-0.71807,-0.73479,-0.00569,
275,56.57940,-31.03697,9.95191,0.00133,-0.36691,0.93025,0.00215,-0.71730,-0.73219,-0.00642,
275,56.54604,-31.06540,9.94941,0.00132,-0.36690,0.93026,0.00214,-0.71693,-0.72997,-0.00687,
275,56.51383,-31.09485,9.94654,0.00132,-0.36690,0.93026,0.00212,-0.71687,-0.72858,-0.00739,
275,56.48006,-31.12304,9.94472,0.00132,-0.36690,0.93026,0.00211,-0.71693,-0.72660,-0.00768,
275,56.44537,-31.15020,9.94347,0.00132,-0.36690,0.93026,0.00209,-0.71692,-0.72405,-0.00780,
275,56.41333,-31.17753,9.94194,0.00130,-0.36691,0.93025,0.00207,-0.71613,-0.72184,-0.00794,
275,56.38206,-31.20447,9.94075,0.00129,-0.36691,0.93025,0.00206,-0.71526,-0.71961,-0.00798,
275,56.35726,-31.22735,9.93682,0.00128,-0.36692,0.93025,0.00204,-0.71376,-0.71676,-0.00857,
275,56.33057,-31.25186,9.93428,0.00127,-0.36694,0.93024,0.00203,-0.71238,-0.71450,-0.00888,
275,56.30464,-31.27716,9.93154,0.00126,-0.36694,0.93024,0.00202,-0.71088,-0.71259,-0.00924,
275,56.28049,-31.30059,9.92768,0.00125,-0.36695,0.93024,0.00200,-0.70948,-0.71027,-0.00986,
275,56.25251,-31.32549,9.92619,0.00124,-0.36697,0.93023,0.00199,-0.70852,-0.70811,-0.00999,
275,56.22584,-31.35071,9.92436,0.00123,-0.36698,0.93023,0.00199,-0.70678,-0.70602,-0.01016,
275,56.19520,-31.37857,9.92319,0.00122,-0.36699,0.93022,0.00198,-0.70599,-0.70454,-0.01021,
275,56.16449,-31.40774,9.92232,0.00121,-0.36700,0.93022,0.00197,-0.70523,-0.70339,-0.01023,
275,56.13448,-31.43739,9.92247,0.00119,-0.36701,0.93022,0.00198,-0.70393,-0.70252,-0.01001,
275,56.10605,-31.46566,9.92066,0.00118,-0.36702,0.93021,0.00198,-0.70264,-0.70158,-0.01022,
275,56.07709,-31.49442,9.91814,0.00117,-0.36703,0.93021,0.00198,-0.70141,-0.70073,-0.01061,
276,56.04242,-31.52664,9.91933,0.00116,-0.36703,0.93020,0.00198,-0.70077,-0.70026,-0.01026,
276,56.00481,-31.55977,9.92069,0.00115,-0.36704,0.93020,0.00199,-0.70061,-0.69989,-0.00994,
276,55.96701,-31.59271,9.91787,0.00116,-0.36706,0.93020,0.00198,-0.70104,-0.69930,-0.01065,
276,55.92784,-31.62953,9.91606,0.00116,-0.36707,0.93019,0.00198,-0.70164,-0.69986,-0.01125,
276,55.92809,-31.60096,9.88267,0.00117,-0.36711,0.93018,0.00181,-0.70178,-0.68684,-0.01567,
276,55.86920,-31.66000,9.88476,0.00119,-0.36710,0.93018,0.00184,-0.70441,-0.69153,-0.01521,
276,55.82620,-31.70166,9.88495,0.00119,-0.36711,0.93018,0.00185,-0.70480,-0.69301,-0.01515,
276,55.78877,-31.74110,9.88372,0.00118,-0.36711,0.93018,0.00186,-0.70425,-0.69446,-0.01533,
276,55.76827,-31.77909,9.87888,0.00116,-0.36710,0.93018,0.00189,-0.70109,-0.69709,-0.01617,
276,55.74241,-31.81882,9.87189,0.00115,-0.36709,0.93018,0.00191,-0.69963,-0.69996,-0.01741,
276,55.70371,-31.85748,9.86953,0.00116,-0.36709,0.93018,0.00192,-0.70093,-0.70182,-0.01776,
276,55.67320,-31.89283,9.86897,0.00115,-0.36707,0.93019,0.00194,-0.70014,-0.70332,-0.01769,
276,55.64306,-31.92849,9.86792,0.00114,-0.36706,0.93020,0.00195,-0.69903,-0.70477,-0.01766,
276,55.61225,-31.96581,9.86678,0.00114,-0.36704,0.93020,0.00197,-0.69818,-0.70682,-0.01775,
276,55.57809,-32.00496,9.86589,0.00114,-0.36702,0.93021,0.00199,-0.69787,-0.70907,-0.01769,
276,55.54552,-32.04427,9.86636,0.00113,-0.36700,0.93022,0.00201,-0.69673,-0.71107,-0.01735,
276,55.51034,-32.08157,9.86909,0.00112,-0.36697,0.93023,0.00203,-0.69568,-0.71190,-0.01671,
276,55.46843,-32.11988,9.87224,0.00112,-0.36695,0.93024,0.00204,-0.69605,-0.71270,-0.01576,
276,55.43283,-32.15661,9.87162,0.00111,-0.36693,0.93025,0.00204,-0.69562,-0.71340,-0.01561,
276,55.39894,-32.19158,9.86963,0.00111,-0.36691,0.93025,0.00204,-0.69538,-0.71393,-0.01581,
276,55.36250,-32.22624,9.86868,0.00112,-0.36690,0.93026,0.00205,-0.69603,-0.71442,-0.01602,
277,55.32737,-32.26029,9.86872,0.00113,-0.36688,0.93027,0.00205,-0.69642,-0.71486,-0.01609,
277,55.29380,-32.29585,9.86833,0.00113,-0.36686,0.93027,0.00205,-0.69611,-0.71581,-0.01616,
277,55.25505,-32.33110,9.86847,0.00113,-0.36685,0.93028,0.00205,-0.69660,-0.71584,-0.01592,
277,55.21830,-32.36522,9.86993,0.00113,-0.36684,0.93028,0.00205,-0.69666,-0.71578,-0.01536,
277,55.18578,-32.39492,9.86707,0.00113,-0.36683,0.93029,0.00204,-0.69654,-0.71462,-0.01586,
277,55.15445,-32.42331,9.86332,0.00114,-0.36682,0.93029,0.00202,-0.69684,-0.71348,-0.01670,
277,55.12404,-32.45254,9.86151,0.00115,-0.36681,0.93029,0.00200,-0.69705,-0.71292,-0.01701,
277,55.22593,-32.34910,9.85609,0.00107,-0.36680,0.93030,0.00195,-0.68672,-0.69640,-0.01303,
277,55.17634,-32.39717,9.85550,0.00107,-0.36678,0.93031,0.00194,-0.68769,-0.69683,-0.01303,
277,55.14513,-32.42705,9.85358,0.00107,-0.36677,0.93031,0.00193,-0.68723,-0.69536,-0.01322,
277,55.11804,-32.45705,9.85037,0.00107,-0.36676,0.93031,0.00192,-0.68603,-0.69468,-0.01390,
277,55.08441,-32.48735,9.84777,0.00107,-0.36675,0.93032,0.00190,-0.68623,-0.69311,-0.01454,
277,55.04711,-32.51714,9.84832,0.00108,-0.36674,0.93032,0.00188,-0.68709,-0.69137,-0.01442,
277,55.01221,-32.54702,9.84776,0.00108,-0.36673,0.93032,0.00187,-0.68751,-0.69003,-0.01465,
277,54.98341,-32.57470,9.84492,0.00108,-0.36672,0.93033,0.00185,-0.68698,-0.68837,-0.01518,
277,54.95913,-32.60282,9.84141,0.00107,-0.36671,0.93033,0.00185,-0.68540,-0.68747,-0.01594,
277,54.93809,-32.63022,9.84013,0.00106,-0.36670,0.93034,0.00186,-0.68314,-0.68723,-0.01640,
277,54.90657,-32.66052,9.83956,0.00106,-0.36670,0.93034,0.00186,-0.68310,-0.68672,-0.01625,
277,54.87139,-32.69282,9.83854,0.00106,-0.36670,0.93034,0.00185,-0.68376,-0.68622,-0.01626,
278,54.83582,-32.72800,9.83652,0.00106,-0.36670,0.93033,0.00185,-0.68419,-0.68660,-0.01659,
278,54.79917,-32.76479,9.83430,0.00106,-0.36671,0.93033,0.00186,-0.68463,-0.68746,-0.01694,
278,54.77080,-32.79673,9.83159,0.00105,-0.36672,0.93033,0.00186,-0.68341,-0.68741,-0.01727,
278,54.74496,-32.82988,9.82599,0.00106,-0.36673,0.93033,0.00186,-0.68271,-0.68837,-0.01838,
278,54.71199,-32.86715,9.81980,0.00108,-0.36675,0.93032,0.00186,-0.68435,-0.69061,-0.01970,
278,54.67786,-32.90578,9.81695,0.00108,-0.36676,0.93031,0.00188,-0.68435,-0.69269,-0.02011,
278,54.64252,-32.94491,9.81385,0.00108,-0.36678,0.93031,0.00189,-0.68413,-0.69432,-0.02046,
278,54.60315,-32.98914,9.81263,0.00108,-0.36679,0.93030,0.00191,-0.68434,-0.69751,-0.02065,
278,54.56565,-33.03236,9.81406,0.00108,-0.36680,0.93030,0.00195,-0.68403,-0.70113,-0.02029,
278,54.52757,-33.07229,9.81436,0.00108,-0.36681,0.93029,0.00197,-0.68446,-0.70356,-0.02027,
278,54.48820,-33.11055,9.81620,0.00109,-0.36682,0.93029,0.00199,-0.68513,-0.70529,-0.01980,
278,54.44556,-33.15100,9.82029,0.00109,-0.36683,0.93028,0.00202,-0.68587,-0.70711,-0.01856,
278,54.40781,-33.19205,9.82204,0.00109,-0.36684,0.93028,0.00204,-0.68551,-0.70921,-0.01802,
278,54.43887,-33.16484,9.81273,0.00104,-0.36683,0.93029,0.00203,-0.67996,-0.70446,-0.01969,
278,54.39344,-33.21147,9.81751,0.00105,-0.36682,0.93029,0.00206,-0.68058,-0.70735,-0.01847,
278,54.35799,-33.25108,9.81760,0.00105,-0.36682,0.93029,0.00209,-0.68010,-0.70962,-0.01831,
278,54.32262,-33.28906,9.81809,0.00105,-0.36683,0.93028,0.00210,-0.68022,-0.71164,-0.01798,
278,54.28939,-33.32610,9.81800,0.00106,-0.36683,0.93028,0.00212,-0.68004,-0.71353,-0.01790,
278,54.26275,-33.36029,9.81835,0.00105,-0.36683,0.93029,0.00214,-0.67830,-0.71507,-0.01765,
278,54.23489,-33.39360,9.81978,0.00104,-0.36682,0.93029,0.00216,-0.67730,-0.71640,-0.01697,
278,54.20367,-33.42953,9.81958,0.00104,-0.36682,0.93029,0.00218,-0.67662,-0.71800,-0.01676,
279,54.17568,-33.46358,9.81915,0.00103,-0.36680,0.93030,0.00219,-0.67500,-0.71904,-0.01671,
279,54.15607,-33.49166,9.81982,0.00104,-0.36679,0.93030,0.00220,-0.67358,-0.71994,-0.01645,
279,54.13163,-33.52066,9.82075,0.00105,-0.36678,0.93031,0.00220,-0.67361,-0.72067,-0.01606,
279,54.09376,-33.55695,9.82116,0.00106,-0.36677,0.93031,0.00221,-0.67459,-0.72148,-0.01582,
279,54.05979,-33.59384,9.81996,0.00106,-0.36675,0.93032,0.00221,-0.67433,-0.72263,-0.01599,
279,54.02285,-33.62895,9.81942,0.00106,-0.36673,0.93032,0.00221,-0.67492,-0.72272,-0.01594,
279,53.97920,-33.66565,9.81961,0.00108,-0.36672,0.93033,0.00220,-0.67694,-0.72276,-0.01580,
279,53.93943,-33.70299,9.81816,0.00109,-0.36671,0.93033,0.00219,-0.67809,-0.72327,-0.01602,
279,53.89863,-33.73895,9.81516,0.00109,-0.36669,0.93034,0.00218,-0.67906,-0.72266,-0.01660,
279,53.86371,-33.77324,9.81197,0.00109,-0.36668,0.93035,0.00218,-0.67882,-0.72238,-0.01721,
279,53.82914,-33.80685,9.81159,0.00109,-0.36666,0.93035,0.00217,-0.67893,-0.72225,-0.01724,
279,53.79213,-33.84056,9.81297,0.00110,-0.36664,0.93036,0.00217,-0.67940,-0.72193,-0.01675,
279,53.75940,-33.87227,9.81283,0.00109,-0.36663,0.93036,0.00217,-0.67934,-0.72138,-0.01666,
279,53.73083,-33.90011,9.81126,0.00109,-0.36661,0.93037,0.00215,-0.67888,-0.71995,-0.01684,
279,53.62536,-33.98292,9.80640,0.00105,-0.36660,0.93038,0.00210,-0.68766,-0.72375,-0.01559,
279,53.56744,-34.03541,9.80886,0.00106,-0.36658,0.93038,0.00211,-0.68990,-0.72526,-0.01505,
279,53.53274,-34.06799,9.80886,0.00107,-0.36657,0.93039,0.00210,-0.69054,-0.72432,-0.01498,
279,53.49932,-34.09915,9.80809,0.00108,-0.36656,0.93039,0.00208,-0.69127,-0.72333,-0.01520,
279,53.46231,-34.13395,9.80681,0.00107,-0.36655,0.93040,0.00207,-0.69134,-0.72267,-0.01551,
280,53.42964,-34.16717,9.80445,0.00107,-0.36654,0.93040,0.00206,-0.69126,-0.72217,-0.01619,
280,53.39776,-34.20019,9.80252,0.00107,-0.36653,0.93040,0.00204,-0.69112,-0.72173,-0.01660,
280,53.36432,-34.23340,9.80231,0.00107,-0.36651,0.93041,0.00204,-0.69076,-0.72113,-0.01627,
280,53.33460,-34.26528,9.80179,0.00108,-0.36650,0.93042,0.00204,-0.69008,-0.72094,-0.01606,
280,53.30890,-34.29835,9.80002,0.00107,-0.36648,0.93042,0.00206,-0.68839,-0.72191,-0.01633,
280,53.27897,-34.33267,9.79869,0.00107,-0.36646,0.93043,0.00208,-0.68745,-0.72274,-0.01658,
280,53.24515,-34.36639,9.79904,0.00107,-0.36645,0.93043,0.00208,-0.68750,-0.72292,-0.01639,
280,53.21123,-34.40090,9.79956,0.00107,-0.36645,0.93044,0.00209,-0.68750,-0.72350,-0.01623,
280,53.17741,-34.43663,9.79903,0.00107,-0.36644,0.93044,0.00210,-0.68702,-0.72410,-0.01638,
280,53.14298,-34.47309,9.79879,0.00107,-0.36644,0.93044,0.00211,-0.68695,-0.72528,-0.01659,
280,53.12267,-34.50748,9.79574,0.00106,-0.36642,0.93045,0.00214,-0.68405,-0.72711,-0.01733,
280,53.10156,-34.54103,9.79218,0.00105,-0.36642,0.93045,0.00216,-0.68127,-0.72819,-0.01799,
280,53.06681,-34.57719,9.79254,0.00105,-0.36642,0.93045,0.00217,-0.68141,-0.72922,-0.01777,
280,53.02465,-34.61783,9.79458,0.00107,-0.36643,0.93044,0.00219,-0.68314,-0.73143,-0.01748,
280,52.98078,-34.65883,9.79626,0.00108,-0.36645,0.93043,0.00220,-0.68491,-0.73340,-0.01742,
280,52.94379,-34.69701,9.79692,0.00109,-0.36646,0.93043,0.00222,-0.68495,-0.73482,-0.01742,
280,52.91438,-34.73562,9.79710,0.00109,-0.36646,0.93043,0.00225,-0.68377,-0.73766,-0.01741,
280,52.87560,-34.76099,9.80346,0.00103,-0.36642,0.93044,0.00228,-0.68375,-0.73798,-0.01450,
280,52.83037,-34.80419,9.80831,0.00103,-0.36643,0.93044,0.00230,-0.68423,-0.73912,-0.01286,
280,52.78799,-34.84635,9.80789,0.00103,-0.36645,0.93044,0.00231,-0.68464,-0.74025,-0.01273,
280,52.74499,-34.88564,9.81092,0.00104,-0.36646,0.93043,0.00232,-0.68578,-0.74126,-0.01226,
281,52.70523,-34.92769,9.81188,0.00105,-0.36648,0.93042,0.00234,-0.68644,-0.74393,-0.01214,
281,52.67183,-34.96513,9.80979,0.00105,-0.36649,0.93042,0.00234,-0.68581,-0.74468,-0.01256,
281,52.63589,-35.00369,9.80798,0.00105,-0.36650,0.93042,0.00235,-0.68558,-0.74547,-0.01277,
281,52.59617,-35.04186,9.80656,0.00105,-0.36651,0.93041,0.00234,-0.68650,-0.74582,-0.01312,
281,52.55411,-35.07949,9.80567,0.00106,-0.36653,0.93040,0.00233,-0.68807,-0.74571,-0.01340,
281,52.51649,-35.11512,9.80538,0.00106,-0.36653,0.93040,0.00233,-0.68850,-0.74533,-0.01337,
281,52.48155,-35.14932,9.80488,0.00106,-0.36654,0.93040,0.00232,-0.68871,-0.74485,-0.01330,
281,52.44583,-35.18322,9.80393,0.00106,-0.36655,0.93039,0.00231,-0.68922,-0.74403,-0.01345,
281,52.41057,-35.21474,9.80294,0.00106,-0.36656,0.93039,0.00229,-0.68941,-0.74199,-0.01355,
281,52.37643,-35.24405,9.79977,0.00106,-0.36657,0.93039,0.00225,-0.68955,-0.73895,-0.01435,
281,52.34287,-35.27207,9.79659,0.00106,-0.36657,0.93039,0.00221,-0.68957,-0.73547,-0.01516,
281,52.30976,-35.29848,9.79395,0.00106,-0.36658,0.93039,0.00217,-0.68996,-0.73184,-0.01582,
281,52.27668,-35.32446,9.79002,0.00107,-0.36658,0.93038,0.00213,-0.69078,-0.72833,-0.01687,
281,52.24123,-35.35244,9.78577,0.00107,-0.36658,0.93038,0.00208,-0.69154,-0.72498,-0.01791,
281,52.20465,-35.38267,9.78426,0.00107,-0.36658,0.93038,0.00205,-0.69197,-0.72254,-0.01803,
281,52.17149,-35.41161,9.78381,0.00107,-0.36657,0.93039,0.00203,-0.69254,-0.72082,-0.01789,
281,52.13734,-35.44009,9.78315,0.00108,-0.36656,0.93039,0.00200,-0.69328,-0.71867,-0.01777,
281,52.09880,-35.47064,9.78033,0.00108,-0.36655,0.93040,0.00197,-0.69398,-0.71606,-0.01828,
281,52.06053,-35.50131,9.77746,0.00109,-0.36653,0.93040,0.00194,-0.69482,-0.71382,-0.01895,
282,52.02444,-35.52908,9.77671,0.00110,-0.36652,0.93041,0.00191,-0.69576,-0.71128,-0.01896,
282,51.99519,-35.55412,9.77480,0.00110,-0.36650,0.93041,0.00189,-0.69536,-0.70843,-0.01919,
282,51.96994,-35.57841,9.77212,0.00109,-0.36648,0.93042,0.00187,-0.69399,-0.70578,-0.01962,
282,51.93737,-35.60817,9.76962,0.00109,-0.36646,0.93043,0.00185,-0.69384,-0.70428,-0.02011,
282,51.97453,-35.52329,9.78194,0.00104,-0.36648,0.93043,0.00172,-0.68814,-0.68026,-0.01677,
282,51.92954,-35.56572,9.78108,0.00106,-0.36646,0.93043,0.00172,-0.69021,-0.68237,-0.01697,
282,51.88997,-35.60456,9.77976,0.00106,-0.36644,0.93044,0.00171,-0.69073,-0.68304,-0.01706,
282,51.85353,-35.63831,9.77914,0.00107,-0.36642,0.93045,0.00171,-0.69126,-0.68283,-0.01712,
282,51.81974,-35.67158,9.77829,0.00107,-0.36641,0.93045,0.00171,-0.69114,-0.68287,-0.01722,
282,51.79075,-35.70399,9.77703,0.00107,-0.36639,0.93046,0.00172,-0.69029,-0.68335,-0.01733,
282,51.76019,-35.73739,9.77646,0.00108,-0.36638,0.93046,0.00173,-0.69006,-0.68434,-0.01732,
282,51.72852,-35.77299,9.77681,0.00108,-0.36636,0.93047,0.00175,-0.68971,-0.68604,-0.01709,
282,51.69444,-35.81062,9.77682,0.00108,-0.36634,0.93048,0.00178,-0.68946,-0.68791,-0.01685,
282,51.65756,-35.84819,9.77706,0.00109,-0.36633,0.93048,0.00179,-0.68994,-0.68945,-0.01659,
282,51.61930,-35.88696,9.77668,0.00109,-0.36632,0.93049,0.00180,-0.69063,-0.69098,-0.01654,
282,51.58088,-35.92628,9.77749,0.00110,-0.36631,0.93049,0.00182,-0.69139,-0.69291,-0.01614,
282,51.54713,-35.96303,9.77813,0.00110,-0.36630,0.93050,0.00184,-0.69147,-0.69457,-0.01583,
282,51.52091,-35.99636,9.77775,0.00110,-0.36628,0.93050,0.00186,-0.69035,-0.69607,-0.01579,
282,51.49275,-36.03049,9.77853,0.00110,-0.36626,0.93051,0.00189,-0.68942,-0.69769,-0.01566,
282,51.45444,-36.06873,9.77878,0.00111,-0.36626,0.93051,0.00190,-0.68975,-0.69891,-0.01552,
282,51.42663,-36.10081,9.77710,0.00110,-0.36625,0.93051,0.00191,-0.68890,-0.69934,-0.01583,
283,51.26858,-36.20080,9.78730,0.00106,-0.36637,0.93047,0.00189,-0.70190,-0.70770,-0.01091,
283,51.23251,-36.23852,9.78840,0.00106,-0.36636,0.93047,0.00191,-0.70115,-0.70840,-0.01021,
283,51.20107,-36.27325,9.78839,0.00105,-0.36636,0.93047,0.00193,-0.69998,-0.70911,-0.01001,
283,51.17060,-36.30630,9.78938,0.00105,-0.36636,0.93047,0.00195,-0.69925,-0.70980,-0.00951,
283,51.14341,-36.33757,9.79190,0.00104,-0.36636,0.93047,0.00196,-0.69804,-0.71036,-0.00843,
283,51.11450,-36.36951,9.79395,0.00104,-0.36636,0.93047,0.00197,-0.69682,-0.71053,-0.00760,
283,51.07765,-36.40549,9.79444,0.00103,-0.36637,0.93047,0.00198,-0.69663,-0.71074,-0.00718,
283,51.02585,-36.44748,9.79424,0.00104,-0.36639,0.93046,0.00197,-0.69931,-0.71093,-0.00749,
283,50.97171,-36.49061,9.79352,0.00105,-0.36642,0.93045,0.00194,-0.70211,-0.71084,-0.00776,
283,50.93126,-36.52693,9.79271,0.00105,-0.36643,0.93044,0.00193,-0.70269,-0.71019,-0.00773,
283,50.89237,-36.56049,9.79255,0.00105,-0.36645,0.93043,0.00191,-0.70368,-0.70914,-0.00758,
283,50.85654,-36.59099,9.79176,0.00106,-0.36647,0.93043,0.00189,-0.70438,-0.70736,-0.00771,
283,50.82293,-36.62089,9.79130,0.00106,-0.36648,0.93042,0.00188,-0.70454,-0.70582,-0.00782,
283,50.78895,-36.65241,9.79149,0.00106,-0.36649,0.93042,0.00187,-0.70453,-0.70493,-0.00774,
283,50.75886,-36.68276,9.79412,0.00105,-0.36650,0.93042,0.00188,-0.70354,-0.70436,-0.00657,
283,50.72012,-36.71501,9.79773,0.00104,-0.36651,0.93041,0.00188,-0.70405,-0.70346,-0.00501,
283,50.68153,-36.74525,9.80007,0.00104,-0.36653,0.93040,0.00186,-0.70507,-0.70160,-0.00412,
283,50.64214,-36.77709,9.80156,0.00104,-0.36654,0.93040,0.00184,-0.70612,-0.70019,-0.00377,
283,50.60066,-36.81238,9.80053,0.00105,-0.36655,0.93040,0.00183,-0.70708,-0.69934,-0.00419,
284,50.56613,-36.84332,9.79885,0.00105,-0.36656,0.93039,0.00181,-0.70699,-0.69774,-0.00475,
284,50.54044,-36.87053,9.79786,0.00104,-0.36656,0.93039,0.00181,-0.70537,-0.69624,-0.00497,
284,50.51603,-36.89693,9.79842,0.00104,-0.36656,0.93039,0.00182,-0.70428,-0.69564,-0.00474,
284,50.48915,-36.92264,9.79997,0.00104,-0.36656,0.93039,0.00182,-0.70414,-0.69481,-0.00418,
284,50.45759,-36.95053,9.79936,0.00104,-0.36657,0.93039,0.00180,-0.70396,-0.69305,-0.00436,
284,50.42793,-36.97910,9.79676,0.00104,-0.36657,0.93039,0.00179,-0.70368,-0.69190,-0.00543,
284,50.39737,-37.01160,9.79551,0.00105,-0.36656,0.93039,0.00179,-0.70329,-0.69236,-0.00607,
284,50.34399,-37.05459,9.79672,0.00105,-0.36656,0.93039,0.00179,-0.70551,-0.69314,-0.00566,
284,50.28972,-37.09672,9.79650,0.00106,-0.36656,0.93039,0.00179,-0.70803,-0.69327,-0.00576,
284,50.25145,-37.13386,9.79424,0.00107,-0.36655,0.93040,0.00178,-0.70820,-0.69372,-0.00645,
284,50.14596,-37.17940,9.80847,0.00105,-0.36667,0.93035,0.00173,-0.71848,-0.69278,-0.00246,
284,50.09798,-37.22181,9.80797,0.00108,-0.36665,0.93036,0.00173,-0.72124,-0.69513,-0.00267,
284,50.06157,-37.26192,9.80706,0.00108,-0.36662,0.93037,0.00176,-0.72071,-0.69734,-0.00288,
284,50.02914,-37.30002,9.80493,0.00107,-0.36660,0.93038,0.00177,-0.71942,-0.69921,-0.00349,
284,49.99346,-37.34010,9.80246,0.00107,-0.36658,0.93039,0.00179,-0.71868,-0.70140,-0.00415,
284,49.96287,-37.37899,9.80024,0.00106,-0.36655,0.93040,0.00182,-0.71706,-0.70404,-0.00478,
284,49.93794,-37.41569,9.79766,0.00105,-0.36652,0.93041,0.00186,-0.71437,-0.70656,-0.00557,
284,49.91265,-37.45098,9.79657,0.00104,-0.36649,0.93042,0.00189,-0.71188,-0.70851,-0.00577,
284,49.88345,-37.48789,9.79478,0.00104,-0.36647,0.93043,0.00190,-0.71018,-0.71030,-0.00621,
284,49.85187,-37.52470,9.79416,0.00104,-0.36645,0.93044,0.00192,-0.70922,-0.71200,-0.00636,
284,49.81587,-37.56230,9.79485,0.00104,-0.36643,0.93044,0.00194,-0.70919,-0.71349,-0.00613,
285,49.77711,-37.60058,9.79506,0.00104,-0.36641,0.93045,0.00194,-0.70951,-0.71459,-0.00599,
285,49.74294,-37.63743,9.79516,0.00104,-0.36640,0.93045,0.00196,-0.70872,-0.71565,-0.00580,
285,49.71372,-37.67287,9.79453,0.00103,-0.36638,0.93046,0.00197,-0.70714,-0.71686,-0.00592,
285,49.77158,-37.61595,9.80561,0.00097,-0.36635,0.93048,0.00206,-0.69173,-0.70895,-0.00189,
285,49.74046,-37.64301,9.80397,0.00097,-0.36633,0.93048,0.00206,-0.69063,-0.70696,-0.00267,
285,49.70270,-37.68104,9.80223,0.00097,-0.36632,0.93049,0.00206,-0.69078,-0.70783,-0.00323,
285,49.66305,-37.71888,9.80283,0.00097,-0.36631,0.93049,0.00207,-0.69144,-0.70873,-0.00290,
285,49.61927,-37.75788,9.80369,0.00098,-0.36630,0.93049,0.00207,-0.69307,-0.70958,-0.00259,
285,49.58077,-37.79450,9.80321,0.00099,-0.36629,0.93050,0.00207,-0.69369,-0.71011,-0.00290,
285,49.54737,-37.82830,9.80272,0.00099,-0.36628,0.93050,0.00207,-0.69323,-0.71007,-0.00306,
285,49.51573,-37.86108,9.80352,0.00098,-0.36627,0.93051,0.00208,-0.69261,-0.71009,-0.00270,
285,49.47800,-37.89493,9.80343,0.00099,-0.36626,0.93051,0.00207,-0.69341,-0.70945,-0.00274,
285,49.43935,-37.92788,9.80419,0.00099,-0.36626,0.93051,0.00206,-0.69437,-0.70834,-0.00240,
285,49.40635,-37.95849,9.80438,0.00099,-0.36626,0.93051,0.00205,-0.69426,-0.70711,-0.00232,
285,49.37889,-37.98761,9.80323,0.00099,-0.36625,0.93051,0.00205,-0.69290,-0.70590,-0.00260,
285,49.35025,-38.01609,9.80217,0.00098,-0.36626,0.93051,0.00204,-0.69184,-0.70433,-0.00292,
285,49.31809,-38.04882,9.80244,0.00098,-0.36626,0.93051,0.00204,-0.69142,-0.70413,-0.00248,
285,49.28558,-38.08083,9.80283,0.00098,-0.36627,0.93051,0.00203,-0.69139,-0.70361,-0.00228,
285,49.25788,-38.10816,9.80349,0.00097,-0.36627,0.93050,0.00203,-0.69030,-0.70205,-0.00218,
286,49.22594,-38.13787,9.80301,0.00097,-0.36628,0.93050,0.00202,-0.68988,-0.70079,-0.00252,
286,49.19343,-38.16968,9.80091,0.00097,-0.36630,0.93049,0.00202,-0.68976,-0.70029,-0.00345,
286,49.15749,-38.20286,9.80032,0.00097,-0.36631,0.93049,0.00202,-0.69014,-0.70007,-0.00369,
286,49.11767,-38.23579,9.80129,0.00098,-0.36633,0.93048,0.00202,-0.69112,-0.69933,-0.00338,
286,49.04700,-38.28797,9.79574,0.00088,-0.36637,0.93047,0.00200,-0.69218,-0.69984,-0.00321,
286,48.99339,-38.33037,9.79314,0.00090,-0.36639,0.93046,0.00198,-0.69564,-0.69973,-0.00405,
286,48.95081,-38.36776,9.79153,0.00090,-0.36641,0.93045,0.00196,-0.69684,-0.69945,-0.00446,
286,48.90667,-38.40551,9.79092,0.00091,-0.36642,0.93045,0.00195,-0.69854,-0.69943,-0.00469,
286,48.87186,-38.44073,9.79105,0.00090,-0.36643,0.93044,0.00196,-0.69818,-0.69980,-0.00426,
286,48.83830,-38.47665,9.79296,0.00090,-0.36644,0.93044,0.00198,-0.69751,-0.70091,-0.00316,
286,48.79569,-38.51702,9.79615,0.00091,-0.36644,0.93044,0.00200,-0.69846,-0.70287,-0.00206,
286,48.75754,-38.55521,9.79900,0.00090,-0.36645,0.93044,0.00202,-0.69819,-0.70419,-0.00096,
286,48.72645,-38.59137,9.80149,0.00090,-0.36645,0.93044,0.00205,-0.69650,-0.70581,0.00004,
286,48.69752,-38.62943,9.80428,0.00089,-0.36644,0.93044,0.00209,-0.69416,-0.70846,0.00133,
286,48.66267,-38.66523,9.80672,0.00089,-0.36645,0.93044,0.00211,-0.69404,-0.70952,0.00178,
286,48.63059,-38.69679,9.80908,0.00090,-0.36645,0.93044,0.00211,-0.69381,-0.70956,0.00209,
286,48.58835,-38.73375,9.80937,0.00092,-0.36646,0.93043,0.00211,-0.69542,-0.71015,0.00164,
286,48.54445,-38.77281,9.80969,0.00093,-0.36646,0.93043,0.00211,-0.69748,-0.71181,0.00117,
286,48.50412,-38.81332,9.81058,0.00094,-0.36646,0.93043,0.00213,-0.69832,-0.71421,0.00142,
286,48.46240,-38.85712,9.80884,0.00094,-0.36645,0.93043,0.00214,-0.69887,-0.71698,0.00039,
286,48.42571,-38.89911,9.80634,0.00095,-0.36644,0.93044,0.00216,-0.69851,-0.71972,-0.00078,
287,48.44247,-38.87205,9.81710,0.00093,-0.36644,0.93044,0.00220,-0.69342,-0.71612,0.00183,
287,48.40366,-38.91029,9.81820,0.00093,-0.36642,0.93045,0.00220,-0.69357,-0.71662,0.00212,
287,48.37030,-38.94558,9.81887,0.00094,-0.36640,0.93045,0.00220,-0.69315,-0.71745,0.00219,
287,48.33154,-38.98221,9.81778,0.00094,-0.36639,0.93046,0.00219,-0.69376,-0.71768,0.00157,
287,48.28977,-39.01970,9.81602,0.00095,-0.36637,0.93047,0.00218,-0.69520,-0.71792,0.00072,
287,48.24336,-39.05844,9.81540,0.00097,-0.36636,0.93047,0.00216,-0.69800,-0.71845,0.00026,
287,48.20385,-39.09394,9.81477,0.00098,-0.36635,0.93047,0.00215,-0.69924,-0.71830,-0.00014,
287,48.17424,-39.12641,9.81340,0.00098,-0.36633,0.93048,0.00215,-0.69815,-0.71818,-0.00072,
287,48.14373,-39.15970,9.81225,0.00098,-0.36631,0.93049,0.00215,-0.69753,-0.71850,-0.00120,
287,48.10577,-39.19561,9.81378,0.00099,-0.36629,0.93050,0.00215,-0.69847,-0.71905,-0.00053,
287,48.06227,-39.23091,9.81607,0.00100,-0.36629,0.93050,0.00214,-0.70033,-0.71826,0.00030,
287,48.02550,-39.26407,9.81537,0.00100,-0.36627,0.93050,0.00212,-0.70067,-0.71721,0.00001,
287,47.99402,-39.29427,9.81554,0.00101,-0.36626,0.93051,0.00211,-0.70030,-0.71571,0.00016,
287,47.95796,-39.32496,9.81600,0.00101,-0.36625,0.93051,0.00209,-0.70105,-0.71382,0.00036,
287,47.92125,-39.35683,9.81615,0.00102,-0.36624,0.93052,0.00208,-0.70188,-0.71268,0.00042,
287,47.88130,-39.38749,9.81511,0.00103,-0.36624,0.93052,0.00205,-0.70345,-0.71033,-0.00006,
287,47.84413,-39.41618,9.81449,0.00104,-0.36623,0.93052,0.00201,-0.70443,-0.70767,-0.00033,
287,47.80652,-39.44579,9.81448,0.00104,-0.36623,0.93052,0.00198,-0.70546,-0.70545,-0.00038,
287,47.76849,-39.47511,9.81526,0.00105,-0.36622,0.93052,0.00195,-0.70648,-0.70316,-0.00003,
288,47.73040,-39.50564,9.81605,0.00106,-0.36622,0.93053,0.00193,-0.70773,-0.70167,0.00028,
288,47.69596,-39.53464,9.81691,0.00106,-0.36621,0.93053,0.00192,-0.70822,-0.70008,0.00054,
288,47.66091,-39.56457,9.81934,0.00106,-0.36620,0.93053,0.00191,-0.70852,-0.69882,0.00143,
288,47.63248,-39.54535,9.82693,0.00108,-0.36629,0.93050,0.00182,-0.71425,-0.68970,0.00402,
288,47.58495,-39.58745,9.82586,0.00108,-0.36628,0.93050,0.00181,-0.71604,-0.69022,0.00389,
288,47.54746,-39.62192,9.82680,0.00108,-0.36627,0.93050,0.00180,-0.71616,-0.68984,0.00425,
288,47.50444,-39.65772,9.82786,0.00108,-0.36628,0.93050,0.00179,-0.71769,-0.68945,0.00461,
288,47.46036,-39.69345,9.82865,0.00109,-0.36629,0.93050,0.00177,-0.71934,-0.68871,0.00480,
288,47.42360,-39.72547,9.82905,0.00110,-0.36630,0.93049,0.00176,-0.71999,-0.68794,0.00475,
288,47.38628,-39.75820,9.83016,0.00110,-0.36631,0.93049,0.00176,-0.72064,-0.68741,0.00508,
288,47.34912,-39.79096,9.83139,0.00110,-0.36632,0.93049,0.00175,-0.72100,-0.68674,0.00546,
288,47.31722,-39.82162,9.83165,0.00110,-0.36633,0.93048,0.00175,-0.72017,-0.68583,0.00549,
288,47.28369,-39.85285,9.83252,0.00109,-0.36634,0.93048,0.00175,-0.71992,-0.68527,0.00572,
288,47.24504,-39.88703,9.83301,0.00110,-0.36636,0.93047,0.00175,-0.72068,-0.68512,0.00575,
288,47.21463,-39.91994,9.83344,0.00110,-0.36637,0.93047,0.00175,-0.71958,-0.68541,0.00590,
288,47.18197,-39.95333,9.83449,0.00109,-0.36638,0.93046,0.00176,-0.71888,-0.68551,0.00633,
288,47.14737,-39.98773,9.83310,0.00109,-0.36639,0.93046,0.00176,-0.71856,-0.68574,0.00588,
288,47.11717,-40.02154,9.83134,0.00108,-0.36640,0.93046,0.00177,-0.71743,-0.68646,0.00535,
288,47.09188,-40.05146,9.83265,0.00107,-0.36640,0.93046,0.00179,-0.71523,-0.68643,0.00586,
288,47.06716,-40.08097,9.83250,0.00106,-0.36640,0.93045,0.00181,-0.71317,-0.68639,0.00579,
288,47.03684,-40.11316,9.83097,0.00106,-0.36641,0.93045,0.00181,-0.71228,-0.68660,0.00522,
289,47.00223,-40.14832,9.83144,0.00107,-0.36641,0.93045,0.00183,-0.71246,-0.68802,0.00516,
289,46.92583,-40.16287,9.83609,0.00110,-0.36652,0.93041,0.00172,-0.72267,-0.68176,0.00603,
289,46.88692,-40.20009,9.83225,0.00110,-0.36652,0.93041,0.00172,-0.72302,-0.68305,0.00410,
289,46.84651,-40.23849,9.82953,0.00111,-0.36653,0.93040,0.00172,-0.72380,-0.68457,0.00249,
289,46.81322,-40.27501,9.82942,0.00111,-0.36653,0.93040,0.00176,-0.72298,-0.68690,0.00237,
289,46.78779,-40.30947,9.82953,0.00110,-0.36652,0.93041,0.00181,-0.72009,-0.68936,0.00237,
289,46.75660,-40.34615,9.83053,0.00109,-0.36651,0.93041,0.00185,-0.71804,-0.69173,0.00281,
289,46.72215,-40.38054,9.83088,0.00109,-0.36650,0.93041,0.00186,-0.71766,-0.69259,0.00267,
289,46.68500,-40.41575,9.83037,0.00110,-0.36650,0.93041,0.00186,-0.71827,-0.69335,0.00206,
289,46.64669,-40.45309,9.83008,0.00110,-0.36649,0.93042,0.00186,-0.71858,-0.69468,0.00170,
289,46.60916,-40.48795,9.83125,0.00111,-0.36649,0.93042,0.00186,-0.71914,-0.69523,0.00200,
289,46.57642,-40.51956,9.83423,0.00112,-0.36647,0.93043,0.00187,-0.71903,-0.69543,0.00300,
289,46.54416,-40.55176,9.83663,0.00111,-0.36645,0.93043,0.00189,-0.71794,-0.69547,0.00392,
289,46.50614,-40.58615,9.83925,0.00111,-0.36644,0.93044,0.00189,-0.71799,-0.69545,0.00492,
289,46.47174,-40.62005,9.84369,0.00111,-0.36642,0.93045,0.00190,-0.71752,-0.69595,0.00676,
289,46.43068,-40.65683,9.84616,0.00112,-0.36639,0.93046,0.00189,-0.71828,-0.69598,0.00789,
289,46.38653,-40.69279,9.84945,0.00113,-0.36638,0.93046,0.00188,-0.72004,-0.69589,0.00897,
289,46.35174,-40.72378,9.85019,0.00113,-0.36636,0.93047,0.00186,-0.72018,-0.69490,0.00886,
289,46.52355,-40.57700,9.85890,0.00105,-0.36627,0.93051,0.00194,-0.68888,-0.66989,0.01337,
290,46.49611,-40.60443,9.85967,0.00105,-0.36624,0.93052,0.00193,-0.68744,-0.66787,0.01290,
290,46.45245,-40.63917,9.86110,0.00106,-0.36623,0.93052,0.00191,-0.68947,-0.66683,0.01328,
290,46.40131,-40.67999,9.85924,0.00107,-0.36622,0.93052,0.00188,-0.69225,-0.66671,0.01237,
290,46.35694,-40.71688,9.85748,0.00106,-0.36621,0.93053,0.00185,-0.69341,-0.66582,0.01159,
290,46.30907,-40.75511,9.85768,0.00108,-0.36621,0.93053,0.00183,-0.69617,-0.66584,0.01125,
290,46.26696,-40.79047,9.85798,0.00109,-0.36620,0.93053,0.00182,-0.69780,-0.66581,0.01108,
290,46.22916,-40.82471,9.85717,0.00109,-0.36619,0.93054,0.00182,-0.69816,-0.66559,0.01060,
290,46.19228,-40.85857,9.85612,0.00109,-0.36618,0.93054,0.00181,-0.69863,-0.66561,0.01001,
290,46.15609,-40.89146,9.85632,0.00109,-0.36617,0.93055,0.00180,-0.69916,-0.66554,0.00982,
290,46.12337,-40.92249,9.85671,0.00110,-0.36616,0.93055,0.00180,-0.69896,-0.66524,0.00965,
290,46.09311,-40.95408,9.85750,0.00109,-0.36614,0.93056,0.00180,-0.69796,-0.66566,0.00972,
290,46.06159,-40.98637,9.85809,0.00109,-0.36613,0.93056,0.00181,-0.69708,-0.66608,0.00970,
290,46.03014,-41.01717,9.85849,0.00109,-0.36611,0.93057,0.00182,-0.69619,-0.66562,0.00966,
290,46.00156,-41.04724,9.85903,0.00108,-0.36610,0.93057,0.00183,-0.69484,-0.66553,0.00963,
290,45.97774,-41.07540,9.86071,0.00108,-0.36608,0.93058,0.00184,-0.69277,-0.66562,0.00993,
290,45.94702,-41.10795,9.86145,0.00108,-0.36607,0.93058,0.00185,-0.69188,-0.66632,0.00985,
290,45.90501,-41.14678,9.86045,0.00109,-0.36607,0.93058,0.00185,-0.69334,-0.66805,0.00907,
290,45.85859,-41.18795,9.85830,0.00111,-0.36608,0.93058,0.00185,-0.69582,-0.67010,0.00782,
290,45.81383,-41.22824,9.85587,0.00111,-0.36609,0.93058,0.00186,-0.69744,-0.67164,0.00668,
290,45.77677,-41.26505,9.85307,0.00111,-0.36609,0.93058,0.00187,-0.69714,-0.67268,0.00547,
290,45.74122,-41.30317,9.84984,0.00111,-0.36609,0.93058,0.00189,-0.69661,-0.67476,0.00407,
291,45.72229,-41.30603,9.84495,0.00108,-0.36614,0.93056,0.00190,-0.69471,-0.67293,0.00112,
291,45.67834,-41.35149,9.84284,0.00108,-0.36614,0.93056,0.00191,-0.69518,-0.67542,0.00030,
291,45.63929,-41.39095,9.84112,0.00108,-0.36615,0.93055,0.00193,-0.69557,-0.67780,-0.00042,
291,45.60764,-41.42458,9.84044,0.00107,-0.36616,0.93055,0.00195,-0.69477,-0.67900,-0.00079,
291,45.57497,-41.45823,9.84029,0.00107,-0.36618,0.93054,0.00197,-0.69439,-0.68017,-0.00090,
291,45.53946,-41.49274,9.84143,0.00108,-0.36620,0.93053,0.00198,-0.69483,-0.68140,-0.00060,
291,45.50733,-41.52560,9.84221,0.00108,-0.36621,0.93053,0.00200,-0.69438,-0.68232,-0.00050,
291,45.47332,-41.55905,9.84120,0.00108,-0.36623,0.93052,0.00200,-0.69408,-0.68274,-0.00118,
291,45.43451,-41.59473,9.84149,0.00108,-0.36625,0.93051,0.00200,-0.69493,-0.68349,-0.00128,
291,45.39688,-41.63021,9.84212,0.00109,-0.36627,0.93051,0.00201,-0.69565,-0.68450,-0.00124,
291,45.35982,-41.66526,9.84238,0.00109,-0.36628,0.93050,0.00201,-0.69597,-0.68519,-0.00136,
291,45.32405,-41.69972,9.84246,0.00110,-0.36630,0.93049,0.00202,-0.69618,-0.68589,-0.00148,
291,45.28489,-41.73525,9.84241,0.00110,-0.36631,0.93049,0.00202,-0.69677,-0.68632,-0.00165,
291,45.34728,-41.67194,9.82754,0.00105,-0.36634,0.93048,0.00201,-0.68247,-0.67406,-0.00815,
291,45.31427,-41.70192,9.82409,0.00105,-0.36635,0.93048,0.00199,-0.68226,-0.67258,-0.00985,
291,45.28156,-41.73321,9.82182,0.00106,-0.36635,0.93047,0.00198,-0.68216,-0.67205,-0.01100,
291,45.25290,-41.76332,9.82097,0.00105,-0.36635,0.93047,0.00198,-0.68096,-0.67185,-0.01143,
291,45.21733,-41.79701,9.82061,0.00106,-0.36634,0.93048,0.00197,-0.68139,-0.67223,-0.01169,
291,45.18282,-41.83032,9.82069,0.00106,-0.36633,0.93048,0.00197,-0.68111,-0.67218,-0.01152,
292,45.15134,-41.86270,9.81896,0.00105,-0.36631,0.93049,0.00198,-0.68023,-0.67246,-0.01198,
292,45.11873,-41.89480,9.81644,0.00105,-0.36629,0.93050,0.00197,-0.67992,-0.67246,-0.01276,
292,45.08737,-41.92516,9.81401,0.00105,-0.36627,0.93050,0.00196,-0.67980,-0.67206,-0.01379,
292,45.05627,-41.95628,9.81293,0.00106,-0.36625,0.93051,0.00196,-0.67948,-0.67213,-0.01425,
292,45.02155,-41.98886,9.81214,0.00106,-0.36623,0.93052,0.00195,-0.67960,-0.67207,-0.01447,
292,44.98719,-42.02140,9.81104,0.00106,-0.36621,0.93053,0.00195,-0.67994,-0.67223,-0.01480,
292,44.95456,-42.05366,9.81018,0.00107,-0.36619,0.93054,0.00196,-0.67990,-0.67272,-0.01512,
292,44.91995,-42.08597,9.81033,0.00107,-0.36617,0.93054,0.00196,-0.68011,-0.67272,-0.01503,
292,44.88391,-42.11710,9.81066,0.00108,-0.36616,0.93055,0.00195,-0.68093,-0.67201,-0.01497,
292,44.84707,-42.14891,9.81216,0.00110,-0.36615,0.93055,0.00194,-0.68209,-0.67159,-0.01444,
292,44.81361,-42.18014,9.81463,0.00110,-0.36613,0.93056,0.00194,-0.68221,-0.67126,-0.01351,
292,44.78277,-42.21058,9.81605,0.00110,-0.36611,0.93057,0.00194,-0.68158,-0.67097,-0.01284,
292,44.74651,-42.24712,9.81790,0.00110,-0.36610,0.93057,0.00196,-0.68183,-0.67260,-0.01183,
292,44.72759,-42.25361,9.82888,0.00113,-0.36617,0.93055,0.00200,-0.68426,-0.67441,-0.00784,
292,44.68246,-42.30199,9.83153,0.00113,-0.36614,0.93056,0.00202,-0.68482,-0.67801,-0.00688,
292,44.64954,-42.33649,9.83256,0.00113,-0.36612,0.93056,0.00204,-0.68420,-0.67932,-0.00665,
292,44.62344,-42.36697,9.83332,0.00113,-0.36610,0.93057,0.00206,-0.68260,-0.68030,-0.00642,
292,44.59321,-42.39876,9.83369,0.00114,-0.36609,0.93058,0.00207,-0.68229,-0.68111,-0.00621,
292,44.55577,-42.43458,9.83378,0.00114,-0.36608,0.93058,0.00207,-0.68319,-0.68222,-0.00599,
292,44.51588,-42.47223,9.83398,0.00115,-0.36607,0.93058,0.00207,-0.68436,-0.68355,-0.00560,
292,44.47810,-42.50730,9.83540,0.00117,-0.36607,0.93059,0.00208,-0.68551,-0.68438,-0.00484,
293,44.44631,-42.53758,9.83740,0.00117,-0.36606,0.93059,0.00208,-0.68562,-0.68416,-0.00394,
293,44.41014,-42.57231,9.83710,0.00118,-0.36604,0.93060,0.00207,-0.68628,-0.68478,-0.00391,
293,44.36838,-42.61020,9.83586,0.00119,-0.36603,0.93060,0.00207,-0.68790,-0.68586,-0.00441,
293,44.33005,-42.64734,9.83531,0.00119,-0.36602,0.93060,0.00207,-0.68884,-0.68720,-0.00425,
293,44.29862,-42.67908,9.83597,0.00120,-0.36601,0.93061,0.00208,-0.68858,-0.68756,-0.00378,
293,44.27107,-42.71008,9.83699,0.00120,-0.36600,0.93061,0.00210,-0.68739,-0.68819,-0.00339,
293,44.23890,-42.74130,9.83692,0.00121,-0.36599,0.93061,0.00210,-0.68753,-0.68792,-0.00341,
293,44.20260,-42.77714,9.83538,0.00121,-0.36599,0.93062,0.00210,-0.68785,-0.68897,-0.00414,
293,44.16548,-42.81317,9.83361,0.00121,-0.36599,0.93061,0.00210,-0.68795,-0.68940,-0.00490,
293,44.15907,-42.80979,9.83015,0.00123,-0.36609,0.93058,0.00206,-0.68897,-0.68636,-0.00660,
293,44.11814,-42.84657,9.82973,0.00124,-0.36609,0.93058,0.00205,-0.68978,-0.68586,-0.00688,
293,44.08217,-42.88059,9.82963,0.00124,-0.36611,0.93057,0.00205,-0.69019,-0.68600,-0.00699,
293,44.04507,-42.91476,9.82905,0.00124,-0.36613,0.93056,0.00205,-0.69107,-0.68621,-0.00730,
293,44.00727,-42.94942,9.82795,0.00125,-0.36615,0.93055,0.00205,-0.69209,-0.68649,-0.00784,
293,43.97247,-42.98202,9.82707,0.00125,-0.36617,0.93055,0.00204,-0.69216,-0.68597,-0.00826,
293,43.93823,-43.01433,9.82605,0.00124,-0.36618,0.93054,0.00204,-0.69196,-0.68531,-0.00869,
293,43.90560,-43.04566,9.82541,0.00124,-0.36620,0.93053,0.00203,-0.69127,-0.68434,-0.00895,
293,43.87422,-43.07513,9.82474,0.00123,-0.36622,0.93053,0.00202,-0.69033,-0.68258,-0.00923,
293,43.84086,-43.10454,9.82391,0.00122,-0.36624,0.93052,0.00201,-0.69011,-0.68056,-0.00951,
294,43.80744,-43.13454,9.82376,0.00122,-0.36626,0.93051,0.00199,-0.69007,-0.67908,-0.00952,
294,43.77491,-43.16471,9.82409,0.00122,-0.36628,0.93050,0.00199,-0.68973,-0.67794,-0.00932,
294,43.74147,-43.19560,9.82544,0.00122,-0.36630,0.93050,0.00199,-0.68954,-0.67707,-0.00871,
294,43.70457,-43.22860,9.82635,0.00122,-0.36631,0.93049,0.00199,-0.69022,-0.67668,-0.00819,
294,43.66792,-43.26120,9.82708,0.00122,-0.36633,0.93048,0.00198,-0.69105,-0.67640,-0.00780,
294,43.63728,-43.29118,9.82869,0.00122,-0.36634,0.93048,0.00199,-0.69029,-0.67573,-0.00705,
294,43.61004,-43.31891,9.82963,0.00122,-0.36633,0.93048,0.00199,-0.68873,-0.67452,-0.00655,
294,43.58033,-43.34799,9.83046,0.00121,-0.36633,0.93048,0.00199,-0.68796,-0.67385,-0.00616,
294,43.55017,-43.37881,9.83165,0.00121,-0.36632,0.93048,0.00199,-0.68676,-0.67362,-0.00567,
294,43.52023,-43.40937,9.83286,0.00120,-0.36632,0.93049,0.00199,-0.68548,-0.67331,-0.00524,
294,43.50077,-43.41507,9.84714,0.00122,-0.36641,0.93045,0.00198,-0.68554,-0.66707,0.00154,
294,43.45743,-43.45868,9.84549,0.00122,-0.36639,0.93046,0.00198,-0.68720,-0.66981,0.00075,
294,43.42357,-43.49124,9.84578,0.00123,-0.36637,0.93047,0.00197,-0.68737,-0.66990,0.00071,
294,43.39469,-43.51990,9.84729,0.00123,-0.36635,0.93048,0.00197,-0.68627,-0.66902,0.00114,
294,43.36663,-43.54974,9.85007,0.00123,-0.36632,0.93049,0.00198,-0.68491,-0.66898,0.00225,
294,43.33584,-43.58050,9.85174,0.00123,-0.36629,0.93050,0.00199,-0.68423,-0.66884,0.00292,
294,43.30923,-43.61006,9.85371,0.00122,-0.36627,0.93051,0.00199,-0.68271,-0.66890,0.00386,
294,43.28068,-43.64129,9.85541,0.00122,-0.36625,0.93052,0.00200,-0.68181,-0.66956,0.00471,
294,43.24626,-43.67443,9.85572,0.00123,-0.36623,0.93052,0.00199,-0.68220,-0.67001,0.00481,
294,43.21449,-43.70609,9.85682,0.00123,-0.36621,0.93053,0.00200,-0.68160,-0.67012,0.00530,
294,43.18221,-43.73749,9.85739,0.00122,-0.36619,0.93054,0.00201,-0.68096,-0.66998,0.00555,
295,43.14901,-43.76829,9.85745,0.00122,-0.36617,0.93054,0.00201,-0.68076,-0.66938,0.00556,
295,43.11697,-43.79901,9.85720,0.00122,-0.36615,0.93055,0.00200,-0.68025,-0.66883,0.00554,
295,43.07698,-43.83492,9.85527,0.00122,-0.36614,0.93056,0.00199,-0.68106,-0.66885,0.00486,
295,43.03687,-43.87256,9.85363,0.00122,-0.36613,0.93056,0.00198,-0.68215,-0.66987,0.00420,
295,43.00469,-43.90286,9.85432,0.00123,-0.36612,0.93056,0.00197,-0.68256,-0.66966,0.00443,
295,42.95986,-43.92191,9.86335,0.00124,-0.36619,0.93054,0.00194,-0.68559,-0.66310,0.00953,
295,42.91500,-43.96593,9.86084,0.00124,-0.36617,0.93054,0.00195,-0.68707,-0.66630,0.00778,
295,42.87352,-44.00398,9.85721,0.00124,-0.36616,0.93055,0.00193,-0.68809,-0.66725,0.00532,
295,42.83309,-44.04070,9.85378,0.00125,-0.36616,0.93055,0.00193,-0.68935,-0.66818,0.00305,
295,42.79367,-44.07684,9.85081,0.00125,-0.36615,0.93055,0.00192,-0.69033,-0.66906,0.00134,
295,42.75654,-44.11246,9.84853,0.00124,-0.36614,0.93056,0.00192,-0.69060,-0.67005,0.00006,
295,42.72115,-44.14827,9.84586,0.00124,-0.36612,0.93056,0.00193,-0.69047,-0.67136,-0.00124,
295,42.68680,-44.18282,9.84348,0.00123,-0.36611,0.93057,0.00193,-0.69012,-0.67209,-0.00243,
295,42.65557,-44.21603,9.84373,0.00123,-0.36609,0.93058,0.00194,-0.68900,-0.67281,-0.00242,
295,42.62810,-44.24701,9.84541,0.00122,-0.36607,0.93059,0.00196,-0.68728,-0.67307,-0.00169,
295,42.59867,-44.26779,9.84262,0.00115,-0.36607,0.93058,0.00191,-0.68390,-0.66777,-0.00452,
295,42.55875,-44.30486,9.84451,0.00116,-0.36606,0.93059,0.00192,-0.68506,-0.66865,-0.00353,
295,42.52319,-44.33714,9.84671,0.00117,-0.36605,0.93059,0.00192,-0.68552,-0.66809,-0.00208,
295,42.49012,-44.36817,9.85042,0.00118,-0.36605,0.93059,0.00192,-0.68538,-0.66758,0.00044,
296,42.45916,-44.39923,9.85386,0.00118,-0.36604,0.93060,0.00194,-0.68462,-0.66767,0.00279,
296,42.42747,-44.43123,9.85599,0.00118,-0.36603,0.93060,0.00196,-0.68400,-0.66807,0.00370,
296,42.39326,-44.46474,9.85807,0.00119,-0.36603,0.93060,0.00197,-0.68410,-0.66891,0.00409,
296,42.35508,-44.49814,9.85672,0.00119,-0.36604,0.93059,0.00196,-0.68540,-0.66866,0.00307,
296,42.31518,-44.53103,9.85399,0.00120,-0.36606,0.93059,0.00193,-0.68729,-0.66773,0.00196,
296,42.27808,-44.56525,9.85464,0.00120,-0.36608,0.93058,0.00193,-0.68797,-0.66799,0.00215,
296,42.24438,-44.59748,9.85570,0.00120,-0.36609,0.93058,0.00194,-0.68793,-0.66805,0.00251,
296,42.20634,-44.62872,9.85614,0.00121,-0.36612,0.93057,0.00193,-0.68949,-0.66721,0.00268,
296,42.16898,-44.65994,9.85544,0.00122,-0.36615,0.93055,0.00191,-0.69082,-0.66638,0.00235,
296,42.13454,-44.69227,9.85612,0.00122,-0.36617,0.93055,0.00191,-0.69102,-0.66646,0.00268,
296,42.10304,-44.72395,9.85654,0.00122,-0.36618,0.93054,0.00191,-0.69055,-0.66670,0.00278,
296,42.07281,-44.75526,9.85580,0.00121,-0.36620,0.93053,0.00192,-0.68978,-0.66689,0.00230,
296,42.04099,-44.78815,9.85307,0.00120,-0.36621,0.93053,0.00192,-0.68877,-0.66714,0.00107,
296,42.00857,-44.81936,9.85253,0.00120,-0.36623,0.93052,0.00192,-0.68813,-0.66671,0.00081,
296,41.97472,-44.85113,9.85301,0.00120,-0.36625,0.93052,0.00192,-0.68803,-0.66648,0.00099,
296,41.93973,-44.88352,9.85390,0.00120,-0.36626,0.93051,0.00192,-0.68840,-0.66652,0.00133,
296,41.90593,-44.91587,9.85423,0.00120,-0.36628,0.93050,0.00193,-0.68842,-0.66672,0.00143,
296,41.87356,-44.94800,9.85525,0.00120,-0.36629,0.93050,0.00193,-0.68814,-0.66709,0.00186,
296,41.83998,-44.98019,9.85659,0.00120,-0.36630,0.93049,0.00193,-0.68806,-0.66718,0.00239,
296,41.80639,-45.01268,9.85736,0.00120,-0.36631,0.93049,0.00194,-0.68784,-0.66734,0.00262,
296,41.77289,-45.04521,9.85822,0.00120,-0.36631,0.93049,0.00194,-0.68772,-0.66767,0.00289,
297,41.73975,-45.07709,9.85891,0.00121,-0.36631,0.93049,0.00194,-0.68755,-0.66778,0.00307,
297,41.70778,-45.11068,9.86020,0.00121,-0.36630,0.93049,0.00196,-0.68687,-0.66884,0.00349,
297,41.67575,-45.14523,9.86247,0.00121,-0.36629,0.93050,0.00197,-0.68610,-0.67027,0.00429,
297,41.64203,-45.17873,9.86452,0.00121,-0.36628,0.93050,0.00198,-0.68614,-0.67116,0.00498,
297,41.60720,-45.21222,9.86655,0.00122,-0.36626,0.93051,0.00198,-0.68648,-0.67189,0.00567,
297,41.57397,-45.24420,9.86881,0.00122,-0.36624,0.93052,0.00199,-0.68644,-0.67213,0.00645,
297,41.53866,-45.27602,9.86761,0.00122,-0.36622,0.93052,0.00198,-0.68665,-0.67166,0.00602,
297,41.50403,-45.30711,9.86570,0.00122,-0.36621,0.93053,0.00197,-0.68650,-0.67073,0.00536,
297,41.46719,-45.33986,9.86413,0.00122,-0.36619,0.93054,0.00196,-0.68709,-0.67053,0.00471,
297,41.42750,-45.37588,9.86293,0.00123,-0.36618,0.93054,0.00195,-0.68844,-0.67161,0.00411,
297,41.38654,-45.41303,9.86083,0.00124,-0.36616,0.93055,0.00195,-0.68992,-0.67291,0.00325,
297,41.34722,-45.44759,9.85796,0.00124,-0.36615,0.93055,0.00195,-0.69093,-0.67310,0.00222,
297,41.30955,-45.48042,9.85358,0.00124,-0.36614,0.93056,0.00193,-0.69142,-0.67250,0.00070,
297,41.27442,-45.51175,9.84945,0.00124,-0.36612,0.93056,0.00192,-0.69146,-0.67167,-0.00070,
297,41.24363,-45.51906,9.85399,0.00119,-0.36621,0.93053,0.00180,-0.68968,-0.66182,0.00074,
297,41.19681,-45.56360,9.85118,0.00120,-0.36619,0.93054,0.00181,-0.69177,-0.66477,-0.00022,
297,41.15698,-45.59791,9.84959,0.00120,-0.36618,0.93054,0.00180,-0.69292,-0.66461,-0.00075,
297,41.12171,-45.63101,9.84994,0.00120,-0.36617,0.93054,0.00180,-0.69309,-0.66485,-0.00065,
297,41.08492,-45.66428,9.84927,0.00120,-0.36616,0.93055,0.00180,-0.69363,-0.66493,-0.00093,
298,41.05176,-45.69648,9.84970,0.00120,-0.36615,0.93055,0.00180,-0.69332,-0.66512,-0.00086,
298,41.01764,-45.72886,9.84965,0.00121,-0.36614,0.93056,0.00180,-0.69335,-0.66529,-0.00097,
298,41.00083,-45.75741,9.85504,0.00120,-0.36610,0.93057,0.00185,-0.68951,-0.66648,0.00072,
298,40.97483,-45.78644,9.85574,0.00119,-0.36609,0.93058,0.00185,-0.68808,-0.66636,0.00096,
298,40.94116,-45.81866,9.85560,0.00119,-0.36608,0.93058,0.00185,-0.68802,-0.66644,0.00084,
298,40.90909,-45.85070,9.85504,0.00119,-0.36606,0.93059,0.00185,-0.68725,-0.66642,0.00062,
298,40.87620,-45.88294,9.85491,0.00118,-0.36605,0.93059,0.00186,-0.68687,-0.66647,0.00056,
298,40.84179,-45.91553,9.85509,0.00119,-0.36604,0.93060,0.00186,-0.68712,-0.66675,0.00057,
298,40.80651,-45.94872,9.85532,0.00119,-0.36603,0.93060,0.00186,-0.68747,-0.66710,0.00059,
298,40.77150,-45.98143,9.85578,0.00119,-0.36602,0.93061,0.00186,-0.68776,-0.66721,0.00067,
298,40.73787,-46.01310,9.85597,0.00120,-0.36601,0.93061,0.00186,-0.68781,-0.66710,0.00066,
298,40.70509,-46.04470,9.85569,0.00119,-0.36599,0.93061,0.00186,-0.68737,-0.66683,0.00052,
298,40.67254,-46.07623,9.85551,0.00119,-0.36598,0.93062,0.00186,-0.68694,-0.66654,0.00043,
298,40.64095,-46.10745,9.85509,0.00118,-0.36597,0.93062,0.00186,-0.68620,-0.66617,0.00025,
298,40.60768,-46.13873,9.85470,0.00118,-0.36596,0.93063,0.00186,-0.68616,-0.66580,0.00004,
298,40.57231,-46.17004,9.85457,0.00119,-0.36596,0.93063,0.00185,-0.68713,-0.66550,-0.00009,
298,40.53693,-46.20042,9.85476,0.00119,-0.36597,0.93062,0.00184,-0.68807,-0.66471,-0.00017,
298,40.50201,-46.23101,9.85486,0.00119,-0.36598,0.93062,0.00183,-0.68872,-0.66401,-0.00028,
298,40.57560,-46.18577,9.89057,0.00121,-0.36603,0.93060,0.00194,-0.67113,-0.65633,0.01476,
298,40.53695,-46.22341,9.89021,0.00121,-0.36603,0.93060,0.00196,-0.67199,-0.65776,0.01416,
298,40.48840,-46.26151,9.88477,0.00122,-0.36606,0.93059,0.00193,-0.67529,-0.65758,0.01133,
299,40.45072,-46.29525,9.88263,0.00121,-0.36608,0.93058,0.00193,-0.67601,-0.65739,0.00990,
299,40.42015,-46.32680,9.88566,0.00122,-0.36609,0.93058,0.00195,-0.67532,-0.65790,0.01074,
299,40.38357,-46.35992,9.88556,0.00122,-0.36611,0.93057,0.00194,-0.67620,-0.65811,0.01034,
299,40.34849,-46.39191,9.88394,0.00122,-0.36614,0.93056,0.00194,-0.67658,-0.65783,0.00943,
299,40.31474,-46.42414,9.88332,0.00122,-0.36616,0.93055,0.00194,-0.67661,-0.65802,0.00895,
299,40.28174,-46.45594,9.88433,0.00122,-0.36618,0.93054,0.00195,-0.67653,-0.65822,0.00913,
299,40.24827,-46.48916,9.88368,0.00122,-0.36619,0.93054,0.00195,-0.67625,-0.65874,0.00862,
299,40.22403,-46.51856,9.88325,0.00121,-0.36620,0.93053,0.00197,-0.67434,-0.65917,0.00812,
299,40.20029,-46.54606,9.88384,0.00120,-0.36622,0.93053,0.00197,-0.67265,-0.65899,0.00808,
299,40.16648,-46.57833,9.88445,0.00121,-0.36623,0.93052,0.00198,-0.67284,-0.65926,0.00811,
299,40.13279,-46.61068,9.88486,0.00121,-0.36625,0.93051,0.00198,-0.67304,-0.65959,0.00806,
299,40.09887,-46.64315,9.88509,0.00122,-0.36626,0.93051,0.00198,-0.67337,-0.66001,0.00797,
299,40.06329,-46.67649,9.88593,0.00122,-0.36627,0.93051,0.00198,-0.67401,-0.66059,0.00810,
299,40.02881,-46.70912,9.88614,0.00123,-0.36627,0.93050,0.00198,-0.67442,-0.66099,0.00801,
299,39.99450,-46.74261,9.88615,0.00123,-0.36627,0.93051,0.00199,-0.67467,-0.66188,0.00785,
299,39.96018,-46.77551,9.88647,0.00123,-0.36626,0.93051,0.00200,-0.67473,-0.66235,0.00780,
299,39.92739,-46.80715,9.88688,0.00124,-0.36625,0.93051,0.00200,-0.67471,-0.66251,0.00775,
299,39.89409,-46.83940,9.88769,0.00125,-0.36622,0.93053,0.00197,-0.67480,-0.66287,0.00784,
299,39.85863,-46.87226,9.88812,0.00128,-0.36612,0.93056,0.00191,-0.67541,-0.66316,0.00779,
300,39.82469,-46.90478,9.88811,0.00132,-0.36594,0.93063,0.00184,-0.67572,-0.66340,0.00761,
300,39.79294,-46.93627,9.88812,0.00134,-0.36567,0.93074,0.00176,-0.67523,-0.66328,0.00744,
300,39.76098,-46.96723,9.88835,0.00137,-0.36530,0.93089,0.00168,-0.67500,-0.66299,0.00731,
300,39.72582,-46.99894,9.88868,0.00142,-0.36481,0.93108,0.00158,-0.67608,-0.66267,0.00726,
300,39.69370,-47.03001,9.89079,0.00146,-0.36420,0.93132,0.00149,-0.67646,-0.66227,0.00773,
300,39.66861,-47.05984,9.89264,0.00147,-0.36353,0.93158,0.00141,-0.67428,-0.66176,0.00810,
300,39.63320,-47.09119,9.89342,0.00151,-0.36276,0.93188,0.00132,-0.67573,-0.66123,0.00814,
300,39.59571,-47.12323,9.89429,0.00156,-0.36191,0.93221,0.00123,-0.67782,-0.66074,0.00822,
300,39.56178,-47.15500,9.89464,0.00159,-0.36103,0.93255,0.00115,-0.67853,-0.66017,0.00821,
300,39.52229,-47.18715,9.89632,0.00164,-0.36010,0.93291,0.00106,-0.68152,-0.65951,0.00857,
300,39.50040,-47.21208,9.91087,0.00172,-0.35925,0.93324,0.00099,-0.68462,-0.65957,0.01005,
300,39.46255,-47.24881,9.91179,0.00175,-0.35833,0.93359,0.00093,-0.68583,-0.65938,0.01017,
300,39.43076,-47.28165,9.91213,0.00177,-0.35743,0.93394,0.00088,-0.68569,-0.65912,0.01009,
300,39.39613,-47.31347,9.91300,0.00180,-0.35656,0.93427,0.00082,-0.68697,-0.65848,0.01014,
300,39.35963,-47.34573,9.91384,0.00183,-0.35571,0.93459,0.00077,-0.68902,-0.65784,0.01019,
300,39.32594,-47.37819,9.91457,0.00185,-0.35491,0.93490,0.00073,-0.69001,-0.65757,0.01019,
300,39.28541,-47.41444,9.91308,0.00187,-0.35415,0.93518,0.00069,-0.69120,-0.65728,0.00965,
300,39.24872,-47.44886,9.91005,0.00188,-0.35341,0.93547,0.00061,-0.69175,-0.65642,0.00879,
300,39.21938,-47.47864,9.90918,0.00191,-0.35263,0.93576,0.00052,-0.69187,-0.65521,0.00844,
300,39.18567,-47.51053,9.90929,0.00195,-0.35181,0.93607,0.00042,-0.69279,-0.65439,0.00831,
300,39.15366,-47.53252,9.91154,0.00203,-0.35099,0.93638,0.00032,-0.69648,-0.65237,0.00874,
301,39.10970,-47.57195,9.91275,0.00208,-0.34998,0.93676,0.00019,-0.69960,-0.65186,0.00898,
301,39.07030,-47.60549,9.91405,0.00214,-0.34889,0.93716,0.00007,-0.70258,-0.65062,0.00925,
301,39.03260,-47.63738,9.91516,0.00219,-0.34772,0.93760,-0.00004,-0.70527,-0.64907,0.00945,
301,39.00044,-47.66864,9.91497,0.00221,-0.34648,0.93805,-0.00014,-0.70595,-0.64799,0.00915,
301,38.96400,-47.70044,9.91526,0.00225,-0.34517,0.93854,-0.00023,-0.70806,-0.64658,0.00906,
301,38.92907,-47.73215,9.91508,0.00228,-0.34381,0.93904,-0.00032,-0.70963,-0.64527,0.00880,
301,38.89274,-47.76223,9.91460,0.00231,-0.34241,0.93955,-0.00042,-0.71199,-0.64287,0.00841,
301,38.87116,-47.76974,9.91613,0.00239,-0.34103,0.94005,-0.00054,-0.71732,-0.63799,0.00793,
301,38.82830,-47.80813,9.91839,0.00244,-0.33954,0.94059,-0.00062,-0.72123,-0.63718,0.00827,
301,38.79420,-47.84038,9.91815,0.00245,-0.33811,0.94110,-0.00067,-0.72238,-0.63617,0.00795,
301,38.75700,-47.87235,9.91850,0.00248,-0.33667,0.94162,-0.00073,-0.72475,-0.63465,0.00789,
301,38.71972,-47.90299,9.91912,0.00250,-0.33526,0.94212,-0.00078,-0.72728,-0.63240,0.00788,
301,38.68177,-47.93346,9.91958,0.00252,-0.33389,0.94261,-0.00084,-0.72996,-0.62995,0.00781,
301,38.62983,-47.96551,9.91396,0.00256,-0.33257,0.94308,-0.00096,-0.73681,-0.62620,0.00652,
301,38.58461,-48.00228,9.91319,0.00259,-0.33122,0.94355,-0.00106,-0.74067,-0.62482,0.00608,
301,38.54641,-48.03299,9.91378,0.00263,-0.32983,0.94404,-0.00116,-0.74353,-0.62260,0.00612,
301,38.51351,-48.06337,9.91373,0.00265,-0.32839,0.94454,-0.00124,-0.74451,-0.62101,0.00596,
301,38.48632,-48.09281,9.91330,0.00267,-0.32692,0.94505,-0.00130,-0.74374,-0.61995,0.00559,
301,38.45556,-48.12243,9.91331,0.00269,-0.32539,0.94558,-0.00138,-0.74415,-0.61844,0.00541,
302,38.41114,-48.15455,9.90841,0.00271,-0.32383,0.94611,-0.00147,-0.74747,-0.61632,0.00359,
302,38.36979,-48.19060,9.90932,0.00274,-0.32216,0.94668,-0.00154,-0.75015,-0.61535,0.00392,
302,38.33550,-48.22167,9.91021,0.00277,-0.32044,0.94726,-0.00163,-0.75146,-0.61361,0.00406,
302,38.30973,-48.25214,9.91086,0.00278,-0.31867,0.94786,-0.00170,-0.74980,-0.61298,0.00409,
302,38.27735,-48.28347,9.91052,0.00280,-0.31684,0.94847,-0.00178,-0.75030,-0.61188,0.00380,
302,38.24239,-48.31490,9.91085,0.00283,-0.31491,0.94911,-0.00188,-0.75175,-0.61014,0.00379,
302,38.21466,-48.33896,9.90878,0.00285,-0.31299,0.94975,-0.00194,-0.75199,-0.60775,0.00293,
302,38.17799,-48.37217,9.90881,0.00287,-0.31092,0.95043,-0.00204,-0.75363,-0.60641,0.00284,
302,38.14847,-48.40254,9.90763,0.00287,-0.30885,0.95110,-0.00212,-0.75278,-0.60532,0.00241,
302,38.11360,-48.43358,9.90791,0.00290,-0.30669,0.95180,-0.00221,-0.75429,-0.60328,0.00239,
302,38.07092,-48.46562,9.90819,0.00294,-0.30450,0.95251,-0.00231,-0.75833,-0.60045,0.00243,
302,38.00594,-48.51358,9.90949,0.00298,-0.30239,0.95318,-0.00243,-0.76738,-0.60077,0.00251,
302,37.95754,-48.54520,9.90924,0.00302,-0.30007,0.95391,-0.00259,-0.77375,-0.59670,0.00234,
302,37.91650,-48.57510,9.90930,0.00306,-0.29775,0.95464,-0.00272,-0.77753,-0.59306,0.00232,
302,37.87642,-48.60501,9.90935,0.00309,-0.29537,0.95537,-0.00282,-0.78092,-0.58982,0.00228,
302,37.79763,-48.65124,9.90721,0.00314,-0.29313,0.95606,-0.00299,-0.79622,-0.58958,0.00128,
302,37.75623,-48.68402,9.90745,0.00317,-0.29067,0.95681,-0.00308,-0.79944,-0.58705,0.00130,
302,37.71588,-48.71331,9.90722,0.00319,-0.28823,0.95755,-0.00317,-0.80278,-0.58339,0.00117,
302,37.67514,-48.74224,9.90747,0.00322,-0.28577,0.95829,-0.00327,-0.80626,-0.57955,0.00127,
302,37.63927,-48.75434,9.90358,0.00323,-0.28342,0.95898,-0.00343,-0.80844,-0.56807,-0.00066,
302,37.59837,-48.78408,9.90409,0.00325,-0.28091,0.95972,-0.00352,-0.81169,-0.56462,-0.00047,
303,37.55699,-48.81289,9.90389,0.00327,-0.27841,0.96045,-0.00361,-0.81515,-0.56084,-0.00058,
303,37.51735,-48.84129,9.90381,0.00328,-0.27591,0.96117,-0.00369,-0.81779,-0.55704,-0.00065,
303,37.48012,-48.85251,9.89798,0.00329,-0.27354,0.96185,-0.00385,-0.81997,-0.54418,-0.00388,
303,37.44766,-48.88319,9.89808,0.00328,-0.27098,0.96257,-0.00387,-0.81828,-0.54268,-0.00386,
303,37.40357,-48.90931,9.89798,0.00330,-0.26843,0.96328,-0.00396,-0.82347,-0.53732,-0.00385,
303,37.35653,-48.93319,9.89890,0.00334,-0.26585,0.96400,-0.00409,-0.83045,-0.53035,-0.00315,
303,37.31787,-48.94652,9.89641,0.00335,-0.26332,0.96469,-0.00424,-0.83330,-0.51809,-0.00447,
303,37.27329,-48.97632,9.89672,0.00336,-0.26071,0.96540,-0.00433,-0.83789,-0.51540,-0.00418,
303,37.23053,-49.00085,9.89688,0.00338,-0.25803,0.96612,-0.00442,-0.84201,-0.50965,-0.00394,
303,37.18843,-49.02415,9.89734,0.00340,-0.25531,0.96684,-0.00452,-0.84587,-0.50326,-0.00354,
303,37.17905,-49.01686,9.89452,0.00337,-0.25267,0.96754,-0.00465,-0.83275,-0.47998,-0.00514,
303,37.13284,-49.04578,9.89472,0.00338,-0.24989,0.96826,-0.00473,-0.83842,-0.47741,-0.00486,
303,37.09097,-49.06778,9.89470,0.00339,-0.24706,0.96898,-0.00484,-0.84210,-0.47087,-0.00471,
303,37.05352,-49.07731,9.89243,0.00339,-0.24425,0.96969,-0.00500,-0.84399,-0.45576,-0.00595,
303,37.00664,-49.10217,9.89262,0.00341,-0.24130,0.97043,-0.00510,-0.85030,-0.45096,-0.00562,
303,36.96551,-49.12437,9.89198,0.00341,-0.23835,0.97116,-0.00518,-0.85291,-0.44523,-0.00589,
303,36.91285,-49.14188,9.89123,0.00346,-0.23534,0.97189,-0.00533,-0.86408,-0.43498,-0.00625,
303,36.86765,-49.16663,9.89115,0.00345,-0.23237,0.97261,-0.00538,-0.86852,-0.43113,-0.00608,
303,36.82465,-49.18923,9.89093,0.00345,-0.22940,0.97331,-0.00545,-0.87161,-0.42611,-0.00602,
304,36.77078,-49.20918,9.88993,0.00351,-0.22626,0.97404,-0.00559,-0.88289,-0.41850,-0.00655,
304,36.72647,-49.23142,9.88915,0.00350,-0.22328,0.97473,-0.00566,-0.88607,-0.41369,-0.00687,
304,36.68164,-49.25422,9.88891,0.00350,-0.22021,0.97543,-0.00574,-0.88972,-0.40924,-0.00681,
304,36.67840,-49.25207,9.88714,0.00343,-0.21716,0.97611,-0.00583,-0.86415,-0.38835,-0.00795,
304,36.63629,-49.27292,9.88684,0.00343,-0.21400,0.97681,-0.00591,-0.86660,-0.38338,-0.00795,
304,36.59254,-49.29408,9.88638,0.00342,-0.21080,0.97750,-0.00598,-0.87006,-0.37867,-0.00803,
304,36.54208,-49.32316,9.88405,0.00341,-0.20768,0.97817,-0.00605,-0.87750,-0.38025,-0.00972,
304,36.50054,-49.34379,9.88333,0.00339,-0.20443,0.97886,-0.00609,-0.87885,-0.37558,-0.00998,
304,36.45536,-49.36149,9.88310,0.00339,-0.20115,0.97954,-0.00616,-0.88321,-0.36801,-0.00977,
304,36.39224,-49.39551,9.88140,0.00339,-0.19796,0.98018,-0.00619,-0.89975,-0.37362,-0.01077,
304,36.34696,-49.41466,9.88117,0.00339,-0.19472,0.98083,-0.00622,-0.90324,-0.36740,-0.01056,
304,36.30139,-49.43507,9.88074,0.00337,-0.19152,0.98146,-0.00624,-0.90656,-0.36251,-0.01052,
304,36.24963,-49.46279,9.87881,0.00332,-0.18843,0.98206,-0.00624,-0.91366,-0.36416,-0.01175,
304,36.20598,-49.47966,9.87832,0.00331,-0.18526,0.98266,-0.00628,-0.91535,-0.35652,-0.01169,
304,36.15901,-49.49880,9.87803,0.00331,-0.18212,0.98325,-0.00634,-0.91925,-0.35090,-0.01146,
304,36.11782,-49.52271,9.87618,0.00323,-0.17910,0.98380,-0.00634,-0.91730,-0.35056,-0.01256,
304,36.07366,-49.53816,9.87582,0.00323,-0.17587,0.98439,-0.00641,-0.91918,-0.34214,-0.01240,
304,36.02669,-49.55464,9.87531,0.00323,-0.17261,0.98496,-0.00649,-0.92302,-0.33455,-0.01231,
304,35.97975,-49.57923,9.87399,0.00316,-0.16947,0.98551,-0.00650,-0.92559,-0.33489,-0.01294,
304,35.93338,-49.59384,9.87370,0.00316,-0.16611,0.98608,-0.00656,-0.92879,-0.32592,-0.01264,
304,35.88610,-49.60882,9.87323,0.00315,-0.16272,0.98665,-0.00662,-0.93247,-0.31755,-0.01252,
305,35.84995,-49.62403,9.87205,0.00306,-0.15948,0.98717,-0.00663,-0.92630,-0.31023,-0.01301,
305,35.80086,-49.63911,9.87194,0.00305,-0.15606,0.98772,-0.00667,-0.93142,-0.30231,-0.01258,
305,35.75400,-49.65246,9.87149,0.00303,-0.15266,0.98825,-0.00670,-0.93452,-0.29333,-0.01247,
305,35.69657,-49.66932,9.87147,0.00302,-0.14936,0.98876,-0.00675,-0.94596,-0.28674,-0.01193,
305,35.64580,-49.68617,9.87128,0.00300,-0.14610,0.98924,-0.00674,-0.95126,-0.28146,-0.01163,
305,35.59871,-49.69824,9.87095,0.00297,-0.14287,0.98971,-0.00674,-0.95364,-0.27229,-0.01145,
305,35.54400,-49.70793,9.86933,0.00294,-0.13970,0.99017,-0.00681,-0.96218,-0.26036,-0.01240,
305,35.49366,-49.72594,9.87032,0.00291,-0.13663,0.99059,-0.00674,-0.96627,-0.25728,-0.01110,
305,35.44640,-49.73629,9.86997,0.00287,-0.13361,0.99101,-0.00672,-0.96808,-0.24759,-0.01097,
305,35.40462,-49.73957,9.87017,0.00283,-0.13061,0.99141,-0.00674,-0.96572,-0.23166,-0.01043,
305,35.35352,-49.75239,9.86915,0.00278,-0.12782,0.99177,-0.00669,-0.97004,-0.22517,-0.01097,
305,35.30838,-49.75958,9.86850,0.00273,-0.12508,0.99212,-0.00667,-0.96995,-0.21422,-0.01112,
305,35.26345,-49.75724,9.86741,0.00268,-0.12219,0.99248,-0.00677,-0.96997,-0.19438,-0.01167,
305,35.20863,-49.77123,9.86605,0.00263,-0.11957,0.99280,-0.00675,-0.97658,-0.19042,-0.01241,
305,35.16121,-49.77948,9.86539,0.00260,-0.11687,0.99312,-0.00676,-0.97761,-0.18182,-0.01252,
305,35.16140,-49.76630,9.86336,0.00242,-0.11407,0.99345,-0.00681,-0.94020,-0.15587,-0.01397,
305,35.11145,-49.77463,9.86257,0.00239,-0.11129,0.99376,-0.00681,-0.94428,-0.14854,-0.01413,
305,35.06708,-49.77893,9.86173,0.00235,-0.10843,0.99408,-0.00682,-0.94400,-0.13825,-0.01432,
305,35.01661,-49.77705,9.85871,0.00228,-0.10537,0.99441,-0.00695,-0.94843,-0.12158,-0.01646,
306,34.96358,-49.78696,9.85806,0.00226,-0.10249,0.99471,-0.00691,-0.95419,-0.11719,-0.01639,
306,34.91373,-49.79494,9.85713,0.00223,-0.09957,0.99500,-0.00688,-0.95724,-0.11134,-0.01663,
306,34.85968,-49.80695,9.85625,0.00222,-0.09667,0.99529,-0.00681,-0.96298,-0.10919,-0.01683,
306,34.81161,-49.80952,9.85373,0.00216,-0.09361,0.99558,-0.00684,-0.96413,-0.09924,-0.01844,
306,34.76622,-49.81402,9.85291,0.00212,-0.09072,0.99585,-0.00678,-0.96333,-0.09160,-0.01846,
306,34.71495,-49.82206,9.85237,0.00210,-0.08787,0.99611,-0.00671,-0.96677,-0.08712,-0.01825,
306,34.66530,-49.82742,9.85195,0.00207,-0.08506,0.99635,-0.00664,-0.96886,-0.08055,-0.01791,
306,34.62220,-49.83845,9.84946,0.00197,-0.08228,0.99659,-0.00659,-0.96504,-0.07955,-0.01932,
306,34.57933,-49.83940,9.84893,0.00194,-0.07960,0.99680,-0.00651,-0.96234,-0.07013,-0.01915,
306,34.53003,-49.84514,9.84819,0.00190,-0.07703,0.99701,-0.00642,-0.96404,-0.06491,-0.01906,
306,34.48037,-49.85041,9.84735,0.00187,-0.07452,0.99720,-0.00633,-0.96578,-0.05947,-0.01909,
306,34.42204,-49.87239,9.84550,0.00182,-0.07214,0.99737,-0.00619,-0.97281,-0.06829,-0.01970,
306,34.37920,-49.87283,9.84546,0.00177,-0.06975,0.99754,-0.00609,-0.96947,-0.05928,-0.01899,
306,34.33107,-49.87593,9.84484,0.00173,-0.06746,0.99770,-0.00600,-0.96976,-0.05254,-0.01883,
306,34.28151,-49.87975,9.84365,0.00169,-0.06526,0.99785,-0.00590,-0.97095,-0.04679,-0.01914,
306,34.20690,-49.90261,9.84035,0.00166,-0.06319,0.99798,-0.00581,-0.98857,-0.05573,-0.02098,
306,34.16151,-49.90300,9.83973,0.00163,-0.06110,0.99811,-0.00570,-0.98643,-0.04757,-0.02077,
306,34.11144,-49.90626,9.83892,0.00159,-0.05908,0.99824,-0.00560,-0.98728,-0.04183,-0.02069,
306,34.06107,-49.90955,9.83810,0.00155,-0.05712,0.99835,-0.00549,-0.98819,-0.03645,-0.02063,
306,34.01156,-49.91149,9.83738,0.00151,-0.05521,0.99846,-0.00539,-0.98847,-0.03023,-0.02051,
306,33.95985,-49.93196,9.83719,0.00142,-0.05347,0.99855,-0.00521,-0.98871,-0.03861,-0.01976,
307,33.91188,-49.93336,9.83612,0.00140,-0.05168,0.99865,-0.00507,-0.98810,-0.03266,-0.01991,
307,33.86198,-49.93693,9.83491,0.00136,-0.04992,0.99874,-0.00495,-0.98834,-0.02838,-0.02017,
307,33.81311,-49.93845,9.83372,0.00132,-0.04819,0.99883,-0.00484,-0.98789,-0.02272,-0.02037,
307,33.76442,-49.93856,9.83319,0.00128,-0.04649,0.99891,-0.00474,-0.98745,-0.01625,-0.02009,
307,33.70433,-49.95876,9.83490,0.00121,-0.04490,0.99898,-0.00458,-0.99258,-0.02417,-0.01794,
307,33.65500,-49.95791,9.83429,0.00119,-0.04328,0.99905,-0.00446,-0.99255,-0.01738,-0.01774,
307,33.60483,-49.95867,9.83396,0.00116,-0.04169,0.99912,-0.00436,-0.99272,-0.01199,-0.01735,
307,33.55460,-49.96162,9.83334,0.00114,-0.04012,0.99919,-0.00428,-0.99279,-0.00870,-0.01720,
307,33.50535,-49.96392,9.83223,0.00111,-0.03850,0.99925,-0.00421,-0.99217,-0.00508,-0.01739,
307,33.45531,-49.96571,9.83073,0.00108,-0.03682,0.99931,-0.00417,-0.99193,-0.00114,-0.01783,
307,33.42448,-49.98500,9.83515,0.00098,-0.03518,0.99937,-0.00403,-0.97925,-0.00996,-0.01407,
307,33.37497,-49.98311,9.83424,0.00097,-0.03330,0.99944,-0.00401,-0.97949,-0.00338,-0.01424,
307,33.32469,-49.98348,9.83312,0.00095,-0.03137,0.99950,-0.00399,-0.97970,0.00136,-0.01451,
307,33.27579,-49.98452,9.83237,0.00093,-0.02940,0.99956,-0.00395,-0.97911,0.00534,-0.01451,
307,33.22699,-49.98397,9.83233,0.00090,-0.02737,0.99962,-0.00392,-0.97854,0.01034,-0.01403,
307,33.17765,-49.98393,9.83203,0.00088,-0.02532,0.99967,-0.00389,-0.97822,0.01473,-0.01370,
307,33.15831,-50.00310,9.83766,0.00078,-0.02341,0.99972,-0.00372,-0.96064,0.00552,-0.00905,
307,33.10850,-50.00124,9.83599,0.00078,-0.02141,0.99976,-0.00368,-0.96101,0.01111,-0.00998,
307,33.05975,-50.00102,9.83444,0.00075,-0.01945,0.99980,-0.00364,-0.96051,0.01535,-0.01079,
308,33.01194,-50.00121,9.83364,0.00073,-0.01750,0.99984,-0.00360,-0.95952,0.01921,-0.01102,
308,32.96370,-50.00144,9.83335,0.00072,-0.01560,0.99987,-0.00355,-0.95886,0.02270,-0.01085,
308,32.90889,-50.02170,9.83709,0.00069,-0.01385,0.99990,-0.00342,-0.96100,0.01339,-0.00784,
308,32.86299,-50.01897,9.83667,0.00067,-0.01204,0.99992,-0.00337,-0.95902,0.01892,-0.00789,
308,32.81438,-50.01835,9.83663,0.00065,-0.01029,0.99994,-0.00331,-0.95845,0.02287,-0.00763,
308,32.76571,-50.01673,9.83609,0.00063,-0.00859,0.99996,-0.00327,-0.95787,0.02737,-0.00777,
308,32.71689,-50.01315,9.83539,0.00061,-0.00694,0.99997,-0.00324,-0.95726,0.03316,-0.00800,
308,32.59414,-50.02561,9.83823,0.00072,-0.00525,0.99998,-0.00326,-0.99516,0.03104,-0.00596,
308,32.54427,-50.02272,9.83727,0.00069,-0.00374,0.99999,-0.00319,-0.99409,0.03584,-0.00636,
308,32.49466,-50.02187,9.83699,0.00067,-0.00225,0.99999,-0.00313,-0.99311,0.03917,-0.00636,
308,32.44547,-50.02073,9.83672,0.00065,-0.00078,0.99999,-0.00307,-0.99192,0.04253,-0.00635,
308,32.39603,-50.01965,9.83645,0.00064,0.00064,1.00000,-0.00301,-0.99088,0.04563,-0.00635,
308,32.34664,-50.01866,9.83640,0.00063,0.00205,0.99999,-0.00293,-0.98987,0.04849,-0.00620,
308,32.30703,-50.03005,9.83992,0.00062,0.00348,0.99999,-0.00283,-0.98457,0.04372,-0.00416,
308,32.25763,-50.02566,9.83873,0.00060,0.00484,0.99998,-0.00278,-0.98343,0.04895,-0.00495,
308,32.20782,-50.02218,9.83775,0.00058,0.00617,0.99998,-0.00273,-0.98254,0.05338,-0.00553,
308,32.15865,-50.01922,9.83724,0.00057,0.00747,0.99997,-0.00267,-0.98138,0.05714,-0.00575,
308,32.10971,-50.01601,9.83694,0.00055,0.00876,0.99996,-0.00260,-0.98013,0.06088,-0.00580,
308,32.06173,-50.01243,9.83658,0.00053,0.01001,0.99995,-0.00253,-0.97841,0.06472,-0.00588,
308,32.01386,-50.00878,9.83691,0.00051,0.01125,0.99993,-0.00247,-0.97677,0.06839,-0.00552,
308,31.94683,-50.01774,9.83881,0.00054,0.01249,0.99992,-0.00241,-0.98452,0.06542,-0.00462,
309,31.90075,-50.01520,9.83861,0.00052,0.01363,0.99990,-0.00232,-0.98166,0.06800,-0.00464,
309,31.84967,-50.00997,9.83844,0.00050,0.01479,0.99989,-0.00227,-0.98132,0.07255,-0.00462,
309,31.79977,-50.00523,9.83844,0.00049,0.01593,0.99987,-0.00221,-0.98043,0.07645,-0.00445,
309,31.75113,-50.00122,9.83827,0.00047,0.01703,0.99985,-0.00214,-0.97896,0.07961,-0.00439,
309,31.70437,-49.99878,9.83813,0.00046,0.01809,0.99983,-0.00206,-0.97668,0.08151,-0.00434,
309,31.65866,-49.99656,9.83843,0.00044,0.01914,0.99981,-0.00198,-0.97399,0.08311,-0.00406,
309,31.61274,-49.99445,9.83895,0.00043,0.02017,0.99979,-0.00190,-0.97143,0.08450,-0.00367,
309,31.56415,-49.99131,9.83925,0.00042,0.02118,0.99977,-0.00182,-0.97019,0.08647,-0.00338,
309,31.47566,-49.99958,9.84190,0.00049,0.02228,0.99975,-0.00178,-0.98680,0.08313,-0.00177,
309,31.42693,-49.99497,9.84184,0.00048,0.02324,0.99973,-0.00170,-0.98534,0.08577,-0.00187,
309,31.37225,-49.98978,9.84148,0.00048,0.02420,0.99971,-0.00165,-0.98662,0.08881,-0.00204,
309,31.31813,-49.98517,9.84125,0.00048,0.02514,0.99968,-0.00159,-0.98759,0.09125,-0.00203,
309,31.26643,-49.98171,9.84143,0.00048,0.02605,0.99966,-0.00152,-0.98751,0.09285,-0.00183,
309,31.21297,-49.97702,9.84181,0.00049,0.02695,0.99964,-0.00146,-0.98818,0.09512,-0.00154,
309,31.16349,-49.97510,9.84168,0.00048,0.02782,0.99961,-0.00138,-0.98704,0.09543,-0.00159,
309,31.11633,-49.97558,9.84130,0.00048,0.02866,0.99959,-0.00128,-0.98494,0.09412,-0.00176,
309,31.06834,-49.97485,9.84179,0.00048,0.02950,0.99956,-0.00119,-0.98333,0.09354,-0.00145,
309,31.02315,-49.97450,9.84254,0.00048,0.03031,0.99954,-0.00109,-0.98071,0.09251,-0.00106,
309,30.96549,-49.98462,9.84325,0.00050,0.03117,0.99951,-0.00104,-0.98334,0.08703,-0.00087,
310,30.92079,-49.98004,9.84433,0.00051,0.03196,0.99949,-0.00095,-0.98073,0.08831,-0.00051,
310,30.87103,-49.97650,9.84402,0.00051,0.03273,0.99946,-0.00088,-0.97979,0.08935,-0.00079,
310,30.82398,-49.97420,9.84368,0.00050,0.03348,0.99944,-0.00081,-0.97781,0.08949,-0.00107,
310,30.77524,-49.97074,9.84323,0.00050,0.03421,0.99941,-0.00074,-0.97654,0.09031,-0.00140,
310,30.72430,-49.96571,9.84286,0.00049,0.03493,0.99939,-0.00069,-0.97612,0.09213,-0.00164,
310,30.67302,-49.96089,9.84281,0.00049,0.03564,0.99936,-0.00064,-0.97590,0.09368,-0.00162,
310,30.62462,-49.95715,9.84309,0.00049,0.03632,0.99934,-0.00057,-0.97456,0.09441,-0.00147,
310,30.57302,-49.95173,9.84297,0.00049,0.03699,0.99932,-0.00053,-0.97443,0.09611,-0.00151,
310,30.52162,-49.94592,9.84222,0.00048,0.03764,0.99929,-0.00048,-0.97411,0.09795,-0.00189,
310,30.47163,-49.94061,9.84201,0.00048,0.03828,0.99927,-0.00043,-0.97332,0.09936,-0.00194,
310,30.42743,-49.95180,9.84364,0.00046,0.03893,0.99924,-0.00038,-0.97032,0.09278,-0.00076,
310,30.38661,-49.94917,9.84438,0.00046,0.03951,0.99922,-0.00029,-0.96625,0.09239,-0.00045,
310,30.33873,-49.94571,9.84514,0.00046,0.04010,0.99920,-0.00023,-0.96490,0.09271,-0.00006,
310,30.29122,-49.94210,9.84499,0.00046,0.04065,0.99917,-0.00017,-0.96328,0.09306,-0.00015,
310,30.24165,-49.93689,9.84529,0.00046,0.04120,0.99915,-0.00012,-0.96244,0.09433,-0.00007,
310,30.19091,-49.93079,9.84515,0.00046,0.04172,0.99913,-0.00008,-0.96200,0.09601,-0.00019,
310,30.14484,-49.92650,9.84410,0.00044,0.04222,0.99911,-0.00003,-0.95977,0.09657,-0.00076,
310,30.09623,-49.92134,9.84364,0.00044,0.04271,0.99909,0.00002,-0.95861,0.09748,-0.00098,
310,30.04946,-49.91630,9.84286,0.00044,0.04318,0.99907,0.00007,-0.95670,0.09820,-0.00137,
310,30.00754,-49.91405,9.84426,0.00044,0.04364,0.99905,0.00014,-0.95352,0.09736,-0.00068,
310,29.96442,-49.91181,9.84557,0.00044,0.04409,0.99903,0.00021,-0.95089,0.09643,-0.00011,
311,29.91781,-49.90593,9.84409,0.00043,0.04452,0.99901,0.00025,-0.94890,0.09754,-0.00075,
311,29.87132,-49.90122,9.84271,0.00042,0.04493,0.99899,0.00030,-0.94703,0.09792,-0.00139,
311,29.83000,-49.89882,9.84228,0.00041,0.04532,0.99897,0.00039,-0.94354,0.09695,-0.00152,
311,29.79054,-49.89660,9.84269,0.00040,0.04566,0.99896,0.00047,-0.93959,0.09589,-0.00130,
311,29.74820,-49.89443,9.84276,0.00040,0.04597,0.99894,0.00056,-0.93674,0.09474,-0.00127,
311,29.70514,-49.89231,9.84293,0.00040,0.04623,0.99893,0.00065,-0.93421,0.09352,-0.00118,
311,29.68818,-49.90447,9.84672,0.00035,0.04641,0.99892,0.00069,-0.92289,0.08723,0.00070,
311,29.63992,-49.89838,9.84532,0.00035,0.04659,0.99891,0.00077,-0.92194,0.08813,0.00011,
311,29.59670,-49.89481,9.84580,0.00035,0.04670,0.99891,0.00085,-0.91949,0.08764,0.00029,
311,29.55485,-49.89192,9.84598,0.00034,0.04677,0.99891,0.00093,-0.91670,0.08676,0.00035,
311,29.51178,-49.88838,9.84610,0.00035,0.04681,0.99890,0.00100,-0.91436,0.08618,0.00035,
311,29.47019,-49.88517,9.84617,0.00034,0.04682,0.99890,0.00108,-0.91154,0.08538,0.00032,
311,29.42729,-49.88187,9.84629,0.00034,0.04682,0.99890,0.00115,-0.90924,0.08455,0.00034,
311,29.38192,-49.87833,9.84625,0.00034,0.04679,0.99890,0.00121,-0.90789,0.08381,0.00030,
311,29.33444,-49.87468,9.84648,0.00035,0.04675,0.99891,0.00128,-0.90734,0.08305,0.00040,
311,29.28933,-49.87130,9.84703,0.00035,0.04671,0.99891,0.00134,-0.90595,0.08213,0.00063,
311,29.24644,-49.86779,9.84708,0.00035,0.04666,0.99891,0.00141,-0.90375,0.08124,0.00057,
311,29.20442,-49.86390,9.84691,0.00035,0.04662,0.99891,0.00146,-0.90124,0.08053,0.00041,
311,29.15972,-49.86009,9.84722,0.00035,0.04658,0.99891,0.00152,-0.89975,0.07974,0.00052,
312,29.11455,-49.85685,9.84765,0.00036,0.04655,0.99891,0.00157,-0.89856,0.07862,0.00068,
312,29.06851,-49.85348,9.84805,0.00036,0.04652,0.99892,0.00162,-0.89765,0.07752,0.00082,
312,29.01959,-49.84924,9.84837,0.00037,0.04649,0.99892,0.00167,-0.89766,0.07677,0.00093,
312,28.97245,-49.84560,9.84882,0.00038,0.04648,0.99892,0.00171,-0.89716,0.07579,0.00109,
312,28.92442,-49.84185,9.84977,0.00039,0.04646,0.99892,0.00175,-0.89705,0.07491,0.00144,
312,28.87761,-49.83777,9.85144,0.00041,0.04645,0.99892,0.00179,-0.89682,0.07399,0.00198,
312,28.83822,-49.83467,9.85169,0.00041,0.04644,0.99892,0.00183,-0.89378,0.07272,0.00200,
312,28.78655,-49.82514,9.84800,0.00040,0.04642,0.99892,0.00184,-0.89362,0.07424,0.00049,
312,28.73352,-49.81529,9.84462,0.00039,0.04640,0.99892,0.00185,-0.89385,0.07580,-0.00081,
312,28.68982,-49.81169,9.84476,0.00039,0.04640,0.99892,0.00189,-0.89222,0.07469,-0.00078,
312,28.64353,-49.80773,9.84492,0.00039,0.04638,0.99892,0.00192,-0.89140,0.07369,-0.00074,
312,28.60016,-49.80213,9.84573,0.00039,0.04636,0.99892,0.00194,-0.88959,0.07348,-0.00050,
312,28.55827,-49.79775,9.84592,0.00039,0.04634,0.99892,0.00197,-0.88746,0.07274,-0.00047,
312,28.50901,-49.79397,9.84656,0.00039,0.04633,0.99892,0.00196,-0.88762,0.07163,-0.00023,
312,28.46257,-49.78975,9.84726,0.00039,0.04636,0.99892,0.00193,-0.88693,0.07076,0.00000,
312,28.41431,-49.78553,9.84785,0.00040,0.04647,0.99892,0.00189,-0.88676,0.06994,0.00021,
312,28.36326,-49.78100,9.84837,0.00040,0.04669,0.99891,0.00182,-0.88734,0.06934,0.00040,
312,28.31223,-49.77586,9.84913,0.00041,0.04703,0.99889,0.00174,-0.88795,0.06913,0.00065,
312,28.26194,-49.77074,9.84974,0.00041,0.04749,0.99887,0.00166,-0.88835,0.06892,0.00083,
312,28.21075,-49.76513,9.85027,0.00041,0.04805,0.99884,0.00158,-0.88891,0.06896,0.00100,
312,28.16130,-49.76056,9.85111,0.00042,0.04871,0.99881,0.00150,-0.88909,0.06863,0.00126,
313,28.11109,-49.75606,9.85152,0.00043,0.04944,0.99878,0.00143,-0.88951,0.06831,0.00135,
313,28.05954,-49.74991,9.85231,0.00043,0.05024,0.99874,0.00135,-0.89013,0.06885,0.00157,
313,28.01073,-49.74470,9.85301,0.00044,0.05108,0.99869,0.00128,-0.89001,0.06890,0.00178,
313,27.96742,-49.74232,9.85418,0.00044,0.05194,0.99865,0.00123,-0.88856,0.06788,0.00216,
313,27.92581,-49.73891,9.85438,0.00043,0.05281,0.99860,0.00117,-0.88644,0.06744,0.00220,
313,27.85265,-49.73362,9.86340,0.00044,0.05363,0.99856,0.00095,-0.89178,0.07247,0.00524,
313,27.79562,-49.72958,9.86264,0.00044,0.05450,0.99851,0.00091,-0.89323,0.07189,0.00490,
313,27.74423,-49.72428,9.86320,0.00044,0.05536,0.99847,0.00082,-0.89354,0.07246,0.00502,
313,27.69655,-49.72026,9.86346,0.00043,0.05625,0.99842,0.00072,-0.89292,0.07257,0.00503,
313,27.64855,-49.71592,9.86385,0.00043,0.05717,0.99836,0.00061,-0.89232,0.07288,0.00509,
313,27.60511,-49.71352,9.86447,0.00042,0.05814,0.99831,0.00050,-0.89080,0.07248,0.00521,
313,27.56057,-49.71149,9.86411,0.00041,0.05917,0.99825,0.00041,-0.88956,0.07182,0.00497,
313,27.50452,-49.70407,9.86414,0.00041,0.06029,0.99818,0.00028,-0.89088,0.07361,0.00490,
313,27.44578,-49.69574,9.86443,0.00041,0.06150,0.99811,0.00015,-0.89256,0.07609,0.00503,
313,27.38688,-49.68608,9.86528,0.00042,0.06278,0.99803,-0.00000,-0.89459,0.07914,0.00523,
313,27.31197,-49.67404,9.87349,0.00043,0.06408,0.99794,-0.00028,-0.90116,0.08697,0.00920,
313,27.25614,-49.66941,9.87309,0.00043,0.06552,0.99785,-0.00041,-0.90175,0.08774,0.00868,
313,27.19452,-49.65971,9.87271,0.00043,0.06708,0.99775,-0.00059,-0.90391,0.09135,0.00827,
313,27.12800,-49.64832,9.87226,0.00043,0.06877,0.99763,-0.00077,-0.90717,0.09570,0.00784,
314,27.06414,-49.63663,9.87156,0.00043,0.07051,0.99751,-0.00094,-0.90956,0.10014,0.00737,
314,27.00621,-49.62775,9.87162,0.00043,0.07233,0.99738,-0.00108,-0.91095,0.10346,0.00722,
314,26.90014,-49.60403,9.87366,0.00045,0.07414,0.99725,-0.00139,-0.92447,0.11571,0.00808,
314,26.84343,-49.59722,9.87362,0.00043,0.07607,0.99710,-0.00151,-0.92429,0.11766,0.00786,
314,26.79641,-49.59211,9.87458,0.00042,0.07805,0.99695,-0.00166,-0.92329,0.11943,0.00808,
314,26.75414,-49.58786,9.87598,0.00041,0.08010,0.99679,-0.00182,-0.92134,0.12128,0.00835,
314,26.69596,-49.57741,9.87636,0.00040,0.08225,0.99661,-0.00199,-0.92223,0.12576,0.00828,
314,26.58742,-49.55542,9.87823,0.00044,0.08441,0.99643,-0.00226,-0.93715,0.13680,0.00836,
314,26.53395,-49.54698,9.87889,0.00042,0.08667,0.99623,-0.00242,-0.93618,0.14036,0.00846,
314,26.47323,-49.53446,9.87967,0.00041,0.08898,0.99603,-0.00260,-0.93751,0.14590,0.00868,
314,26.43365,-49.53204,9.88055,0.00040,0.09131,0.99582,-0.00274,-0.93495,0.14671,0.00889,
314,26.30394,-49.50367,9.87901,0.00045,0.09366,0.99560,-0.00303,-0.95476,0.15902,0.00828,
314,26.25662,-49.49620,9.87986,0.00043,0.09614,0.99536,-0.00320,-0.95247,0.16238,0.00856,
314,26.19583,-49.48387,9.88061,0.00042,0.09872,0.99511,-0.00339,-0.95385,0.16800,0.00874,
314,26.14517,-49.47512,9.88131,0.00040,0.10135,0.99484,-0.00356,-0.95300,0.17203,0.00887,
314,26.03735,-49.44895,9.87985,0.00046,0.10398,0.99457,-0.00384,-0.96950,0.18439,0.00819,
314,25.98615,-49.43724,9.87986,0.00044,0.10674,0.99428,-0.00401,-0.96763,0.19002,0.00786,
314,25.94835,-49.43319,9.87999,0.00041,0.10950,0.99398,-0.00414,-0.96367,0.19178,0.00772,
314,25.90866,-49.42838,9.88032,0.00039,0.11231,0.99366,-0.00429,-0.96016,0.19396,0.00772,
314,25.78834,-49.40075,9.87917,0.00045,0.11510,0.99334,-0.00455,-0.98033,0.20559,0.00747,
314,25.74099,-49.38899,9.87959,0.00041,0.11810,0.99299,-0.00475,-0.97715,0.21160,0.00732,
315,25.68265,-49.37396,9.88004,0.00039,0.12117,0.99262,-0.00494,-0.97739,0.21900,0.00735,
315,25.53977,-49.33580,9.87534,0.00045,0.12426,0.99224,-0.00523,-1.00493,0.23600,0.00531,
315,25.49191,-49.32470,9.87568,0.00041,0.12743,0.99183,-0.00538,-1.00167,0.24119,0.00527,
315,25.44810,-49.31693,9.87553,0.00039,0.13060,0.99142,-0.00551,-0.99803,0.24454,0.00501,
315,25.36520,-49.28869,9.87055,0.00039,0.13387,0.99098,-0.00575,-1.01296,0.25994,0.00198,
315,25.31666,-49.27363,9.87120,0.00035,0.13718,0.99053,-0.00594,-1.00924,0.26748,0.00241,
315,25.26842,-49.26389,9.87176,0.00033,0.14051,0.99006,-0.00610,-1.00611,0.27115,0.00266,
315,25.22638,-49.24891,9.86977,0.00028,0.14390,0.98957,-0.00629,-0.99875,0.27813,0.00126,
315,25.18277,-49.23835,9.86980,0.00024,0.14735,0.98906,-0.00643,-0.99268,0.28201,0.00125,
315,25.13494,-49.22801,9.87001,0.00022,0.15081,0.98854,-0.00655,-0.98945,0.28556,0.00137,
315,25.11207,-49.22927,9.86923,0.00016,0.15418,0.98802,-0.00660,-0.96956,0.27962,0.00125,
315,25.06710,-49.21375,9.86904,0.00010,0.15778,0.98745,-0.00675,-0.96442,0.28744,0.00095,
315,25.01741,-49.19855,9.86880,0.00007,0.16132,0.98688,-0.00689,-0.96252,0.29478,0.00069,
315,24.96086,-49.18817,9.86558,0.00002,0.16474,0.98631,-0.00702,-0.96571,0.29722,-0.00181,
315,24.91518,-49.17378,9.86600,-0.00001,0.16834,0.98570,-0.00715,-0.96108,0.30368,-0.00133,
315,24.86657,-49.15946,9.86671,-0.00004,0.17196,0.98508,-0.00727,-0.95857,0.30988,-0.00062,
315,24.83134,-49.15659,9.86395,-0.00014,0.17541,0.98447,-0.00733,-0.94613,0.30588,-0.00256,
315,24.78474,-49.14210,9.86339,-0.00016,0.17909,0.98380,-0.00744,-0.94262,0.31215,-0.00296,
315,24.73699,-49.12608,9.86309,-0.00020,0.18277,0.98313,-0.00756,-0.93972,0.31969,-0.00312,
316,24.66952,-49.11159,9.86154,-0.00023,0.18625,0.98247,-0.00762,-0.95216,0.32457,-0.00419,
316,24.62307,-49.09575,9.86203,-0.00025,0.18996,0.98176,-0.00770,-0.94798,0.33163,-0.00360,
316,24.57513,-49.07748,9.86247,-0.00028,0.19364,0.98104,-0.00779,-0.94476,0.34050,-0.00304,
316,24.50941,-49.05780,9.86313,-0.00029,0.19714,0.98034,-0.00785,-0.95603,0.34966,-0.00221,
316,24.46077,-49.04320,9.86314,-0.00031,0.20074,0.97961,-0.00787,-0.95335,0.35441,-0.00206,
316,24.41364,-49.02271,9.86259,-0.00034,0.20430,0.97888,-0.00793,-0.94900,0.36448,-0.00256,
316,24.37353,-49.00801,9.86279,-0.00040,0.20765,0.97817,-0.00793,-0.93924,0.36898,-0.00241,
316,24.32371,-48.98863,9.86235,-0.00041,0.21104,0.97745,-0.00794,-0.93762,0.37731,-0.00275,
316,24.27692,-48.97208,9.86177,-0.00044,0.21431,0.97673,-0.00793,-0.93377,0.38258,-0.00319,
316,24.23650,-48.95534,9.86184,-0.00052,0.21742,0.97605,-0.00797,-0.92448,0.38815,-0.00317,
316,24.19165,-48.93770,9.86192,-0.00056,0.22074,0.97530,-0.00803,-0.91941,0.39416,-0.00298,
316,24.14606,-48.91776,9.86177,-0.00061,0.22407,0.97454,-0.00811,-0.91494,0.40185,-0.00297,
316,24.10140,-48.90011,9.86224,-0.00069,0.22735,0.97378,-0.00818,-0.90951,0.40732,-0.00275,
316,24.05475,-48.87990,9.86123,-0.00074,0.23083,0.97296,-0.00826,-0.90604,0.41465,-0.00358,
316,24.00985,-48.86000,9.86110,-0.00079,0.23441,0.97210,-0.00834,-0.90128,0.42150,-0.00358,
316,23.92438,-48.81871,9.85922,-0.00078,0.23804,0.97122,-0.00850,-0.92862,0.44636,-0.00515,
316,23.87973,-48.79637,9.85866,-0.00083,0.24175,0.97030,-0.00856,-0.92256,0.45415,-0.00546,
316,23.83641,-48.77202,9.85808,-0.00088,0.24555,0.96935,-0.00862,-0.91558,0.46353,-0.00578,
316,23.81500,-48.75241,9.85685,-0.00101,0.24923,0.96840,-0.00867,-0.89110,0.46837,-0.00654,
316,23.76854,-48.72997,9.85750,-0.00104,0.25306,0.96741,-0.00869,-0.88763,0.47519,-0.00566,
316,23.72630,-48.70614,9.85881,-0.00107,0.25688,0.96640,-0.00870,-0.88095,0.48313,-0.00424,
317,23.69821,-48.68262,9.85942,-0.00117,0.26053,0.96542,-0.00873,-0.86262,0.49075,-0.00351,
317,23.65582,-48.65650,9.85978,-0.00118,0.26426,0.96441,-0.00872,-0.85688,0.50010,-0.00307,
317,23.61782,-48.63019,9.86036,-0.00120,0.26785,0.96342,-0.00870,-0.84798,0.50924,-0.00243,
317,23.58348,-48.59496,9.86304,-0.00124,0.27141,0.96242,-0.00873,-0.83579,0.52615,0.00021,
317,23.53331,-48.56672,9.86163,-0.00127,0.27472,0.96149,-0.00866,-0.83693,0.53483,-0.00096,
317,23.49420,-48.53958,9.86141,-0.00130,0.27795,0.96056,-0.00861,-0.82948,0.54290,-0.00117,
317,23.51047,-48.53048,9.86352,-0.00145,0.28103,0.95966,-0.00852,-0.77780,0.53591,0.00081,
317,23.45861,-48.50249,9.86251,-0.00144,0.28400,0.95879,-0.00844,-0.78243,0.54357,-0.00022,
317,23.41608,-48.47565,9.86179,-0.00145,0.28687,0.95793,-0.00835,-0.77952,0.55022,-0.00095,
317,23.37290,-48.44057,9.86166,-0.00146,0.28971,0.95708,-0.00833,-0.77699,0.56401,-0.00116,
317,23.33309,-48.41261,9.86121,-0.00147,0.29238,0.95626,-0.00822,-0.77226,0.57059,-0.00165,
317,23.29284,-48.38390,9.86077,-0.00148,0.29498,0.95547,-0.00811,-0.76793,0.57748,-0.00210,
317,23.25555,-48.35479,9.86055,-0.00149,0.29749,0.95469,-0.00800,-0.76156,0.58446,-0.00235,
317,23.24584,-48.34606,9.86000,-0.00157,0.29984,0.95396,-0.00784,-0.73441,0.57407,-0.00266,
317,23.21399,-48.31745,9.86014,-0.00157,0.30222,0.95321,-0.00773,-0.72510,0.58072,-0.00264,
317,23.17933,-48.28832,9.85978,-0.00158,0.30452,0.95247,-0.00761,-0.71828,0.58718,-0.00303,
317,23.14215,-48.25903,9.85919,-0.00158,0.30677,0.95175,-0.00748,-0.71360,0.59321,-0.00356,
317,23.08432,-48.21693,9.85767,-0.00156,0.30897,0.95104,-0.00746,-0.72389,0.60952,-0.00526,
317,23.04303,-48.18626,9.85765,-0.00154,0.31110,0.95035,-0.00730,-0.72242,0.61517,-0.00509,
318,23.00412,-48.15518,9.85707,-0.00153,0.31321,0.94966,-0.00716,-0.71902,0.62109,-0.00553,
318,22.97121,-48.12382,9.85687,-0.00153,0.31529,0.94897,-0.00703,-0.71144,0.62725,-0.00566,
318,22.93681,-48.09163,9.85727,-0.00152,0.31732,0.94829,-0.00690,-0.70536,0.63360,-0.00521,
318,22.88578,-48.05518,9.85767,-0.00145,0.31933,0.94762,-0.00681,-0.71140,0.64252,-0.00490,
318,22.84774,-48.02273,9.85724,-0.00143,0.32125,0.94697,-0.00665,-0.70806,0.64773,-0.00511,
318,22.80512,-47.98911,9.85738,-0.00139,0.32314,0.94633,-0.00650,-0.70801,0.65336,-0.00480,
318,22.76387,-47.95559,9.85761,-0.00136,0.32499,0.94570,-0.00634,-0.70698,0.65860,-0.00443,
318,22.72680,-47.92185,9.85799,-0.00133,0.32680,0.94507,-0.00620,-0.70316,0.66401,-0.00403,
318,22.65871,-47.87878,9.85930,-0.00121,0.32860,0.94445,-0.00610,-0.72101,0.67482,-0.00287,
318,22.61796,-47.84590,9.85847,-0.00118,0.33029,0.94386,-0.00593,-0.71960,0.67826,-0.00345,
318,22.57664,-47.81178,9.85764,-0.00116,0.33195,0.94328,-0.00578,-0.71843,0.68243,-0.00402,
318,22.53673,-47.77704,9.85771,-0.00113,0.33358,0.94270,-0.00563,-0.71639,0.68687,-0.00384,
318,22.49506,-47.74204,9.85781,-0.00109,0.33516,0.94215,-0.00548,-0.71560,0.69105,-0.00359,
318,22.45220,-47.70675,9.85745,-0.00105,0.33668,0.94160,-0.00532,-0.71562,0.69505,-0.00371,
318,22.36986,-47.66460,9.85891,-0.00088,0.33819,0.94106,-0.00518,-0.74160,0.70161,-0.00210,
318,22.33826,-47.63238,9.85925,-0.00085,0.33965,0.94054,-0.00503,-0.73442,0.70361,-0.00188,
318,22.30048,-47.59657,9.85948,-0.00082,0.34105,0.94003,-0.00489,-0.73096,0.70764,-0.00171,
318,22.26319,-47.56043,9.85962,-0.00080,0.34241,0.93954,-0.00476,-0.72728,0.71163,-0.00162,
318,22.22540,-47.52428,9.85987,-0.00077,0.34373,0.93906,-0.00462,-0.72411,0.71529,-0.00143,
318,22.18700,-47.48752,9.86020,-0.00074,0.34501,0.93859,-0.00449,-0.72142,0.71908,-0.00116,
318,22.14811,-47.45094,9.85990,-0.00071,0.34624,0.93814,-0.00436,-0.71915,0.72242,-0.00135,
319,22.10001,-47.44056,9.86202,-0.00063,0.34739,0.93771,-0.00414,-0.72437,0.70786,0.00089,
319,22.07153,-47.40561,9.86207,-0.00060,0.34856,0.93728,-0.00401,-0.71652,0.71098,0.00068,
319,22.03625,-47.36893,9.86131,-0.00059,0.34971,0.93685,-0.00391,-0.71234,0.71456,0.00002,
319,22.00010,-47.33335,9.86040,-0.00057,0.35083,0.93643,-0.00380,-0.70892,0.71707,-0.00067,
319,21.96468,-47.29768,9.85966,-0.00055,0.35193,0.93602,-0.00369,-0.70520,0.71950,-0.00115,
319,21.92909,-47.26224,9.85962,-0.00053,0.35302,0.93561,-0.00358,-0.70182,0.72158,-0.00114,
319,21.89239,-47.22731,9.85912,-0.00051,0.35408,0.93521,-0.00346,-0.69927,0.72301,-0.00142,
319,21.85602,-47.19287,9.85849,-0.00048,0.35512,0.93481,-0.00334,-0.69667,0.72403,-0.00173,
319,21.78359,-47.16093,9.85516,-0.00044,0.35609,0.93445,-0.00321,-0.71216,0.72115,-0.00305,
319,21.75400,-47.12533,9.85534,-0.00041,0.35708,0.93407,-0.00309,-0.70607,0.72332,-0.00289,
319,21.71945,-47.09034,9.85492,-0.00039,0.35804,0.93370,-0.00297,-0.70240,0.72452,-0.00310,
319,21.68621,-47.05145,9.85277,-0.00039,0.35895,0.93335,-0.00290,-0.69762,0.72806,-0.00447,
319,21.65205,-47.01171,9.85066,-0.00039,0.35984,0.93301,-0.00282,-0.69359,0.73186,-0.00575,
319,21.61738,-46.97664,9.85028,-0.00036,0.36070,0.93268,-0.00271,-0.69051,0.73263,-0.00582,
319,21.58285,-46.94129,9.85029,-0.00034,0.36153,0.93236,-0.00261,-0.68743,0.73343,-0.00565,
319,21.54862,-46.90492,9.84981,-0.00033,0.36233,0.93205,-0.00251,-0.68430,0.73473,-0.00578,
319,21.51362,-46.86930,9.84938,-0.00030,0.36309,0.93175,-0.00241,-0.68177,0.73542,-0.00585,
319,21.45204,-46.84545,9.85121,-0.00029,0.36383,0.93146,-0.00228,-0.69104,0.72808,-0.00439,
319,21.41895,-46.80525,9.85214,-0.00025,0.36454,0.93118,-0.00219,-0.68784,0.73163,-0.00386,
320,21.38524,-46.76850,9.85132,-0.00024,0.36523,0.93091,-0.00210,-0.68458,0.73290,-0.00427,
320,21.35080,-46.73384,9.85171,-0.00021,0.36591,0.93065,-0.00200,-0.68221,0.73284,-0.00383,
320,21.31682,-46.70263,9.85299,-0.00018,0.36658,0.93039,-0.00189,-0.68012,0.73088,-0.00283,
320,21.28175,-46.67032,9.85360,-0.00015,0.36723,0.93013,-0.00178,-0.67856,0.72930,-0.00222,
320,21.24740,-46.63608,9.85366,-0.00012,0.36787,0.92988,-0.00170,-0.67639,0.72885,-0.00202,
320,21.21225,-46.60102,9.85363,-0.00010,0.36851,0.92962,-0.00162,-0.67473,0.72884,-0.00198,
320,21.17719,-46.56476,9.85325,-0.00007,0.36913,0.92938,-0.00154,-0.67291,0.72930,-0.00217,
320,21.14239,-46.52767,9.85275,-0.00005,0.36973,0.92914,-0.00147,-0.67101,0.73011,-0.00237,
320,21.10805,-46.48969,9.85330,-0.00003,0.37033,0.92890,-0.00141,-0.66898,0.73135,-0.00203,
320,21.03859,-46.46695,9.86185,0.00003,0.37096,0.92865,-0.00126,-0.68244,0.72252,0.00338,
320,21.00378,-46.42350,9.86032,0.00006,0.37154,0.92842,-0.00120,-0.68048,0.72667,0.00238,
320,20.96684,-46.38378,9.85819,0.00007,0.37209,0.92819,-0.00114,-0.67924,0.72834,0.00115,
320,20.93206,-46.34871,9.85610,0.00008,0.37263,0.92798,-0.00106,-0.67744,0.72769,0.00004,
320,20.89746,-46.31487,9.85514,0.00010,0.37316,0.92777,-0.00099,-0.67590,0.72651,-0.00051,
320,20.86207,-46.27803,9.85531,0.00013,0.37368,0.92756,-0.00093,-0.67472,0.72687,-0.00040,
320,20.82690,-46.24176,9.85578,0.00016,0.37419,0.92735,-0.00087,-0.67365,0.72693,-0.00010,
320,20.79295,-46.20881,9.85500,0.00018,0.37469,0.92715,-0.00079,-0.67224,0.72524,-0.00051,
320,20.75891,-46.17550,9.85456,0.00020,0.37516,0.92696,-0.00072,-0.67088,0.72371,-0.00071,
320,20.72332,-46.13800,9.85408,0.00022,0.37563,0.92677,-0.00067,-0.66989,0.72412,-0.00094,
320,20.68873,-46.10258,9.85356,0.00025,0.37609,0.92658,-0.00060,-0.66874,0.72353,-0.00119,
320,20.65431,-46.06876,9.85344,0.00028,0.37653,0.92641,-0.00054,-0.66785,0.72223,-0.00121,
321,20.61992,-46.03480,9.85379,0.00030,0.37696,0.92623,-0.00048,-0.66696,0.72101,-0.00100,
321,20.58500,-45.99803,9.85406,0.00033,0.37738,0.92606,-0.00043,-0.66607,0.72102,-0.00084,
321,20.54747,-45.95516,9.85454,0.00036,0.37780,0.92589,-0.00039,-0.66591,0.72356,-0.00058,
321,20.54836,-46.01988,9.86883,0.00044,0.37815,0.92575,-0.00013,-0.66014,0.68397,0.00669,
321,20.52240,-45.99337,9.86895,0.00047,0.37853,0.92559,-0.00005,-0.65679,0.68046,0.00654,
321,20.49110,-45.96232,9.86984,0.00049,0.37890,0.92544,0.00001,-0.65518,0.67869,0.00678,
321,20.45894,-45.93076,9.86929,0.00051,0.37927,0.92529,0.00007,-0.65383,0.67671,0.00638,
321,20.42572,-45.89725,9.86867,0.00054,0.37962,0.92514,0.00013,-0.65280,0.67553,0.00593,
321,20.39021,-45.85879,9.86937,0.00056,0.37996,0.92500,0.00016,-0.65242,0.67657,0.00605,
321,20.35280,-45.81685,9.86888,0.00057,0.38030,0.92486,0.00018,-0.65233,0.67894,0.00562,
321,20.31779,-45.77725,9.86670,0.00057,0.38062,0.92473,0.00021,-0.65110,0.68021,0.00444,
321,20.28306,-45.73959,9.86501,0.00058,0.38094,0.92460,0.00024,-0.65018,0.68060,0.00355,
321,20.24580,-45.69819,9.86342,0.00059,0.38125,0.92447,0.00026,-0.65009,0.68236,0.00273,
321,20.20815,-45.65582,9.86122,0.00059,0.38155,0.92435,0.00029,-0.64999,0.68438,0.00165,
321,20.17130,-45.61443,9.85918,0.00060,0.38184,0.92423,0.00031,-0.64962,0.68604,0.00063,
321,20.13465,-45.57401,9.85724,0.00061,0.38212,0.92411,0.00033,-0.64943,0.68731,-0.00031,
321,20.09980,-45.53759,9.85568,0.00062,0.38240,0.92400,0.00036,-0.64894,0.68704,-0.00104,
321,20.02881,-45.47889,9.84904,0.00056,0.38249,0.92396,0.00030,-0.65567,0.69595,-0.00767,
321,20.00284,-45.45001,9.84743,0.00055,0.38277,0.92384,0.00034,-0.65204,0.69298,-0.00833,
322,19.96856,-45.41493,9.84696,0.00057,0.38303,0.92374,0.00038,-0.65148,0.69221,-0.00856,
322,19.93545,-45.38159,9.84653,0.00058,0.38329,0.92363,0.00042,-0.65069,0.69065,-0.00858,
322,19.90135,-45.34966,9.84814,0.00061,0.38354,0.92353,0.00047,-0.65093,0.68862,-0.00757,
322,19.86741,-45.31955,9.85037,0.00064,0.38378,0.92342,0.00053,-0.65134,0.68584,-0.00625,
322,19.83454,-45.29032,9.85169,0.00067,0.38402,0.92332,0.00058,-0.65141,0.68275,-0.00539,
322,19.80183,-45.25982,9.85252,0.00070,0.38425,0.92323,0.00063,-0.65122,0.68041,-0.00494,
322,19.76823,-45.22768,9.85362,0.00072,0.38447,0.92314,0.00066,-0.65117,0.67872,-0.00440,
322,19.73412,-45.19409,9.85360,0.00074,0.38468,0.92305,0.00069,-0.65107,0.67737,-0.00439,
322,19.70470,-45.17079,9.85329,0.00076,0.38488,0.92296,0.00075,-0.65023,0.67241,-0.00434,
322,19.67420,-45.14864,9.85430,0.00079,0.38509,0.92288,0.00081,-0.65029,0.66705,-0.00361,
322,19.64210,-45.12272,9.85583,0.00082,0.38529,0.92279,0.00087,-0.65053,0.66297,-0.00270,
322,19.61111,-45.09724,9.85720,0.00084,0.38549,0.92271,0.00092,-0.65034,0.65892,-0.00191,
322,19.57924,-45.07271,9.85739,0.00086,0.38567,0.92264,0.00097,-0.65065,0.65457,-0.00165,
322,19.54299,-45.04233,9.85717,0.00089,0.38585,0.92256,0.00101,-0.65216,0.65216,-0.00161,
322,19.50944,-45.01294,9.85836,0.00092,0.38603,0.92249,0.00105,-0.65254,0.64959,-0.00103,
322,19.48124,-44.98981,9.86095,0.00094,0.38620,0.92241,0.00109,-0.65146,0.64520,-0.00002,
322,19.43058,-44.97178,9.86703,0.00096,0.38622,0.92241,0.00116,-0.65795,0.63927,0.00226,
322,19.39876,-44.94747,9.86922,0.00099,0.38640,0.92233,0.00121,-0.65793,0.63497,0.00312,
322,19.36409,-44.91710,9.87040,0.00102,0.38656,0.92226,0.00125,-0.65896,0.63285,0.00357,
322,19.33160,-44.88737,9.87183,0.00104,0.38671,0.92220,0.00128,-0.65883,0.63071,0.00408,
322,19.29865,-44.85696,9.87242,0.00105,0.38686,0.92214,0.00130,-0.65868,0.62870,0.00412,
323,19.26805,-44.82880,9.87262,0.00105,0.38700,0.92208,0.00133,-0.65760,0.62600,0.00408,
323,19.23837,-44.80086,9.87375,0.00106,0.38713,0.92202,0.00136,-0.65628,0.62332,0.00468,
323,19.20033,-44.76224,9.87572,0.00109,0.38726,0.92197,0.00137,-0.65761,0.62415,0.00557,
323,19.16115,-44.72034,9.87696,0.00110,0.38739,0.92192,0.00136,-0.65869,0.62605,0.00606,
323,19.13180,-44.69166,9.87716,0.00110,0.38751,0.92186,0.00137,-0.65687,0.62386,0.00591,
323,19.10140,-44.66228,9.87786,0.00110,0.38763,0.92181,0.00139,-0.65562,0.62193,0.00595,
323,19.06761,-44.62979,9.87961,0.00112,0.38775,0.92176,0.00140,-0.65571,0.62120,0.00618,
323,19.03067,-44.59306,9.88071,0.00114,0.38787,0.92171,0.00141,-0.65660,0.62142,0.00621,
323,18.99036,-44.54811,9.88142,0.00116,0.38798,0.92167,0.00141,-0.65765,0.62379,0.00638,
323,18.94575,-44.49452,9.87870,0.00116,0.38807,0.92163,0.00139,-0.65880,0.62833,0.00538,
323,18.91035,-44.45553,9.87669,0.00115,0.38817,0.92159,0.00139,-0.65804,0.62876,0.00465,
323,18.87715,-44.42311,9.87720,0.00115,0.38827,0.92154,0.00140,-0.65765,0.62752,0.00476,
323,18.84369,-44.39049,9.87858,0.00116,0.38837,0.92150,0.00141,-0.65757,0.62641,0.00523,
323,18.80863,-44.35688,9.87998,0.00118,0.38846,0.92146,0.00142,-0.65819,0.62560,0.00571,
323,18.76947,-44.31402,9.87842,0.00119,0.38855,0.92142,0.00141,-0.65874,0.62743,0.00489,
323,18.72981,-44.26995,9.87696,0.00119,0.38864,0.92139,0.00139,-0.65926,0.62952,0.00417,
323,18.69438,-44.23441,9.87797,0.00119,0.38873,0.92135,0.00140,-0.65948,0.62915,0.00447,
323,18.65895,-44.19805,9.87861,0.00120,0.38881,0.92131,0.00140,-0.65959,0.62914,0.00461,
323,18.62318,-44.16227,9.87897,0.00121,0.38889,0.92128,0.00141,-0.65995,0.62881,0.00465,
324,18.58843,-44.12773,9.87938,0.00122,0.38897,0.92125,0.00141,-0.66002,0.62816,0.00471,
324,18.55394,-44.09291,9.88017,0.00123,0.38905,0.92122,0.00142,-0.66000,0.62769,0.00489,
324,18.51866,-44.05772,9.88068,0.00124,0.38912,0.92119,0.00142,-0.66022,0.62721,0.00499,
324,18.48425,-44.02360,9.88110,0.00124,0.38918,0.92116,0.00143,-0.66016,0.62643,0.00504,
324,18.44982,-43.98897,9.88204,0.00125,0.38925,0.92113,0.00142,-0.66020,0.62603,0.00526,
324,18.41225,-43.95042,9.88264,0.00126,0.38931,0.92111,0.00142,-0.66099,0.62658,0.00537,
324,18.37652,-43.91523,9.88373,0.00127,0.38936,0.92108,0.00144,-0.66151,0.62596,0.00568,
324,18.34366,-43.88433,9.88480,0.00128,0.38942,0.92106,0.00145,-0.66142,0.62428,0.00594,
324,18.31059,-43.85218,9.88581,0.00129,0.38948,0.92103,0.00145,-0.66124,0.62312,0.00618,
324,18.27566,-43.81818,9.88674,0.00130,0.38953,0.92101,0.00146,-0.66158,0.62231,0.00641,
324,18.24109,-43.78368,9.88813,0.00130,0.38959,0.92099,0.00147,-0.66171,0.62151,0.00679,
324,18.20819,-43.75050,9.88970,0.00131,0.38964,0.92096,0.00148,-0.66136,0.62049,0.00720,
324,18.17307,-43.71612,9.89031,0.00132,0.38969,0.92094,0.00148,-0.66165,0.61980,0.00727,
324,18.13585,-43.67975,9.89077,0.00134,0.38975,0.92092,0.00149,-0.66270,0.61963,0.00725,
324,18.09654,-43.64113,9.89005,0.00136,0.38980,0.92090,0.00149,-0.66428,0.62001,0.00683,
324,18.05780,-43.60255,9.88950,0.00137,0.38985,0.92088,0.00150,-0.66537,0.62006,0.00653,
324,18.02065,-43.56658,9.89010,0.00140,0.38990,0.92085,0.00152,-0.66656,0.61953,0.00659,
324,17.98398,-43.53206,9.89058,0.00142,0.38995,0.92083,0.00153,-0.66777,0.61874,0.00662,
324,17.95056,-43.49979,9.89212,0.00142,0.38999,0.92081,0.00154,-0.66769,0.61746,0.00699,
324,17.91900,-43.46740,9.88986,0.00142,0.39003,0.92080,0.00155,-0.66675,0.61581,0.00612,
324,17.77194,-43.30674,9.90379,0.00150,0.38987,0.92087,0.00151,-0.68708,0.64153,0.01011,
325,17.73370,-43.27285,9.90244,0.00148,0.38991,0.92085,0.00151,-0.68718,0.63985,0.00961,
325,17.70020,-43.24219,9.90404,0.00149,0.38994,0.92084,0.00152,-0.68708,0.63800,0.00995,
325,17.66468,-43.20773,9.90419,0.00149,0.38997,0.92082,0.00153,-0.68718,0.63704,0.00981,
325,17.62711,-43.17106,9.90471,0.00149,0.39000,0.92081,0.00153,-0.68778,0.63668,0.00983,
325,17.58891,-43.13430,9.90420,0.00150,0.39003,0.92080,0.00153,-0.68853,0.63637,0.00954,
325,17.55133,-43.09815,9.90323,0.00151,0.39005,0.92079,0.00153,-0.68912,0.63594,0.00911,
325,17.51388,-43.06199,9.90402,0.00151,0.39008,0.92078,0.00153,-0.68980,0.63557,0.00921,
325,17.47713,-43.02680,9.90544,0.00152,0.39010,0.92077,0.00154,-0.69042,0.63491,0.00949,
325,17.44024,-42.99019,9.90622,0.00153,0.39012,0.92076,0.00154,-0.69077,0.63460,0.00956,
325,17.40360,-42.95328,9.90671,0.00153,0.39014,0.92075,0.00154,-0.69078,0.63438,0.00956,
325,17.36902,-42.91917,9.90759,0.00152,0.39016,0.92074,0.00153,-0.69041,0.63355,0.00966,
325,17.33352,-42.88341,9.90856,0.00153,0.39018,0.92073,0.00153,-0.69040,0.63326,0.00976,
325,17.29472,-42.84407,9.90860,0.00154,0.39021,0.92073,0.00152,-0.69121,0.63380,0.00958,
325,17.25601,-42.80507,9.90866,0.00155,0.39023,0.92071,0.00151,-0.69203,0.63425,0.00942,
325,17.22018,-42.76835,9.90974,0.00155,0.39025,0.92070,0.00150,-0.69186,0.63419,0.00957,
325,17.18108,-42.72895,9.91073,0.00156,0.39028,0.92069,0.00149,-0.69263,0.63466,0.00972,
325,17.14150,-42.68964,9.91185,0.00157,0.39031,0.92068,0.00148,-0.69371,0.63525,0.00991,
325,17.10488,-42.65250,9.91246,0.00157,0.39033,0.92067,0.00147,-0.69389,0.63544,0.00991,
325,17.06613,-42.61306,9.91279,0.00158,0.39035,0.92066,0.00146,-0.69463,0.63606,0.00984,
326,17.02656,-42.57330,9.91348,0.00159,0.39038,0.92065,0.00145,-0.69560,0.63672,0.00990,
326,16.98768,-42.53418,9.91406,0.00160,0.39040,0.92064,0.00144,-0.69643,0.63721,0.00992,
326,16.94558,-42.49090,9.91394,0.00161,0.39043,0.92063,0.00143,-0.69786,0.63863,0.00974,
326,16.90355,-42.44947,9.91467,0.00162,0.39046,0.92062,0.00142,-0.69938,0.63963,0.00986,
326,16.86448,-42.41215,9.91674,0.00163,0.39048,0.92061,0.00142,-0.70048,0.63964,0.01033,
326,16.83091,-42.38224,9.91869,0.00164,0.39050,0.92060,0.00142,-0.70056,0.63807,0.01063,
326,16.79647,-42.35226,9.91990,0.00165,0.39053,0.92059,0.00142,-0.70083,0.63649,0.01073,
326,16.75644,-42.31332,9.92000,0.00166,0.39055,0.92058,0.00141,-0.70202,0.63689,0.01061,
326,16.71651,-42.27141,9.92005,0.00167,0.39057,0.92057,0.00140,-0.70279,0.63801,0.01047,
326,16.67847,-42.23277,9.92115,0.00168,0.39059,0.92056,0.00140,-0.70327,0.63829,0.01062,
326,16.63981,-42.19430,9.92210,0.00168,0.39061,0.92055,0.00139,-0.70398,0.63855,0.01073,
326,16.59933,-42.15237,9.92282,0.00170,0.39063,0.92055,0.00138,-0.70514,0.63951,0.01075,
326,16.56019,-42.11406,9.92326,0.00172,0.39064,0.92054,0.00139,-0.70633,0.63955,0.01071,
326,16.52286,-42.07826,9.92317,0.00173,0.39065,0.92053,0.00138,-0.70701,0.63922,0.01053,
326,16.48369,-42.03795,9.92393,0.00173,0.39067,0.92053,0.00137,-0.70771,0.63998,0.01058,
326,16.44366,-41.99687,9.92550,0.00175,0.39068,0.92052,0.00136,-0.70874,0.64100,0.01081,
326,16.40525,-41.95939,9.92617,0.00176,0.39070,0.92052,0.00135,-0.70964,0.64107,0.01081,
326,16.36477,-41.92011,9.92644,0.00178,0.39071,0.92051,0.00136,-0.71110,0.64126,0.01074,
326,16.32282,-41.87878,9.92734,0.00180,0.39072,0.92051,0.00136,-0.71286,0.64202,0.01083,
326,16.28099,-41.83796,9.92861,0.00181,0.39073,0.92050,0.00135,-0.71459,0.64293,0.01098,
326,16.24199,-41.79978,9.92960,0.00182,0.39074,0.92050,0.00135,-0.71548,0.64312,0.01106,
327,16.20396,-41.76248,9.93125,0.00183,0.39076,0.92049,0.00134,-0.71610,0.64304,0.01133,
327,16.16621,-41.72523,9.93229,0.00183,0.39077,0.92049,0.00134,-0.71659,0.64304,0.01142,
327,16.12953,-41.68966,9.93378,0.00184,0.39078,0.92048,0.00134,-0.71693,0.64276,0.01162,
327,16.03469,-41.54735,9.94036,0.00190,0.39047,0.92061,0.00122,-0.72445,0.66797,0.01180,
327,15.99979,-41.51204,9.93678,0.00189,0.39050,0.92060,0.00121,-0.72333,0.66704,0.01077,
327,15.96297,-41.47528,9.93683,0.00190,0.39051,0.92060,0.00121,-0.72343,0.66659,0.01054,
327,15.92721,-41.43966,9.93725,0.00190,0.39052,0.92059,0.00121,-0.72331,0.66611,0.01041,
327,15.89189,-41.40476,9.93756,0.00190,0.39054,0.92058,0.00120,-0.72296,0.66559,0.01028,
327,15.85510,-41.36673,9.93810,0.00190,0.39055,0.92058,0.00118,-0.72285,0.66603,0.01020,
327,15.81698,-41.32778,9.93934,0.00191,0.39056,0.92057,0.00116,-0.72333,0.66687,0.01032,
327,15.77922,-41.29033,9.94093,0.00191,0.39057,0.92057,0.00115,-0.72372,0.66705,0.01059,
327,15.74210,-41.25306,9.94162,0.00191,0.39059,0.92056,0.00114,-0.72373,0.66702,0.01058,
327,15.70612,-41.21747,9.94246,0.00191,0.39060,0.92056,0.00114,-0.72359,0.66674,0.01064,
327,15.66855,-41.17925,9.94462,0.00192,0.39061,0.92055,0.00112,-0.72406,0.66748,0.01104,
327,15.62986,-41.14028,9.94691,0.00193,0.39062,0.92055,0.00111,-0.72503,0.66833,0.01143,
327,15.59084,-41.10278,9.94677,0.00193,0.39063,0.92054,0.00111,-0.72566,0.66819,0.01125,
327,15.55289,-41.06442,9.94546,0.00193,0.39065,0.92054,0.00109,-0.72566,0.66860,0.01076,
327,15.51543,-41.02597,9.94632,0.00193,0.39066,0.92053,0.00107,-0.72565,0.66927,0.01077,
327,15.47844,-40.98776,9.94707,0.00193,0.39068,0.92052,0.00106,-0.72552,0.66984,0.01078,
328,15.43892,-40.94750,9.94763,0.00193,0.39070,0.92052,0.00105,-0.72600,0.67072,0.01082,
328,15.39814,-40.90524,9.94812,0.00193,0.39071,0.92051,0.00103,-0.72677,0.67209,0.01079,
328,15.35856,-40.86339,9.94842,0.00194,0.39072,0.92051,0.00102,-0.72714,0.67323,0.01068,
328,15.32038,-40.82932,9.95003,0.00195,0.39074,0.92050,0.00102,-0.72782,0.67273,0.01089,
328,15.28314,-40.79673,9.95121,0.00195,0.39075,0.92049,0.00102,-0.72838,0.67202,0.01094,
328,15.24454,-40.76270,9.95092,0.00196,0.39076,0.92049,0.00104,-0.72932,0.67074,0.01069,
328,15.20378,-40.72493,9.95152,0.00197,0.39076,0.92049,0.00104,-0.73069,0.67050,0.01068,
328,15.16515,-40.68477,9.95205,0.00198,0.39075,0.92049,0.00103,-0.73106,0.67161,0.01060,
328,15.12681,-40.64566,9.95290,0.00198,0.39074,0.92050,0.00102,-0.73135,0.67233,0.01066,
328,15.09183,-40.60842,9.95353,0.00198,0.39073,0.92050,0.00101,-0.73064,0.67259,0.01055,
328,15.05542,-40.57217,9.95371,0.00198,0.39071,0.92051,0.00100,-0.73058,0.67240,0.01036,
328,15.01619,-40.53262,9.95465,0.00199,0.39070,0.92052,0.00099,-0.73127,0.67332,0.01040,
328,14.97838,-40.49352,9.95502,0.00200,0.39068,0.92052,0.00098,-0.73149,0.67394,0.01032,
328,14.93793,-40.45223,9.95546,0.00200,0.39067,0.92053,0.00098,-0.73233,0.67470,0.01029,
328,14.89597,-40.41121,9.95766,0.00202,0.39065,0.92054,0.00098,-0.73402,0.67589,0.01067,
328,14.85627,-40.37135,9.95885,0.00203,0.39063,0.92055,0.00098,-0.73494,0.67654,0.01076,
328,14.81887,-40.33194,9.96059,0.00203,0.39061,0.92055,0.00097,-0.73524,0.67725,0.01098,
328,14.78031,-40.29264,9.96259,0.00204,0.39059,0.92056,0.00097,-0.73603,0.67812,0.01127,
328,14.74470,-40.25582,9.96308,0.00205,0.39057,0.92057,0.00096,-0.73592,0.67832,0.01121,
328,14.70609,-40.21712,9.96411,0.00206,0.39055,0.92058,0.00096,-0.73674,0.67880,0.01122,
328,14.66555,-40.17813,9.96527,0.00209,0.39053,0.92059,0.00096,-0.73831,0.67933,0.01124,
329,14.62507,-40.13671,9.96568,0.00210,0.39052,0.92059,0.00095,-0.73935,0.68049,0.01111,
329,14.58695,-40.09628,9.96579,0.00211,0.39051,0.92060,0.00094,-0.73959,0.68135,0.01090,
329,14.55087,-40.06029,9.96723,0.00211,0.39050,0.92060,0.00093,-0.73961,0.68138,0.01104,
329,14.51141,-40.02410,9.97034,0.00213,0.39049,0.92060,0.00092,-0.74085,0.68171,0.01159,
329,14.46989,-39.98526,9.97329,0.00214,0.39049,0.92060,0.00092,-0.74236,0.68208,0.01213,
329,14.42854,-39.94427,9.97440,0.00215,0.39048,0.92061,0.00092,-0.74350,0.68289,0.01221,
329,14.38661,-39.90025,9.97529,0.00216,0.39047,0.92061,0.00091,-0.74472,0.68471,0.01223,
329,14.34592,-39.85980,9.97691,0.00218,0.39046,0.92062,0.00090,-0.74598,0.68575,0.01238,
329,14.30450,-39.81841,9.97796,0.00219,0.39045,0.92062,0.00089,-0.74730,0.68681,0.01238,
329,14.26063,-39.77315,9.97899,0.00220,0.39045,0.92062,0.00087,-0.74879,0.68882,0.01243,
329,14.22367,-39.74392,9.98383,0.00221,0.39045,0.92062,0.00087,-0.74991,0.68811,0.01317,
329,14.04788,-39.52381,9.98847,0.00233,0.39012,0.92076,0.00089,-0.77033,0.71524,0.01292,
329,14.01385,-39.48943,9.98747,0.00233,0.39012,0.92076,0.00087,-0.76948,0.71505,0.01249,
329,13.97463,-39.44923,9.98741,0.00234,0.39011,0.92077,0.00085,-0.76978,0.71572,0.01220,
329,13.93455,-39.40735,9.98735,0.00233,0.39010,0.92077,0.00085,-0.76980,0.71617,0.01197,
329,13.89423,-39.36853,9.98884,0.00233,0.39011,0.92077,0.00084,-0.77011,0.71616,0.01218,
329,13.85440,-39.33108,9.99149,0.00233,0.39011,0.92077,0.00082,-0.77085,0.71666,0.01256,
329,13.81352,-39.28958,9.99220,0.00234,0.39011,0.92077,0.00080,-0.77175,0.71797,0.01245,
329,13.77279,-39.24777,9.99223,0.00235,0.39011,0.92076,0.00079,-0.77237,0.71904,0.01219,
330,13.73164,-39.20391,9.99125,0.00235,0.39011,0.92076,0.00077,-0.77308,0.72060,0.01168,
330,13.68815,-39.15569,9.99061,0.00237,0.39012,0.92076,0.00076,-0.77406,0.72267,0.01123,
330,13.64757,-39.11293,9.99206,0.00237,0.39013,0.92076,0.00075,-0.77442,0.72377,0.01132,
330,13.60862,-39.07395,9.99286,0.00237,0.39014,0.92075,0.00073,-0.77478,0.72429,0.01128,
330,13.56663,-39.03076,9.99305,0.00238,0.39016,0.92074,0.00072,-0.77566,0.72549,0.01110,
330,13.52976,-38.99700,9.99511,0.00238,0.39018,0.92073,0.00071,-0.77588,0.72518,0.01126,
330,13.49545,-38.96576,9.99776,0.00238,0.39020,0.92073,0.00071,-0.77562,0.72447,0.01154,
330,13.45575,-38.92293,9.99655,0.00238,0.39022,0.92072,0.00070,-0.77556,0.72525,0.01110,
330,13.41512,-38.88125,9.99562,0.00238,0.39024,0.92071,0.00070,-0.77601,0.72577,0.01074,
330,13.37689,-38.84227,9.99514,0.00239,0.39026,0.92070,0.00069,-0.77590,0.72581,0.01039,
330,13.33954,-38.80400,9.99437,0.00238,0.39028,0.92069,0.00068,-0.77556,0.72580,0.01002,
330,13.29980,-38.76392,9.99492,0.00239,0.39030,0.92069,0.00068,-0.77598,0.72642,0.00993,
330,13.25735,-38.72148,9.99555,0.00240,0.39032,0.92068,0.00067,-0.77707,0.72755,0.00987,
330,13.21467,-38.67972,9.99686,0.00241,0.39034,0.92067,0.00066,-0.77850,0.72880,0.00993,
330,13.17272,-38.63781,9.99787,0.00242,0.39035,0.92066,0.00066,-0.77959,0.72960,0.00995,
330,13.13472,-38.59854,9.99794,0.00241,0.39036,0.92066,0.00066,-0.77944,0.72972,0.00983,
330,13.09786,-38.56091,9.99899,0.00242,0.39037,0.92066,0.00065,-0.77924,0.72991,0.00982,
330,13.06171,-38.52629,9.99918,0.00242,0.39038,0.92065,0.00065,-0.77901,0.72945,0.00961,
330,13.02387,-38.48761,9.99967,0.00241,0.39039,0.92065,0.00064,-0.77875,0.72961,0.00959,
330,12.98508,-38.44827,10.00002,0.00241,0.39039,0.92064,0.00065,-0.77863,0.72945,0.00952,
330,12.94873,-38.41304,10.00099,0.00241,0.39040,0.92064,0.00065,-0.77823,0.72848,0.00956,
331,12.91354,-38.37774,10.00355,0.00240,0.39041,0.92064,0.00065,-0.77773,0.72810,0.00993,
331,12.87322,-38.33545,10.00410,0.00241,0.39041,0.92064,0.00064,-0.77839,0.72962,0.00981,
331,12.83164,-38.29254,10.00452,0.00242,0.39042,0.92063,0.00063,-0.77930,0.73112,0.00967,
331,12.79184,-38.25424,10.00681,0.00243,0.39043,0.92063,0.00062,-0.78015,0.73167,0.00995,
331,12.75251,-38.21503,10.00771,0.00243,0.39044,0.92063,0.00062,-0.78052,0.73198,0.00994,
331,12.71210,-38.17326,10.00716,0.00243,0.39045,0.92062,0.00062,-0.78067,0.73257,0.00968,
331,12.67158,-38.12917,10.00698,0.00243,0.39046,0.92062,0.00061,-0.78075,0.73387,0.00946,
331,12.63180,-38.08832,10.00775,0.00244,0.39047,0.92061,0.00060,-0.78118,0.73479,0.00942,
331,12.58951,-38.04503,10.00898,0.00246,0.39047,0.92061,0.00060,-0.78242,0.73635,0.00950,
331,12.54811,-38.00121,10.00972,0.00246,0.39047,0.92061,0.00059,-0.78315,0.73778,0.00944,
331,12.50935,-37.96044,10.01034,0.00246,0.39047,0.92061,0.00058,-0.78318,0.73872,0.00935,
331,12.46797,-37.91734,10.01133,0.00247,0.39046,0.92062,0.00057,-0.78401,0.74021,0.00935,
331,12.42851,-37.87411,10.01062,0.00248,0.39045,0.92062,0.00056,-0.78426,0.74175,0.00900,
331,12.39232,-37.84178,10.01375,0.00249,0.39045,0.92062,0.00056,-0.78468,0.74155,0.00941,
331,12.35536,-37.81098,10.01703,0.00250,0.39044,0.92062,0.00056,-0.78520,0.74061,0.00978,
331,12.31573,-37.77324,10.01823,0.00250,0.39043,0.92063,0.00056,-0.78608,0.74117,0.00981,
331,12.27478,-37.73146,10.01928,0.00251,0.39041,0.92064,0.00055,-0.78702,0.74243,0.00981,
331,12.23481,-37.68924,10.01963,0.00252,0.39040,0.92064,0.00055,-0.78743,0.74366,0.00969,
331,12.19614,-37.64887,10.01962,0.00252,0.39038,0.92065,0.00054,-0.78754,0.74461,0.00950,
332,12.15796,-37.60828,10.01979,0.00251,0.39037,0.92066,0.00053,-0.78735,0.74513,0.00939,
332,12.04586,-37.48457,10.03189,0.00261,0.39004,0.92079,0.00059,-0.80150,0.75515,0.01086,
332,11.99445,-37.43599,10.03095,0.00261,0.39004,0.92079,0.00056,-0.80313,0.75684,0.01049,
332,11.95227,-37.39125,10.03105,0.00262,0.39002,0.92080,0.00055,-0.80382,0.75834,0.01038,
332,11.91095,-37.34606,10.03048,0.00264,0.39000,0.92081,0.00052,-0.80509,0.76086,0.00996,
332,11.86989,-37.30486,10.03137,0.00266,0.38998,0.92082,0.00053,-0.80636,0.76154,0.00994,
332,11.82624,-37.26090,10.03183,0.00267,0.38997,0.92082,0.00053,-0.80737,0.76230,0.00992,
332,11.78338,-37.21793,10.03214,0.00267,0.38997,0.92082,0.00052,-0.80830,0.76321,0.00985,
332,11.74404,-37.18024,10.03288,0.00268,0.38997,0.92082,0.00052,-0.80888,0.76341,0.00982,
332,11.70575,-37.14224,10.03309,0.00268,0.38996,0.92083,0.00051,-0.80902,0.76362,0.00969,
332,11.66073,-37.09530,10.03068,0.00268,0.38995,0.92083,0.00051,-0.80986,0.76440,0.00916,
332,11.61749,-37.04886,10.02810,0.00267,0.38994,0.92084,0.00052,-0.80999,0.76474,0.00865,
332,11.57592,-37.00634,10.02819,0.00268,0.38993,0.92084,0.00051,-0.81063,0.76553,0.00855,
332,11.53645,-36.96711,10.02743,0.00267,0.38993,0.92084,0.00051,-0.81081,0.76542,0.00824,
332,11.49630,-36.93130,10.02710,0.00268,0.38993,0.92084,0.00052,-0.81153,0.76459,0.00803,
332,11.45161,-36.88850,10.02819,0.00269,0.38994,0.92084,0.00051,-0.81303,0.76551,0.00811,
332,11.41031,-36.84647,10.02954,0.00269,0.38994,0.92083,0.00050,-0.81364,0.76653,0.00822,
332,11.37113,-36.81009,10.03111,0.00270,0.38996,0.92083,0.00049,-0.81438,0.76653,0.00835,
332,11.33059,-36.76803,10.03158,0.00271,0.38997,0.92082,0.00048,-0.81470,0.76730,0.00831,
332,11.29098,-36.72726,10.03107,0.00270,0.38999,0.92082,0.00048,-0.81446,0.76722,0.00811,
332,11.25097,-36.68574,10.02951,0.00270,0.39000,0.92081,0.00048,-0.81452,0.76742,0.00751,
333,11.21121,-36.64658,10.02851,0.00270,0.39001,0.92081,0.00046,-0.81496,0.76777,0.00699,
333,11.16956,-36.60920,10.02962,0.00271,0.39003,0.92080,0.00047,-0.81595,0.76748,0.00709,
333,11.12769,-36.57164,10.03040,0.00271,0.39006,0.92079,0.00048,-0.81673,0.76671,0.00711,
333,11.08843,-36.53458,10.03077,0.00271,0.39007,0.92078,0.00048,-0.81715,0.76647,0.00704,
333,11.04960,-36.49672,10.03187,0.00271,0.39009,0.92077,0.00047,-0.81736,0.76679,0.00710,
333,11.00863,-36.45626,10.03357,0.00271,0.39011,0.92077,0.00046,-0.81811,0.76780,0.00730,
333,10.96901,-36.41972,10.03559,0.00272,0.39012,0.92076,0.00046,-0.81880,0.76740,0.00761,
333,10.92519,-36.38089,10.03572,0.00273,0.39014,0.92075,0.00047,-0.82062,0.76743,0.00749,
333,10.87088,-36.33274,10.03590,0.00275,0.39016,0.92074,0.00047,-0.82461,0.76889,0.00733,
333,10.83107,-36.29395,10.03697,0.00275,0.39018,0.92074,0.00047,-0.82470,0.76879,0.00747,
333,10.78945,-36.25164,10.03908,0.00275,0.39019,0.92073,0.00046,-0.82543,0.76976,0.00773,
333,10.74850,-36.21241,10.04022,0.00276,0.39020,0.92073,0.00046,-0.82628,0.77007,0.00781,
333,10.70799,-36.17703,10.04110,0.00276,0.39022,0.92072,0.00047,-0.82679,0.76897,0.00790,
333,10.66685,-36.13701,10.04139,0.00276,0.39023,0.92071,0.00048,-0.82707,0.76879,0.00785,
333,10.62521,-36.09358,10.04252,0.00277,0.39024,0.92071,0.00047,-0.82785,0.77011,0.00790,
333,10.58374,-36.05265,10.04391,0.00278,0.39025,0.92071,0.00046,-0.82893,0.77119,0.00798,
333,10.53788,-36.00801,10.04540,0.00280,0.39026,0.92070,0.00045,-0.83092,0.77310,0.00802,
333,10.49687,-35.96643,10.04577,0.00280,0.39027,0.92070,0.00045,-0.83132,0.77391,0.00794,
333,10.45754,-35.92522,10.04443,0.00280,0.39027,0.92070,0.00044,-0.83116,0.77426,0.00753,
334,10.41553,-35.88089,10.04518,0.00280,0.39028,0.92069,0.00044,-0.83163,0.77547,0.00755,
334,10.38156,-35.83435,10.04436,0.00280,0.39027,0.92069,0.00043,-0.83026,0.77829,0.00713,
334,10.35134,-35.79375,10.04217,0.00280,0.39027,0.92070,0.00042,-0.82827,0.77976,0.00640,
334,10.31487,-35.75852,10.04134,0.00279,0.39026,0.92070,0.00041,-0.82769,0.77919,0.00610,
334,10.27108,-35.72741,10.03799,0.00279,0.39027,0.92070,0.00043,-0.82894,0.77706,0.00528,
334,10.22979,-35.68880,10.03649,0.00279,0.39026,0.92070,0.00043,-0.82945,0.77703,0.00470,
334,10.19006,-35.63770,10.03562,0.00279,0.39025,0.92070,0.00042,-0.82871,0.77943,0.00439,
334,10.15264,-35.59054,10.03336,0.00279,0.39023,0.92071,0.00040,-0.82754,0.78113,0.00384,
334,10.11770,-35.54712,10.03126,0.00278,0.39022,0.92072,0.00039,-0.82610,0.78227,0.00333,
334,10.08022,-35.50958,10.03018,0.00279,0.39020,0.92073,0.00038,-0.82631,0.78263,0.00297,
334,9.96692,-35.31710,10.02213,0.00277,0.38984,0.92088,0.00040,-0.82658,0.79669,0.00090,
334,9.92525,-35.27385,10.02275,0.00276,0.38982,0.92089,0.00039,-0.82651,0.79738,0.00116,
334,9.88519,-35.23410,10.02333,0.00277,0.38981,0.92089,0.00040,-0.82704,0.79777,0.00119,
334,9.84355,-35.19381,10.02440,0.00278,0.38980,0.92090,0.00039,-0.82823,0.79858,0.00129,
334,9.80217,-35.15659,10.02506,0.00279,0.38979,0.92090,0.00039,-0.82945,0.79848,0.00135,
334,9.75916,-35.11558,10.02550,0.00280,0.38978,0.92090,0.00039,-0.83073,0.79877,0.00136,
334,9.71858,-35.07476,10.02410,0.00281,0.38977,0.92091,0.00039,-0.83161,0.79936,0.00089,
334,9.67791,-35.03371,10.02265,0.00281,0.38975,0.92092,0.00040,-0.83232,0.79972,0.00046,
334,9.63324,-34.98822,10.02348,0.00282,0.38974,0.92092,0.00040,-0.83364,0.80064,0.00055,
334,9.59154,-34.94686,10.02408,0.00283,0.38973,0.92092,0.00041,-0.83444,0.80113,0.00053,
334,9.55075,-34.90894,10.02495,0.00283,0.38974,0.92092,0.00040,-0.83494,0.80109,0.00060,
335,9.50556,-34.86291,10.02543,0.00284,0.38973,0.92092,0.00040,-0.83601,0.80195,0.00068,
335,9.46231,-34.81959,10.02491,0.00284,0.38972,0.92093,0.00041,-0.83693,0.80235,0.00050,
335,9.42375,-34.78416,10.02411,0.00284,0.38972,0.92093,0.00041,-0.83715,0.80138,0.00024,
335,9.38336,-34.74683,10.02632,0.00285,0.38972,0.92093,0.00042,-0.83796,0.80114,0.00062,
335,9.34200,-34.70688,10.02843,0.00285,0.38972,0.92093,0.00043,-0.83878,0.80116,0.00098,
335,9.29982,-34.66392,10.02816,0.00285,0.38972,0.92093,0.00043,-0.83915,0.80139,0.00086,
335,9.25948,-34.62961,10.03170,0.00286,0.38974,0.92092,0.00043,-0.84010,0.80108,0.00134,
335,9.21914,-34.59585,10.03530,0.00287,0.38975,0.92092,0.00043,-0.84098,0.80036,0.00192,
335,9.17822,-34.55457,10.03530,0.00286,0.38976,0.92091,0.00043,-0.84095,0.79996,0.00196,
335,9.13979,-34.51688,10.03568,0.00285,0.38977,0.92091,0.00043,-0.84078,0.79927,0.00198,
335,9.10033,-34.47760,10.03552,0.00286,0.38978,0.92090,0.00043,-0.84114,0.79967,0.00176,
335,9.05917,-34.43597,10.03444,0.00286,0.38980,0.92089,0.00042,-0.84156,0.80032,0.00139,
335,9.01623,-34.39395,10.03548,0.00286,0.38982,0.92089,0.00042,-0.84252,0.80085,0.00152,
335,8.97284,-34.35352,10.03822,0.00287,0.38984,0.92088,0.00042,-0.84417,0.80158,0.00198,
335,8.93302,-34.31509,10.03838,0.00287,0.38985,0.92087,0.00041,-0.84460,0.80164,0.00188,
335,8.89566,-34.27309,10.03409,0.00286,0.38986,0.92087,0.00040,-0.84351,0.80188,0.00086,
335,8.85498,-34.22715,10.03182,0.00284,0.38988,0.92086,0.00040,-0.84287,0.80243,0.00035,
335,8.81379,-34.18184,10.03163,0.00284,0.38989,0.92086,0.00039,-0.84284,0.80342,0.00025,
335,8.77520,-34.14253,10.03046,0.00284,0.38990,0.92085,0.00038,-0.84286,0.80383,-0.00011,
336,8.73229,-34.09984,10.03174,0.00284,0.38992,0.92085,0.00038,-0.84393,0.80501,0.00004,
336,8.68981,-34.05644,10.03368,0.00284,0.38993,0.92084,0.00037,-0.84442,0.80574,0.00042,
336,8.64430,-34.01777,10.03224,0.00285,0.38995,0.92083,0.00038,-0.84614,0.80506,0.00002,
336,8.59686,-33.97990,10.03198,0.00286,0.38997,0.92082,0.00039,-0.84877,0.80451,-0.00019,
336,8.55893,-33.93976,10.03309,0.00285,0.38998,0.92082,0.00037,-0.84843,0.80536,-0.00011,
336,8.51696,-33.89576,10.03260,0.00286,0.38999,0.92081,0.00036,-0.84906,0.80686,-0.00034,
336,8.48295,-33.86773,10.03602,0.00285,0.39001,0.92081,0.00037,-0.84857,0.80491,0.00028,
336,8.45436,-33.84185,10.03695,0.00283,0.39002,0.92080,0.00037,-0.84657,0.80280,0.00043,
336,8.41523,-33.79935,10.03589,0.00283,0.39003,0.92080,0.00036,-0.84638,0.80375,0.00017,
336,8.37391,-33.75365,10.03445,0.00283,0.39004,0.92079,0.00035,-0.84666,0.80520,-0.00020,
336,8.33155,-33.70937,10.03262,0.00284,0.39004,0.92079,0.00034,-0.84714,0.80629,-0.00061,
336,8.29058,-33.66756,10.03378,0.00283,0.39005,0.92079,0.00033,-0.84741,0.80708,-0.00041,
336,8.25354,-33.62773,10.03496,0.00282,0.39006,0.92078,0.00034,-0.84661,0.80702,-0.00023,
336,8.20416,-33.58206,10.03208,0.00282,0.39007,0.92078,0.00034,-0.84812,0.80733,-0.00096,
336,8.15064,-33.53288,10.02929,0.00283,0.39007,0.92078,0.00035,-0.85067,0.80836,-0.00165,
336,8.11375,-33.49883,10.02820,0.00283,0.39007,0.92078,0.00036,-0.85022,0.80686,-0.00183,
336,8.07439,-33.45974,10.02600,0.00283,0.39006,0.92079,0.00034,-0.85013,0.80709,-0.00232,
336,8.03412,-33.41494,10.02392,0.00283,0.39005,0.92079,0.00033,-0.84966,0.80823,-0.00278,
336,7.99408,-33.36835,10.02199,0.00282,0.39005,0.92079,0.00033,-0.84884,0.80898,-0.00306,
336,7.95135,-33.32361,10.02213,0.00282,0.39004,0.92079,0.00033,-0.84933,0.80978,-0.00304,
336,7.87661,-33.22180,10.03300,0.00284,0.38980,0.92089,0.00043,-0.85222,0.81103,-0.00067,
337,7.82310,-33.16203,10.02802,0.00282,0.38977,0.92091,0.00041,-0.85323,0.81377,-0.00164,
337,7.77814,-33.11655,10.02793,0.00282,0.38975,0.92092,0.00041,-0.85389,0.81406,-0.00166,
337,7.74006,-33.08179,10.02910,0.00282,0.38973,0.92092,0.00041,-0.85390,0.81313,-0.00147,
337,7.70469,-33.04753,10.02821,0.00281,0.38971,0.92093,0.00041,-0.85287,0.81207,-0.00168,
337,7.66493,-33.00742,10.02735,0.00281,0.38969,0.92094,0.00041,-0.85298,0.81212,-0.00200,
337,7.62235,-32.96877,10.02808,0.00282,0.38968,0.92095,0.00042,-0.85432,0.81204,-0.00195,
337,7.58026,-32.93071,10.02875,0.00283,0.38967,0.92095,0.00043,-0.85509,0.81137,-0.00181,
337,7.53685,-32.88801,10.02881,0.00283,0.38966,0.92096,0.00043,-0.85563,0.81130,-0.00184,
337,7.49399,-32.84617,10.02846,0.00283,0.38964,0.92096,0.00044,-0.85624,0.81127,-0.00200,
337,7.45068,-32.80274,10.02950,0.00283,0.38963,0.92097,0.00044,-0.85674,0.81136,-0.00183,
337,7.40819,-32.76344,10.03107,0.00283,0.38962,0.92097,0.00046,-0.85757,0.81078,-0.00153,
337,7.36666,-32.72342,10.03112,0.00283,0.38961,0.92097,0.00047,-0.85767,0.81008,-0.00152,
337,7.32747,-32.68674,10.03211,0.00282,0.38961,0.92098,0.00047,-0.85768,0.80924,-0.00138,
337,7.28751,-32.64975,10.03329,0.00283,0.38960,0.92098,0.00048,-0.85825,0.80893,-0.00129,
337,7.24976,-32.61161,10.03557,0.00283,0.38960,0.92098,0.00046,-0.85834,0.80961,-0.00114,
337,7.20840,-32.57220,10.03886,0.00285,0.38960,0.92098,0.00045,-0.85979,0.81089,-0.00082,
337,7.16719,-32.53174,10.03793,0.00284,0.38959,0.92098,0.00045,-0.85941,0.81021,-0.00095,
337,7.12736,-32.48869,10.03621,0.00282,0.38958,0.92099,0.00044,-0.85855,0.81009,-0.00125,
337,7.09084,-32.45191,10.03552,0.00282,0.38958,0.92099,0.00044,-0.85765,0.80925,-0.00143,
338,7.04934,-32.41016,10.03555,0.00281,0.38959,0.92098,0.00044,-0.85736,0.80899,-0.00139,
338,7.01013,-32.37410,10.03743,0.00280,0.38960,0.92098,0.00044,-0.85753,0.80826,-0.00107,
338,6.97010,-32.33394,10.03684,0.00280,0.38961,0.92097,0.00044,-0.85736,0.80819,-0.00123,
338,6.92389,-32.28570,10.03630,0.00280,0.38962,0.92097,0.00042,-0.85841,0.80985,-0.00137,
338,6.88229,-32.24514,10.03655,0.00280,0.38964,0.92096,0.00042,-0.85908,0.81049,-0.00143,
338,6.84119,-32.20223,10.03350,0.00279,0.38966,0.92096,0.00041,-0.85873,0.81062,-0.00204,
338,6.80113,-32.16294,10.03396,0.00279,0.38967,0.92095,0.00041,-0.85876,0.81071,-0.00196,
338,6.75902,-32.12356,10.03550,0.00279,0.38969,0.92094,0.00041,-0.85936,0.81035,-0.00171,
338,6.71940,-32.08542,10.03408,0.00279,0.38971,0.92093,0.00042,-0.85926,0.80957,-0.00202,
338,6.68198,-32.04363,10.03030,0.00278,0.38973,0.92093,0.00041,-0.85821,0.80988,-0.00280,
338,6.64124,-32.00049,10.02861,0.00277,0.38974,0.92092,0.00040,-0.85795,0.81029,-0.00315,
338,6.60135,-31.96343,10.02943,0.00277,0.38975,0.92092,0.00039,-0.85803,0.80965,-0.00296,
338,6.56600,-31.92839,10.02809,0.00276,0.38977,0.92091,0.00040,-0.85704,0.80868,-0.00319,
338,6.52954,-31.89057,10.02515,0.00275,0.38978,0.92090,0.00040,-0.85631,0.80830,-0.00376,
338,6.48599,-31.84270,10.02330,0.00275,0.38979,0.92090,0.00039,-0.85617,0.80898,-0.00404,
338,6.43982,-31.79329,10.02293,0.00275,0.38979,0.92090,0.00038,-0.85673,0.81009,-0.00406,
338,6.39411,-31.75075,10.02668,0.00276,0.38981,0.92089,0.00037,-0.85842,0.81151,-0.00342,
338,6.34734,-31.70452,10.03002,0.00277,0.38982,0.92088,0.00036,-0.86022,0.81374,-0.00293,
338,6.28650,-31.64305,10.03078,0.00280,0.38983,0.92088,0.00036,-0.86424,0.81726,-0.00281,
338,6.22260,-31.58366,10.03401,0.00283,0.38984,0.92088,0.00037,-0.86956,0.82021,-0.00226,
338,6.18153,-31.54721,10.03756,0.00283,0.38986,0.92087,0.00037,-0.87012,0.81970,-0.00162,
339,6.12900,-31.49777,10.03373,0.00283,0.38988,0.92086,0.00036,-0.87252,0.82144,-0.00225,
339,6.07260,-31.44388,10.02913,0.00285,0.38989,0.92086,0.00036,-0.87543,0.82338,-0.00305,
339,6.02980,-31.39866,10.02769,0.00284,0.38990,0.92085,0.00036,-0.87523,0.82352,-0.00327,
339,5.98456,-31.35057,10.02747,0.00284,0.38990,0.92085,0.00036,-0.87549,0.82408,-0.00328,
339,5.93702,-31.30321,10.02884,0.00285,0.38990,0.92085,0.00037,-0.87684,0.82493,-0.00308,
339,5.89226,-31.26264,10.03038,0.00286,0.38991,0.92085,0.00037,-0.87832,0.82522,-0.00288,
339,5.84900,-31.22011,10.02899,0.00285,0.38991,0.92085,0.00038,-0.87899,0.82587,-0.00318,
339,5.80570,-31.18077,10.03117,0.00286,0.38991,0.92085,0.00038,-0.87988,0.82550,-0.00286,
339,5.76331,-31.14255,10.03574,0.00286,0.38991,0.92085,0.00039,-0.88063,0.82498,-0.00209,
339,5.72073,-31.09531,10.03620,0.00286,0.38990,0.92085,0.00039,-0.88057,0.82585,-0.00201,
339,5.67546,-31.04555,10.03390,0.00287,0.38988,0.92086,0.00039,-0.88114,0.82728,-0.00250,
339,5.56674,-30.89952,10.06194,0.00290,0.38963,0.92097,0.00053,-0.88678,0.82964,0.00226,
339,5.53090,-30.86501,10.06378,0.00291,0.38961,0.92098,0.00052,-0.88731,0.83020,0.00249,
339,5.49285,-30.83318,10.06563,0.00292,0.38960,0.92098,0.00052,-0.88798,0.82975,0.00257,
339,5.44554,-30.78597,10.06466,0.00293,0.38959,0.92099,0.00052,-0.88913,0.83083,0.00221,
339,5.39860,-30.74078,10.06418,0.00294,0.38958,0.92099,0.00052,-0.89039,0.83122,0.00208,
339,5.35565,-30.70136,10.06617,0.00295,0.38957,0.92099,0.00053,-0.89104,0.83064,0.00239,
339,5.31163,-30.65940,10.06754,0.00295,0.38956,0.92100,0.00054,-0.89177,0.83039,0.00258,
339,5.26625,-30.61555,10.06888,0.00295,0.38955,0.92100,0.00053,-0.89286,0.83054,0.00272,
340,5.22088,-30.57118,10.06889,0.00293,0.38959,0.92099,0.00049,-0.89363,0.83092,0.00261,
340,5.17561,-30.52722,10.06841,0.00291,0.38968,0.92095,0.00043,-0.89448,0.83126,0.00248,
340,5.13120,-30.48415,10.07018,0.00288,0.38987,0.92087,0.00036,-0.89514,0.83156,0.00270,
340,5.08996,-30.44198,10.07382,0.00284,0.39016,0.92074,0.00027,-0.89515,0.83263,0.00322,
340,5.04812,-30.40066,10.07467,0.00280,0.39056,0.92057,0.00018,-0.89542,0.83310,0.00329,
340,4.99998,-30.35448,10.07674,0.00278,0.39109,0.92035,0.00010,-0.89688,0.83412,0.00356,
340,4.95703,-30.32099,10.08202,0.00275,0.39172,0.92008,0.00003,-0.89868,0.83313,0.00446,
340,4.91552,-30.28767,10.08531,0.00271,0.39242,0.91978,-0.00005,-0.89965,0.83215,0.00509,
340,4.87091,-30.24429,10.08606,0.00268,0.39320,0.91945,-0.00012,-0.90001,0.83291,0.00521,
340,4.82697,-30.19806,10.08650,0.00265,0.39403,0.91909,-0.00020,-0.90006,0.83471,0.00522,
340,4.78028,-30.14753,10.08524,0.00262,0.39491,0.91872,-0.00029,-0.89972,0.83700,0.00492,
340,4.73352,-30.09839,10.08342,0.00258,0.39580,0.91833,-0.00037,-0.89910,0.83889,0.00464,
340,4.68766,-30.05239,10.08322,0.00254,0.39670,0.91795,-0.00044,-0.89880,0.84013,0.00462,
340,4.64514,-30.01414,10.08358,0.00251,0.39756,0.91757,-0.00049,-0.89850,0.83951,0.00480,
340,4.60299,-29.97262,10.08515,0.00248,0.39843,0.91719,-0.00055,-0.89786,0.84039,0.00521,
340,4.55667,-29.91927,10.08285,0.00244,0.39929,0.91682,-0.00062,-0.89667,0.84388,0.00479,
340,4.32790,-29.63213,10.09961,0.00244,0.39992,0.91655,-0.00064,-0.90712,0.85974,0.00667,
340,4.28835,-29.59585,10.09352,0.00244,0.40070,0.91621,-0.00070,-0.90742,0.86213,0.00577,
340,4.25082,-29.56224,10.09347,0.00241,0.40145,0.91588,-0.00077,-0.90702,0.86379,0.00602,
340,4.20260,-29.51153,10.09380,0.00238,0.40220,0.91555,-0.00085,-0.90669,0.86609,0.00616,
340,4.15622,-29.46411,10.09307,0.00234,0.40296,0.91522,-0.00094,-0.90625,0.86775,0.00598,
341,4.11270,-29.42052,10.09335,0.00229,0.40377,0.91486,-0.00104,-0.90537,0.86917,0.00598,
341,4.06851,-29.37336,10.09101,0.00224,0.40467,0.91446,-0.00116,-0.90412,0.87205,0.00555,
341,4.02144,-29.32283,10.08915,0.00219,0.40564,0.91403,-0.00128,-0.90334,0.87563,0.00520,
341,3.97422,-29.27263,10.08897,0.00215,0.40669,0.91356,-0.00140,-0.90294,0.87873,0.00503,
341,3.92738,-29.22976,10.09057,0.00212,0.40779,0.91307,-0.00147,-0.90338,0.87946,0.00526,
341,3.76610,-29.04105,10.09158,0.00211,0.40905,0.91251,-0.00160,-0.91121,0.89470,0.00522,
341,3.72217,-29.00265,10.08911,0.00208,0.41024,0.91197,-0.00166,-0.91151,0.89450,0.00463,
341,3.67542,-28.95562,10.08897,0.00205,0.41150,0.91141,-0.00174,-0.91099,0.89646,0.00440,
341,3.62318,-28.88988,10.08949,0.00201,0.41282,0.91081,-0.00184,-0.90891,0.90238,0.00431,
341,3.57661,-28.83947,10.08981,0.00197,0.41413,0.91021,-0.00192,-0.90755,0.90502,0.00418,
341,3.53267,-28.80028,10.08795,0.00196,0.41543,0.90962,-0.00197,-0.90761,0.90533,0.00354,
341,3.48418,-28.74997,10.08689,0.00195,0.41674,0.90902,-0.00202,-0.90743,0.90814,0.00318,
341,3.47177,-28.71271,10.08192,0.00200,0.41798,0.90845,-0.00214,-0.90652,0.91836,0.00193,
341,3.42754,-28.65825,10.07938,0.00198,0.41925,0.90786,-0.00220,-0.90398,0.92278,0.00138,
341,3.38119,-28.60682,10.07882,0.00196,0.42049,0.90729,-0.00225,-0.90266,0.92605,0.00111,
341,3.33260,-28.55308,10.07974,0.00193,0.42172,0.90672,-0.00233,-0.90138,0.93032,0.00117,
341,3.28489,-28.50218,10.08018,0.00190,0.42295,0.90615,-0.00242,-0.90054,0.93337,0.00112,
341,3.23796,-28.46024,10.07998,0.00186,0.42422,0.90555,-0.00250,-0.90096,0.93385,0.00088,
341,3.19884,-28.39159,10.05574,0.00177,0.42544,0.90498,-0.00259,-0.89534,0.93776,-0.00205,
342,3.16007,-28.34653,10.05410,0.00171,0.42688,0.90430,-0.00270,-0.89230,0.94044,-0.00235,
342,3.11407,-28.29715,10.05412,0.00166,0.42841,0.90358,-0.00281,-0.89098,0.94319,-0.00235,
342,3.06914,-28.24780,10.05329,0.00161,0.43002,0.90281,-0.00292,-0.88924,0.94604,-0.00260,
342,3.02251,-28.20085,10.05229,0.00157,0.43171,0.90201,-0.00301,-0.88855,0.94788,-0.00286,
342,2.97463,-28.15284,10.05230,0.00153,0.43347,0.90116,-0.00310,-0.88791,0.95004,-0.00273,
342,2.90060,-28.05294,10.03096,0.00149,0.43523,0.90031,-0.00318,-0.88763,0.95941,-0.00562,
342,2.85864,-28.01606,10.03200,0.00146,0.43709,0.89941,-0.00326,-0.88681,0.95959,-0.00541,
342,2.81380,-27.96552,10.03213,0.00142,0.43898,0.89849,-0.00334,-0.88500,0.96310,-0.00536,
342,2.76610,-27.90380,10.03150,0.00138,0.44089,0.89755,-0.00342,-0.88204,0.96880,-0.00535,
342,2.72134,-27.85866,10.03174,0.00135,0.44278,0.89662,-0.00348,-0.88071,0.97051,-0.00521,
342,2.67290,-27.77100,10.01570,0.00131,0.44462,0.89571,-0.00354,-0.87636,0.98104,-0.00727,
342,2.62762,-27.71837,10.01704,0.00127,0.44649,0.89478,-0.00360,-0.87424,0.98499,-0.00681,
342,2.58361,-27.66855,10.01674,0.00125,0.44829,0.89388,-0.00364,-0.87225,0.98796,-0.00678,
342,2.54015,-27.61616,10.01682,0.00123,0.45005,0.89300,-0.00368,-0.86972,0.99180,-0.00665,
342,2.49644,-27.56530,10.01712,0.00122,0.45175,0.89213,-0.00370,-0.86761,0.99512,-0.00641,
342,2.47892,-27.49321,10.00911,0.00123,0.45338,0.89131,-0.00374,-0.85976,1.00652,-0.00818,
342,2.43182,-27.44206,10.01220,0.00122,0.45501,0.89048,-0.00378,-0.85832,1.00976,-0.00742,
342,2.38772,-27.39320,10.01157,0.00121,0.45655,0.88969,-0.00378,-0.85679,1.01194,-0.00751,
342,2.34316,-27.34433,10.01093,0.00121,0.45804,0.88892,-0.00377,-0.85549,1.01410,-0.00761,
342,2.29945,-27.29418,10.01032,0.00120,0.45950,0.88817,-0.00376,-0.85357,1.01671,-0.00771,
342,2.25725,-27.24044,10.01029,0.00120,0.46093,0.88743,-0.00377,-0.85095,1.02069,-0.00770,
343,2.26492,-27.21808,10.00562,0.00119,0.46228,0.88673,-0.00377,-0.83400,1.01644,-0.00944,
343,2.22320,-27.16946,10.00813,0.00117,0.46372,0.88597,-0.00381,-0.83153,1.01854,-0.00842,
343,2.18317,-27.11654,10.00777,0.00114,0.46519,0.88520,-0.00386,-0.82823,1.02236,-0.00843,
343,2.14423,-27.06365,10.00734,0.00110,0.46672,0.88440,-0.00391,-0.82454,1.02622,-0.00846,
343,2.10605,-27.01061,10.00749,0.00107,0.46831,0.88356,-0.00396,-0.82064,1.03015,-0.00827,
343,2.06752,-26.95854,10.00732,0.00104,0.46996,0.88268,-0.00400,-0.81700,1.03362,-0.00816,
343,2.05626,-26.91131,10.00705,0.00096,0.47169,0.88176,-0.00407,-0.80073,1.03612,-0.00814,
343,2.01146,-26.85867,10.00697,0.00093,0.47345,0.88081,-0.00409,-0.80010,1.03896,-0.00800,
343,1.97258,-26.80674,10.00646,0.00091,0.47526,0.87984,-0.00412,-0.79679,1.04204,-0.00807,
343,1.93567,-26.75319,10.00618,0.00088,0.47711,0.87883,-0.00415,-0.79243,1.04600,-0.00800,
343,1.89791,-26.70069,10.00631,0.00086,0.47897,0.87782,-0.00418,-0.78866,1.04928,-0.00779,
343,1.89966,-26.68011,10.00345,0.00077,0.48073,0.87686,-0.00420,-0.76630,1.03888,-0.00895,
343,1.85690,-26.62595,10.00344,0.00076,0.48259,0.87584,-0.00419,-0.76548,1.04254,-0.00870,
343,1.82136,-26.57279,10.00340,0.00074,0.48442,0.87483,-0.00421,-0.76088,1.04626,-0.00855,
343,1.78454,-26.52089,10.00261,0.00072,0.48620,0.87384,-0.00421,-0.75727,1.04902,-0.00881,
343,1.74120,-26.47034,10.00178,0.00073,0.48791,0.87289,-0.00417,-0.75752,1.05037,-0.00903,
343,1.70812,-26.40609,10.00377,0.00071,0.48953,0.87198,-0.00420,-0.75164,1.05906,-0.00776,
343,1.67117,-26.35476,10.00333,0.00071,0.49119,0.87104,-0.00417,-0.74852,1.06109,-0.00783,
343,1.63256,-26.30065,10.00282,0.00071,0.49277,0.87015,-0.00415,-0.74618,1.06426,-0.00792,
344,1.59530,-26.24611,10.00251,0.00072,0.49430,0.86928,-0.00411,-0.74320,1.06765,-0.00792,
344,1.55685,-26.19170,10.00229,0.00074,0.49577,0.86844,-0.00406,-0.74107,1.07073,-0.00787,
344,1.55042,-26.17075,10.00450,0.00070,0.49702,0.86773,-0.00403,-0.72366,1.05814,-0.00672,
344,1.51363,-26.11942,10.00398,0.00072,0.49840,0.86694,-0.00399,-0.72132,1.05999,-0.00687,
344,1.47767,-26.06511,10.00380,0.00073,0.49970,0.86619,-0.00395,-0.71831,1.06324,-0.00683,
344,1.44041,-26.01093,10.00351,0.00074,0.50095,0.86547,-0.00390,-0.71614,1.06612,-0.00685,
344,1.40204,-25.95832,10.00280,0.00076,0.50216,0.86477,-0.00384,-0.71483,1.06795,-0.00710,
344,1.36491,-25.90468,10.00221,0.00078,0.50334,0.86408,-0.00378,-0.71277,1.07031,-0.00728,
344,1.32043,-25.82413,10.00499,0.00078,0.50434,0.86350,-0.00377,-0.71342,1.08524,-0.00570,
344,1.28478,-25.77398,10.00402,0.00080,0.50554,0.86280,-0.00370,-0.71080,1.08575,-0.00610,
344,1.24880,-25.71961,10.00344,0.00082,0.50664,0.86215,-0.00364,-0.70841,1.08804,-0.00631,
344,1.21371,-25.66556,10.00347,0.00083,0.50772,0.86151,-0.00358,-0.70557,1.09015,-0.00617,
344,1.18102,-25.61054,10.00413,0.00084,0.50880,0.86088,-0.00353,-0.70149,1.09294,-0.00570,
344,1.14670,-25.55560,10.00431,0.00087,0.50986,0.86025,-0.00348,-0.69852,1.09537,-0.00551,
344,1.11115,-25.50118,10.00410,0.00089,0.51090,0.85963,-0.00341,-0.69636,1.09732,-0.00554,
344,1.09628,-25.45546,10.00731,0.00085,0.51181,0.85909,-0.00341,-0.68331,1.09563,-0.00397,
344,1.06173,-25.39828,10.00750,0.00088,0.51285,0.85847,-0.00335,-0.68104,1.09916,-0.00378,
344,1.03123,-25.34198,10.00821,0.00091,0.51385,0.85787,-0.00329,-0.67659,1.10234,-0.00333,
344,1.00059,-25.28678,10.00867,0.00093,0.51483,0.85729,-0.00324,-0.67246,1.10481,-0.00303,
344,0.96712,-25.23256,10.00900,0.00096,0.51577,0.85672,-0.00317,-0.67014,1.10637,-0.00281,
344,0.93490,-25.17857,10.00945,0.00099,0.51669,0.85617,-0.00310,-0.66728,1.10783,-0.00255,
345,0.90628,-25.12384,10.00985,0.00101,0.51759,0.85562,-0.00304,-0.66267,1.10996,-0.00230,
345,0.90478,-25.08290,10.01219,0.00096,0.51835,0.85516,-0.00305,-0.64424,1.10675,-0.00106,
345,0.86506,-25.02218,10.01219,0.00101,0.51918,0.85466,-0.00298,-0.64571,1.11068,-0.00108,
345,0.83358,-24.96791,10.01224,0.00104,0.51999,0.85417,-0.00291,-0.64321,1.11196,-0.00104,
345,0.80388,-24.91285,10.01209,0.00107,0.52078,0.85369,-0.00285,-0.63981,1.11373,-0.00113,
345,0.77376,-24.85727,10.01207,0.00109,0.52154,0.85322,-0.00279,-0.63675,1.11563,-0.00115,
345,0.74358,-24.80193,10.01240,0.00111,0.52228,0.85277,-0.00273,-0.63389,1.11726,-0.00097,
345,0.71429,-24.74650,10.01261,0.00113,0.52300,0.85233,-0.00267,-0.63071,1.11892,-0.00086,
345,0.68520,-24.69064,10.01217,0.00116,0.52371,0.85189,-0.00262,-0.62755,1.12081,-0.00107,
345,0.65480,-24.63522,10.01153,0.00118,0.52438,0.85148,-0.00256,-0.62519,1.12214,-0.00137,
345,0.65166,-24.57906,10.00826,0.00108,0.52503,0.85108,-0.00261,-0.60810,1.12477,-0.00279,
345,0.61750,-24.51983,10.00674,0.00113,0.52568,0.85068,-0.00254,-0.60814,1.12731,-0.00355,
345,0.58765,-24.46376,10.00618,0.00117,0.52632,0.85028,-0.00248,-0.60611,1.12872,-0.00380,
345,0.55803,-24.40808,10.00573,0.00119,0.52694,0.84990,-0.00242,-0.60402,1.12987,-0.00400,
345,0.52993,-24.35160,10.00537,0.00121,0.52756,0.84952,-0.00236,-0.60114,1.13140,-0.00409,
345,0.50138,-24.29498,10.00441,0.00123,0.52815,0.84915,-0.00230,-0.59869,1.13289,-0.00449,
345,0.47055,-24.23861,10.00311,0.00127,0.52873,0.84879,-0.00224,-0.59756,1.13393,-0.00507,
345,0.43790,-24.18184,10.00274,0.00131,0.52929,0.84844,-0.00218,-0.59734,1.13499,-0.00520,
345,0.40663,-24.12517,10.00286,0.00134,0.52984,0.84810,-0.00212,-0.59647,1.13611,-0.00508,
346,0.37553,-24.06743,10.00235,0.00137,0.53037,0.84776,-0.00206,-0.59565,1.13755,-0.00526,
346,0.34488,-24.01064,10.00155,0.00140,0.53089,0.84743,-0.00199,-0.59469,1.13854,-0.00557,
346,0.31755,-23.95450,10.00135,0.00143,0.53141,0.84711,-0.00194,-0.59231,1.13963,-0.00560,
346,0.28946,-23.89709,10.00114,0.00146,0.53190,0.84680,-0.00189,-0.59044,1.14116,-0.00562,
346,0.31574,-23.89807,9.99810,0.00136,0.53228,0.84657,-0.00186,-0.56718,1.12149,-0.00669,
346,0.28085,-23.84074,9.99697,0.00142,0.53274,0.84628,-0.00180,-0.56913,1.12266,-0.00719,
346,0.25078,-23.78607,9.99590,0.00146,0.53318,0.84600,-0.00174,-0.56881,1.12279,-0.00760,
346,0.22064,-23.72994,9.99559,0.00148,0.53361,0.84573,-0.00168,-0.56845,1.12339,-0.00761,
346,0.19008,-23.67316,9.99530,0.00151,0.53402,0.84547,-0.00162,-0.56837,1.12435,-0.00765,
346,0.16097,-23.61504,9.99529,0.00154,0.53443,0.84521,-0.00158,-0.56759,1.12598,-0.00754,
346,0.13299,-23.55777,9.99532,0.00157,0.53483,0.84496,-0.00153,-0.56641,1.12728,-0.00743,
346,0.10522,-23.50090,9.99499,0.00162,0.53519,0.84473,-0.00144,-0.56521,1.12841,-0.00750,
346,0.07569,-23.44427,9.99445,0.00174,0.53543,0.84458,-0.00126,-0.56495,1.12911,-0.00768,
346,0.04690,-23.38734,9.99426,0.00190,0.53543,0.84458,-0.00101,-0.56463,1.12989,-0.00768,
346,0.01843,-23.32852,9.99475,0.00208,0.53507,0.84480,-0.00071,-0.56440,1.13137,-0.00737,
346,-0.01313,-23.26922,9.99456,0.00228,0.53432,0.84528,-0.00039,-0.56585,1.13268,-0.00736,
346,-0.04547,-23.20971,9.99399,0.00250,0.53317,0.84601,-0.00005,-0.56799,1.13394,-0.00751,
346,-0.07657,-23.15222,9.99357,0.00271,0.53167,0.84695,0.00029,-0.56985,1.13422,-0.00758,
346,-0.10782,-23.09560,9.99334,0.00292,0.52984,0.84810,0.00063,-0.57213,1.13393,-0.00756,
346,-0.14278,-23.03597,9.99359,0.00314,0.52767,0.84944,0.00095,-0.57620,1.13449,-0.00737,
346,-0.18319,-22.97539,9.99468,0.00337,0.52525,0.85094,0.00128,-0.58287,1.13485,-0.00682,
347,-0.21760,-22.91639,9.99596,0.00357,0.52264,0.85255,0.00159,-0.58724,1.13485,-0.00617,
347,-0.23686,-22.86893,9.99315,0.00367,0.51973,0.85432,0.00185,-0.58654,1.13108,-0.00666,
347,-0.26847,-22.81903,9.99388,0.00387,0.51695,0.85601,0.00214,-0.59105,1.12790,-0.00630,
347,-0.30539,-22.76476,9.99508,0.00407,0.51412,0.85771,0.00243,-0.59790,1.12579,-0.00571,
347,-0.33868,-22.70612,9.99433,0.00413,0.51118,0.85946,0.00260,-0.60212,1.12521,-0.00567,
347,-0.36318,-22.66337,9.99564,0.00428,0.50848,0.86106,0.00283,-0.60418,1.11969,-0.00493,
347,-0.39429,-22.60353,9.99650,0.00441,0.50585,0.86261,0.00304,-0.60790,1.11967,-0.00441,
347,-0.45756,-22.48568,9.99570,0.00448,0.50327,0.86411,0.00313,-0.62101,1.13807,-0.00443,
347,-0.48384,-22.44211,9.99607,0.00461,0.50085,0.86552,0.00333,-0.62417,1.13205,-0.00424,
347,-0.51614,-22.38513,9.99614,0.00472,0.49855,0.86684,0.00349,-0.62880,1.13054,-0.00409,
347,-0.57348,-22.28367,9.99524,0.00478,0.49638,0.86809,0.00354,-0.64114,1.14428,-0.00433,
347,-0.60122,-22.22842,9.99522,0.00487,0.49429,0.86928,0.00368,-0.64338,1.14201,-0.00429,
347,-0.63411,-22.16645,9.99514,0.00495,0.49227,0.87042,0.00381,-0.64758,1.14193,-0.00422,
347,-0.66650,-22.10989,9.99475,0.00502,0.49031,0.87152,0.00394,-0.65215,1.13969,-0.00426,
347,-0.69907,-22.06101,9.99166,0.00505,0.48846,0.87256,0.00404,-0.65685,1.13506,-0.00532,
347,-0.73021,-22.00325,9.99168,0.00511,0.48660,0.87360,0.00414,-0.66057,1.13346,-0.00527,
347,-0.76293,-21.94887,9.99134,0.00517,0.48475,0.87463,0.00424,-0.66543,1.13043,-0.00535,
347,-0.79633,-21.89442,9.99065,0.00521,0.48292,0.87564,0.00433,-0.67058,1.12732,-0.00560,
347,-0.83041,-21.83721,9.98642,0.00524,0.48112,0.87663,0.00442,-0.67548,1.12526,-0.00734,
348,-0.86439,-21.77921,9.98638,0.00529,0.47930,0.87762,0.00448,-0.68050,1.12380,-0.00730,
348,-0.89813,-21.72381,9.98580,0.00532,0.47747,0.87862,0.00455,-0.68540,1.12108,-0.00743,
348,-0.93374,-21.66009,9.98479,0.00534,0.47565,0.87961,0.00459,-0.69022,1.12156,-0.00781,
348,-0.96911,-21.60343,9.98478,0.00537,0.47379,0.88061,0.00463,-0.69560,1.11938,-0.00775,
348,-0.99368,-21.56589,9.98128,0.00534,0.47191,0.88162,0.00473,-0.69622,1.10899,-0.00914,
348,-1.03089,-21.50390,9.98123,0.00536,0.47003,0.88262,0.00475,-0.70219,1.10930,-0.00903,
348,-1.06640,-21.44678,9.98070,0.00538,0.46814,0.88362,0.00478,-0.70738,1.10737,-0.00915,
348,-1.10252,-21.38823,9.98003,0.00539,0.46625,0.88462,0.00479,-0.71257,1.10599,-0.00935,
348,-1.14044,-21.33383,9.98014,0.00537,0.46439,0.88560,0.00483,-0.71791,1.10235,-0.00934,
348,-1.17727,-21.28283,9.97997,0.00538,0.46247,0.88661,0.00484,-0.72407,1.09785,-0.00923,
348,-1.21215,-21.23639,9.97980,0.00539,0.46058,0.88759,0.00486,-0.72924,1.09122,-0.00910,
348,-1.24716,-21.19031,9.97972,0.00539,0.45870,0.88856,0.00489,-0.73433,1.08450,-0.00891,
348,-1.29310,-21.13121,9.97722,0.00540,0.45686,0.88951,0.00495,-0.74604,1.08383,-0.01050,
348,-1.32975,-21.08088,9.97592,0.00540,0.45504,0.89044,0.00495,-0.75100,1.07857,-0.01111,
348,-1.36549,-21.03822,9.97546,0.00539,0.45322,0.89137,0.00497,-0.75571,1.06854,-0.01112,
348,-1.40149,-20.99528,9.97499,0.00538,0.45145,0.89227,0.00497,-0.76035,1.05925,-0.01114,
348,-1.44320,-20.96441,9.97072,0.00542,0.44968,0.89316,0.00508,-0.76995,1.04110,-0.01379,
348,-1.48020,-20.91319,9.97027,0.00540,0.44802,0.89400,0.00504,-0.77414,1.03785,-0.01371,
348,-1.51986,-20.85721,9.96971,0.00537,0.44639,0.89481,0.00500,-0.77973,1.03747,-0.01370,
348,-1.56059,-20.79749,9.96883,0.00535,0.44480,0.89560,0.00495,-0.78554,1.03928,-0.01395,
348,-1.60109,-20.74068,9.96817,0.00532,0.44324,0.89637,0.00491,-0.79121,1.03926,-0.01402,
349,-1.65037,-20.68278,9.96335,0.00533,0.44173,0.89712,0.00491,-0.80293,1.03934,-0.01676,
349,-1.69031,-20.62758,9.96257,0.00529,0.44025,0.89785,0.00485,-0.80754,1.03849,-0.01681,
349,-1.72959,-20.58147,9.96218,0.00526,0.43879,0.89856,0.00481,-0.81219,1.03230,-0.01657,
349,-1.77065,-20.52850,9.96149,0.00523,0.43737,0.89925,0.00475,-0.81730,1.03030,-0.01657,
349,-1.81233,-20.47418,9.96041,0.00519,0.43599,0.89992,0.00470,-0.82254,1.02911,-0.01681,
349,-1.85381,-20.42269,9.95996,0.00516,0.43464,0.90058,0.00465,-0.82762,1.02638,-0.01664,
349,-1.90291,-20.36286,9.95711,0.00510,0.43337,0.90119,0.00462,-0.83688,1.02794,-0.01765,
349,-1.94394,-20.31266,9.95655,0.00506,0.43208,0.90181,0.00456,-0.84117,1.02457,-0.01752,
349,-1.98637,-20.26090,9.95559,0.00502,0.43083,0.90241,0.00450,-0.84600,1.02220,-0.01764,
349,-2.02881,-20.20980,9.95508,0.00499,0.42962,0.90299,0.00443,-0.85083,1.01957,-0.01751,
349,-2.07232,-20.15612,9.95449,0.00494,0.42846,0.90354,0.00434,-0.85582,1.01840,-0.01742,
349,-2.11588,-20.10328,9.95386,0.00489,0.42736,0.90406,0.00426,-0.86061,1.01686,-0.01733,
349,-2.15408,-20.07028,9.95241,0.00480,0.42630,0.90456,0.00423,-0.86272,1.00478,-0.01740,
349,-2.19757,-20.01614,9.95195,0.00474,0.42533,0.90501,0.00412,-0.86686,1.00437,-0.01725,
349,-2.24163,-19.96343,9.95110,0.00468,0.42442,0.90544,0.00403,-0.87124,1.00318,-0.01728,
349,-2.28488,-19.91567,9.95063,0.00463,0.42356,0.90585,0.00395,-0.87535,0.99953,-0.01708,
349,-2.32796,-19.86925,9.95009,0.00458,0.42275,0.90623,0.00387,-0.87918,0.99537,-0.01696,
349,-2.37275,-19.81602,9.94953,0.00453,0.42200,0.90658,0.00377,-0.88327,0.99471,-0.01687,
349,-2.41856,-19.75996,9.94931,0.00448,0.42128,0.90691,0.00368,-0.88764,0.99543,-0.01658,
350,-2.46372,-19.70784,9.94864,0.00443,0.42059,0.90723,0.00361,-0.89166,0.99422,-0.01653,
350,-2.51766,-19.63332,9.94833,0.00436,0.41989,0.90756,0.00353,-0.89914,1.00373,-0.01607,
350,-2.56354,-19.58146,9.94707,0.00431,0.41925,0.90785,0.00344,-0.90289,1.00246,-0.01640,
350,-2.61066,-19.52389,9.94558,0.00427,0.41862,0.90814,0.00335,-0.90691,1.00386,-0.01687,
350,-2.65675,-19.47178,9.94412,0.00422,0.41800,0.90843,0.00328,-0.91054,1.00261,-0.01728,
350,-2.70161,-19.42474,9.94345,0.00418,0.41737,0.90872,0.00322,-0.91367,0.99911,-0.01722,
350,-2.74715,-19.37571,9.94256,0.00413,0.41675,0.90900,0.00316,-0.91682,0.99668,-0.01730,
350,-2.79284,-19.32710,9.94136,0.00409,0.41614,0.90928,0.00310,-0.91993,0.99408,-0.01751,
350,-2.83912,-19.27644,9.94064,0.00405,0.41553,0.90956,0.00303,-0.92303,0.99252,-0.01749,
350,-2.88628,-19.22323,9.93954,0.00401,0.41493,0.90984,0.00296,-0.92630,0.99220,-0.01767,
350,-2.93364,-19.16944,9.93839,0.00397,0.41433,0.91011,0.00289,-0.92944,0.99212,-0.01786,
350,-2.98082,-19.11719,9.93726,0.00394,0.41374,0.91038,0.00282,-0.93248,0.99143,-0.01806,
350,-3.02756,-19.06779,9.93633,0.00390,0.41315,0.91065,0.00276,-0.93533,0.98958,-0.01812,
350,-3.07110,-19.00443,9.93966,0.00382,0.41250,0.91094,0.00279,-0.93507,0.99196,-0.01609,
350,-3.11930,-18.95825,9.93960,0.00380,0.41194,0.91120,0.00273,-0.93888,0.98925,-0.01573,
350,-3.16592,-18.91055,9.93909,0.00377,0.41137,0.91146,0.00267,-0.94154,0.98696,-0.01560,
350,-3.21322,-18.86071,9.93855,0.00374,0.41082,0.91170,0.00261,-0.94428,0.98561,-0.01554,
350,-3.26105,-18.80976,9.93785,0.00371,0.41029,0.91194,0.00256,-0.94711,0.98472,-0.01555,
350,-3.31057,-18.75272,9.93678,0.00369,0.40978,0.91217,0.00250,-0.95021,0.98631,-0.01575,
350,-3.36037,-18.69404,9.93614,0.00366,0.40929,0.91240,0.00244,-0.95314,0.98855,-0.01572,
350,-3.40931,-18.63862,9.93494,0.00363,0.40880,0.91261,0.00238,-0.95562,0.98947,-0.01593,
351,-3.45855,-18.58479,9.93400,0.00360,0.40833,0.91282,0.00232,-0.95844,0.98988,-0.01601,
351,-3.50778,-18.53121,9.93373,0.00358,0.40788,0.91303,0.00227,-0.96118,0.99022,-0.01579,
351,-3.55746,-18.47615,9.93301,0.00356,0.40743,0.91323,0.00222,-0.96392,0.99102,-0.01579,
351,-3.60787,-18.41867,9.93260,0.00354,0.40701,0.91341,0.00216,-0.96676,0.99286,-0.01566,
351,-3.65742,-18.36464,9.93183,0.00351,0.40660,0.91360,0.00211,-0.96918,0.99333,-0.01567,
351,-3.70627,-18.31376,9.93127,0.00349,0.40620,0.91378,0.00206,-0.97139,0.99260,-0.01557,
351,-3.75650,-18.25636,9.93064,0.00346,0.40581,0.91395,0.00201,-0.97374,0.99435,-0.01554,
351,-3.80468,-18.17133,9.93890,0.00340,0.40536,0.91415,0.00202,-0.97344,1.00442,-0.01128,
351,-3.85519,-18.12898,9.93718,0.00335,0.40502,0.91430,0.00200,-0.97625,1.00018,-0.01161,
351,-3.90553,-18.07188,9.93700,0.00333,0.40467,0.91446,0.00194,-0.97835,1.00168,-0.01143,
351,-3.95535,-18.01669,9.93617,0.00331,0.40432,0.91461,0.00189,-0.98022,1.00249,-0.01156,
351,-4.00508,-17.96422,9.93634,0.00329,0.40398,0.91476,0.00185,-0.98230,1.00228,-0.01121,
351,-4.05565,-17.91043,9.93697,0.00327,0.40366,0.91490,0.00182,-0.98464,1.00258,-0.01071,
351,-4.10568,-17.85612,9.93660,0.00326,0.40334,0.91504,0.00177,-0.98652,1.00313,-0.01066,
351,-4.15554,-17.80302,9.93614,0.00323,0.40303,0.91518,0.00173,-0.98824,1.00311,-0.01063,
351,-4.20560,-17.75058,9.93602,0.00322,0.40272,0.91532,0.00169,-0.99012,1.00296,-0.01048,
351,-4.25598,-17.69743,9.93609,0.00320,0.40242,0.91545,0.00165,-0.99210,1.00315,-0.01026,
351,-4.30648,-17.64325,9.93642,0.00319,0.40213,0.91557,0.00162,-0.99393,1.00352,-0.00992,
351,-4.35631,-17.59255,9.93564,0.00317,0.40185,0.91570,0.00158,-0.99556,1.00285,-0.01005,
352,-4.40656,-17.54185,9.93479,0.00316,0.40157,0.91582,0.00154,-0.99733,1.00230,-0.01020,
352,-4.45669,-17.49039,9.93497,0.00314,0.40130,0.91594,0.00152,-0.99898,1.00171,-0.00994,
352,-4.50654,-17.44063,9.93450,0.00313,0.40105,0.91605,0.00150,-1.00056,1.00053,-0.00997,
352,-4.55637,-17.39218,9.93414,0.00311,0.40079,0.91616,0.00148,-1.00213,0.99916,-0.00990,
352,-4.60532,-17.34988,9.93277,0.00309,0.40055,0.91627,0.00146,-1.00358,0.99599,-0.01019,
352,-4.65448,-17.30969,9.93044,0.00308,0.40031,0.91637,0.00144,-1.00524,0.99210,-0.01085,
352,-4.70460,-17.26320,9.92883,0.00306,0.40008,0.91648,0.00143,-1.00686,0.99017,-0.01124,
352,-4.75447,-17.21626,9.92818,0.00305,0.39985,0.91657,0.00141,-1.00829,0.98843,-0.01122,
352,-4.80502,-17.16677,9.92690,0.00303,0.39964,0.91667,0.00138,-1.00971,0.98771,-0.01142,
352,-4.85477,-17.11642,9.92495,0.00302,0.39943,0.91676,0.00135,-1.01063,0.98714,-0.01190,
352,-4.91324,-17.01228,9.93225,0.00294,0.39919,0.91686,0.00141,-1.01154,0.99860,-0.00877,
352,-4.96418,-16.96226,9.93012,0.00293,0.39899,0.91695,0.00136,-1.01290,0.99832,-0.00946,
352,-5.01491,-16.91348,9.92956,0.00293,0.39880,0.91703,0.00134,-1.01445,0.99716,-0.00951,
352,-5.06583,-16.86359,9.92952,0.00292,0.39861,0.91712,0.00133,-1.01596,0.99630,-0.00937,
352,-5.11676,-16.81331,9.92899,0.00291,0.39843,0.91720,0.00131,-1.01731,0.99555,-0.00940,
352,-5.16902,-16.75992,9.92765,0.00290,0.39825,0.91727,0.00130,-1.01897,0.99563,-0.00972,
352,-5.22158,-16.70575,9.92623,0.00290,0.39809,0.91734,0.00128,-1.02059,0.99602,-0.01003,
352,-5.27318,-16.65414,9.92553,0.00288,0.39793,0.91741,0.00126,-1.02189,0.99568,-0.01008,
352,-5.32477,-16.60334,9.92510,0.00288,0.39777,0.91748,0.00125,-1.02339,0.99518,-0.01008,
352,-5.37648,-16.55107,9.92497,0.00288,0.39762,0.91755,0.00124,-1.02476,0.99509,-0.00998,
352,-5.42830,-16.49864,9.92490,0.00287,0.39747,0.91761,0.00123,-1.02610,0.99503,-0.00984,
353,-5.48027,-16.44484,9.92458,0.00286,0.39733,0.91767,0.00120,-1.02726,0.99550,-0.00980,
353,-5.53209,-16.38994,9.92495,0.00284,0.39719,0.91773,0.00118,-1.02817,0.99623,-0.00950,
353,-5.58443,-16.33430,9.92643,0.00283,0.39706,0.91779,0.00116,-1.02930,0.99716,-0.00885,
353,-5.63658,-16.27890,9.92776,0.00282,0.39693,0.91784,0.00114,-1.03035,0.99804,-0.00827,
353,-5.68820,-16.22410,9.92868,0.00281,0.39681,0.91790,0.00112,-1.03119,0.99872,-0.00784,
353,-5.74023,-16.16964,9.92991,0.00280,0.39669,0.91795,0.00110,-1.03225,0.99947,-0.00730,
353,-5.79085,-16.12368,9.93025,0.00280,0.39658,0.91800,0.00108,-1.03330,0.99801,-0.00709,
353,-5.84133,-16.07604,9.93027,0.00278,0.39648,0.91804,0.00107,-1.03398,0.99691,-0.00695,
353,-5.89263,-16.02080,9.93073,0.00276,0.39637,0.91809,0.00104,-1.03429,0.99779,-0.00665,
353,-5.94454,-15.96652,9.93143,0.00275,0.39626,0.91813,0.00102,-1.03513,0.99844,-0.00632,
353,-5.99836,-15.90976,9.93403,0.00276,0.39617,0.91817,0.00101,-1.03685,0.99986,-0.00543,
353,-6.05030,-15.85374,9.93560,0.00275,0.39607,0.91821,0.00099,-1.03761,1.00098,-0.00488,
353,-6.09756,-15.80237,9.93371,0.00273,0.39598,0.91825,0.00096,-1.03640,1.00067,-0.00537,
353,-6.14752,-15.74898,9.93279,0.00271,0.39589,0.91829,0.00094,-1.03624,1.00103,-0.00557,
353,-6.20006,-15.69243,9.93302,0.00271,0.39580,0.91833,0.00091,-1.03695,1.00253,-0.00543,
353,-6.25032,-15.64046,9.93323,0.00269,0.39572,0.91837,0.00089,-1.03700,1.00255,-0.00526,
353,-6.30003,-15.59070,9.93329,0.00268,0.39563,0.91840,0.00088,-1.03700,1.00175,-0.00509,
353,-6.35039,-15.54029,9.93273,0.00267,0.39555,0.91844,0.00086,-1.03721,1.00155,-0.00517,
353,-6.40204,-15.48982,9.93160,0.00266,0.39548,0.91847,0.00085,-1.03788,1.00123,-0.00541,
354,-6.45306,-15.43834,9.93076,0.00264,0.39540,0.91850,0.00083,-1.03812,1.00108,-0.00552,
354,-6.50556,-15.38916,9.92879,0.00264,0.39533,0.91853,0.00081,-1.03894,1.00079,-0.00594,
354,-6.55914,-15.34255,9.92706,0.00263,0.39526,0.91856,0.00081,-1.04050,0.99935,-0.00627,
354,-6.60825,-15.29651,9.92652,0.00262,0.39519,0.91859,0.00080,-1.04037,0.99782,-0.00628,
354,-6.65844,-15.25068,9.92571,0.00260,0.39513,0.91862,0.00079,-1.04060,0.99639,-0.00638,
354,-6.71072,-15.20605,9.92429,0.00260,0.39506,0.91865,0.00079,-1.04173,0.99463,-0.00664,
354,-6.76651,-15.06947,9.93686,0.00248,0.39509,0.91864,0.00079,-1.03709,1.00825,-0.00235,
354,-6.81952,-15.01414,9.93683,0.00247,0.39503,0.91866,0.00076,-1.03781,1.00981,-0.00237,
354,-6.86997,-14.96495,9.93577,0.00247,0.39497,0.91869,0.00076,-1.03802,1.00879,-0.00261,
354,-6.92085,-14.91651,9.93427,0.00246,0.39492,0.91871,0.00076,-1.03846,1.00755,-0.00299,
354,-6.97280,-14.86875,9.93359,0.00247,0.39486,0.91874,0.00077,-1.03955,1.00614,-0.00313,
354,-7.02496,-14.82239,9.93255,0.00247,0.39481,0.91876,0.00078,-1.04075,1.00432,-0.00343,
354,-7.07607,-14.77664,9.93213,0.00247,0.39476,0.91878,0.00078,-1.04142,1.00242,-0.00355,
354,-7.12801,-14.72852,9.93087,0.00246,0.39472,0.91880,0.00078,-1.04208,1.00113,-0.00383,
354,-7.18017,-14.68174,9.92927,0.00246,0.39467,0.91882,0.00078,-1.04294,0.99978,-0.00423,
354,-7.23036,-14.63649,9.92861,0.00246,0.39462,0.91884,0.00078,-1.04331,0.99821,-0.00440,
354,-7.28142,-14.58726,9.92837,0.00245,0.39458,0.91886,0.00077,-1.04357,0.99749,-0.00441,
354,-7.33109,-14.54047,9.92904,0.00245,0.39454,0.91888,0.00076,-1.04352,0.99617,-0.00417,
354,-7.38080,-14.49423,9.92867,0.00244,0.39450,0.91889,0.00076,-1.04356,0.99468,-0.00422,
354,-7.42937,-14.44714,9.92775,0.00243,0.39446,0.91891,0.00076,-1.04300,0.99338,-0.00440,
354,-7.47976,-14.39803,9.92847,0.00242,0.39443,0.91892,0.00076,-1.04304,0.99259,-0.00408,
355,-7.53184,-14.34525,9.92910,0.00241,0.39439,0.91894,0.00075,-1.04341,0.99283,-0.00384,
355,-7.58232,-14.29135,9.92899,0.00241,0.39436,0.91895,0.00072,-1.04300,0.99354,-0.00386,
355,-7.63315,-14.23772,9.92859,0.00240,0.39433,0.91897,0.00070,-1.04274,0.99423,-0.00394,
355,-7.68230,-14.18593,9.92855,0.00239,0.39429,0.91898,0.00069,-1.04202,0.99436,-0.00389,
355,-7.73075,-14.13537,9.92960,0.00237,0.39426,0.91900,0.00067,-1.04116,0.99410,-0.00353,
355,-7.78115,-14.08312,9.93150,0.00236,0.39423,0.91901,0.00067,-1.04106,0.99432,-0.00298,
355,-7.83145,-14.02751,9.93374,0.00235,0.39420,0.91902,0.00064,-1.04071,0.99567,-0.00237,
355,-7.88313,-13.96803,9.93615,0.00235,0.39417,0.91903,0.00062,-1.04065,0.99793,-0.00176,
355,-7.93321,-13.91257,9.93798,0.00235,0.39414,0.91905,0.00060,-1.04026,0.99909,-0.00131,
355,-7.98306,-13.85637,9.93834,0.00234,0.39411,0.91906,0.00058,-1.03955,1.00058,-0.00120,
355,-8.03509,-13.79931,9.93909,0.00233,0.39409,0.91907,0.00056,-1.03969,1.00223,-0.00101,
355,-8.08718,-13.74044,9.94147,0.00234,0.39407,0.91908,0.00054,-1.03995,1.00447,-0.00043,
355,-8.14136,-13.68664,9.94426,0.00235,0.39405,0.91909,0.00053,-1.04121,1.00572,0.00021,
355,-8.19305,-13.64099,9.94470,0.00235,0.39404,0.91909,0.00053,-1.04191,1.00456,0.00029,
355,-8.24717,-13.58356,9.94486,0.00236,0.39402,0.91910,0.00052,-1.04289,1.00623,0.00032,
355,-8.30039,-13.52529,9.94508,0.00237,0.39401,0.91910,0.00052,-1.04370,1.00800,0.00030,
355,-8.34767,-13.47630,9.94424,0.00236,0.39399,0.91911,0.00052,-1.04274,1.00712,0.00011,
355,-8.39740,-13.42849,9.94395,0.00236,0.39397,0.91912,0.00052,-1.04254,1.00624,0.00007,
355,-8.44703,-13.37997,9.94602,0.00234,0.39395,0.91913,0.00051,-1.04221,1.00576,0.00059,
356,-8.49727,-13.32869,9.94733,0.00234,0.39393,0.91914,0.00050,-1.04205,1.00607,0.00092,
356,-8.41393,-13.33608,9.96219,0.00216,0.39391,0.91915,0.00042,-1.00876,0.99750,0.00412,
356,-8.46982,-13.27663,9.96264,0.00217,0.39390,0.91915,0.00040,-1.01029,1.00003,0.00412,
356,-8.52403,-13.22056,9.96344,0.00218,0.39388,0.91916,0.00039,-1.01154,1.00129,0.00420,
356,-8.57439,-13.17173,9.96726,0.00219,0.39386,0.91917,0.00040,-1.01223,1.00095,0.00506,
356,-8.62227,-13.12485,9.96974,0.00219,0.39385,0.91917,0.00040,-1.01205,0.99990,0.00564,
356,-8.67212,-13.07732,9.97004,0.00219,0.39385,0.91917,0.00041,-1.01227,0.99888,0.00564,
356,-8.72327,-13.03154,9.97046,0.00220,0.39384,0.91918,0.00042,-1.01315,0.99745,0.00568,
356,-8.77188,-12.98925,9.96998,0.00219,0.39382,0.91918,0.00044,-1.01327,0.99508,0.00559,
356,-8.81822,-12.94772,9.96931,0.00218,0.39380,0.91919,0.00046,-1.01265,0.99250,0.00545,
356,-8.86969,-12.90354,9.97054,0.00219,0.39380,0.91920,0.00048,-1.01375,0.99074,0.00581,
356,-8.91977,-12.86333,9.97231,0.00219,0.39379,0.91920,0.00050,-1.01469,0.98804,0.00633,
356,-8.97045,-12.82018,9.97246,0.00219,0.39378,0.91920,0.00052,-1.01553,0.98586,0.00638,
356,-9.02270,-12.77191,9.97110,0.00220,0.39376,0.91921,0.00053,-1.01637,0.98474,0.00605,
356,-9.07263,-12.72673,9.96961,0.00219,0.39375,0.91921,0.00055,-1.01655,0.98290,0.00572,
356,-9.12616,-12.67937,9.96857,0.00219,0.39375,0.91922,0.00056,-1.01755,0.98163,0.00548,
356,-9.17927,-12.63102,9.97014,0.00219,0.39375,0.91922,0.00056,-1.01868,0.98074,0.00583,
356,-9.22695,-12.58832,9.97158,0.00219,0.39374,0.91922,0.00058,-1.01853,0.97871,0.00618,
356,-9.27500,-12.53902,9.97017,0.00219,0.39373,0.91922,0.00059,-1.01806,0.97790,0.00581,
356,-9.32811,-12.48471,9.96966,0.00220,0.39373,0.91922,0.00060,-1.01901,0.97836,0.00559,
356,-9.38158,-12.43162,9.97133,0.00220,0.39373,0.91922,0.00060,-1.02001,0.97877,0.00593,
357,-9.43156,-12.38386,9.96921,0.00219,0.39373,0.91922,0.00060,-1.01986,0.97774,0.00541,
357,-9.48192,-12.33477,9.96625,0.00219,0.39373,0.91922,0.00060,-1.01968,0.97726,0.00469,
357,-9.52952,-12.28886,9.96492,0.00218,0.39372,0.91923,0.00061,-1.01901,0.97617,0.00439,
357,-9.58100,-12.23556,9.96355,0.00219,0.39370,0.91924,0.00063,-1.01931,0.97681,0.00402,
357,-9.63936,-12.16770,9.96489,0.00222,0.39365,0.91926,0.00063,-1.02110,0.98095,0.00428,
357,-9.69234,-12.11017,9.96566,0.00223,0.39358,0.91929,0.00066,-1.02178,0.98221,0.00441,
357,-9.73845,-12.06325,9.96405,0.00224,0.39348,0.91933,0.00067,-1.02081,0.98169,0.00395,
357,-9.78046,-12.01140,9.96062,0.00223,0.39335,0.91939,0.00067,-1.01801,0.98227,0.00315,
357,-9.83554,-11.94810,9.95898,0.00223,0.39319,0.91946,0.00066,-1.01846,0.98499,0.00275,
357,-9.89512,-11.88613,9.96060,0.00226,0.39300,0.91953,0.00068,-1.02089,0.98758,0.00302,
357,-9.95018,-11.82758,9.96233,0.00228,0.39280,0.91962,0.00069,-1.02213,0.98921,0.00335,
357,-10.00165,-11.76828,9.96346,0.00229,0.39258,0.91972,0.00070,-1.02212,0.99111,0.00358,
357,-10.05346,-11.70457,9.96422,0.00230,0.39235,0.91981,0.00070,-1.02220,0.99404,0.00363,
357,-10.06200,-11.63302,9.97429,0.00224,0.39216,0.91989,0.00074,-1.01181,0.99552,0.00622,
357,-10.11302,-11.58194,9.97679,0.00225,0.39192,0.91999,0.00073,-1.01262,0.99679,0.00670,
357,-10.16578,-11.52765,9.97864,0.00227,0.39169,0.92009,0.00074,-1.01370,0.99761,0.00704,
357,-10.21407,-11.48442,9.97749,0.00228,0.39146,0.92019,0.00076,-1.01413,0.99629,0.00668,
357,-10.26137,-11.44357,9.97688,0.00229,0.39125,0.92028,0.00077,-1.01446,0.99484,0.00636,
357,-10.31658,-11.38445,9.97793,0.00231,0.39103,0.92038,0.00077,-1.01579,0.99663,0.00646,
358,-10.36911,-11.32469,9.97808,0.00230,0.39082,0.92046,0.00076,-1.01592,0.99826,0.00639,
358,-10.42007,-11.27020,9.97978,0.00231,0.39063,0.92054,0.00077,-1.01636,0.99883,0.00668,
358,-10.47466,-11.21647,9.98214,0.00234,0.39045,0.92062,0.00078,-1.01822,0.99917,0.00711,
358,-10.52710,-11.16299,9.98329,0.00234,0.39027,0.92070,0.00079,-1.01911,0.99938,0.00733,
358,-10.57922,-11.11170,9.98324,0.00235,0.39010,0.92077,0.00079,-1.01986,0.99915,0.00713,
358,-10.63160,-11.06103,9.98127,0.00235,0.38995,0.92083,0.00079,-1.02038,0.99868,0.00653,
358,-10.68275,-11.01113,9.98144,0.00235,0.38980,0.92090,0.00080,-1.02084,0.99803,0.00662,
358,-10.73173,-10.96410,9.98294,0.00235,0.38966,0.92096,0.00080,-1.02097,0.99707,0.00686,
358,-10.78096,-10.91658,9.98337,0.00235,0.38952,0.92102,0.00080,-1.02106,0.99600,0.00683,
358,-10.83156,-10.86982,9.98341,0.00235,0.38938,0.92107,0.00082,-1.02176,0.99433,0.00684,
358,-10.87885,-10.82763,9.98359,0.00235,0.38924,0.92113,0.00084,-1.02180,0.99185,0.00689,
358,-10.92463,-10.79182,9.98450,0.00235,0.38911,0.92119,0.00086,-1.02198,0.98827,0.00711,
358,-10.97226,-10.75788,9.98612,0.00236,0.38898,0.92124,0.00089,-1.02285,0.98447,0.00748,
358,-11.01920,-10.72112,9.98731,0.00235,0.38885,0.92130,0.00090,-1.02302,0.98111,0.00776,
358,-11.06566,-10.68500,9.98729,0.00235,0.38871,0.92136,0.00092,-1.02324,0.97767,0.00770,
358,-11.11095,-10.64616,9.98653,0.00235,0.38858,0.92141,0.00093,-1.02294,0.97495,0.00750,
358,-11.15878,-10.60302,9.98700,0.00235,0.38845,0.92147,0.00094,-1.02301,0.97289,0.00763,
358,-11.20958,-10.56149,9.98642,0.00235,0.38831,0.92152,0.00096,-1.02409,0.97039,0.00752,
358,-11.25520,-10.52573,9.98495,0.00234,0.38818,0.92158,0.00098,-1.02390,0.96694,0.00718,
358,-11.30420,-10.48607,9.98391,0.00234,0.38806,0.92163,0.00099,-1.02442,0.96410,0.00694,
358,-11.35803,-10.44017,9.98363,0.00235,0.38793,0.92169,0.00101,-1.02601,0.96247,0.00686,
359,-11.41020,-10.39280,9.98267,0.00235,0.38780,0.92174,0.00101,-1.02699,0.96128,0.00664,
359,-11.43897,-10.35067,9.98258,0.00237,0.38775,0.92176,0.00111,-1.02628,0.95592,0.00747,
359,-11.48813,-10.30316,9.98357,0.00238,0.38762,0.92181,0.00110,-1.02735,0.95620,0.00775,
359,-11.54102,-10.25740,9.98402,0.00238,0.38751,0.92186,0.00111,-1.02866,0.95463,0.00779,
359,-11.59262,-10.20955,9.98467,0.00238,0.38739,0.92191,0.00111,-1.02956,0.95382,0.00790,
359,-11.64555,-10.15796,9.98489,0.00238,0.38727,0.92196,0.00112,-1.03030,0.95349,0.00786,
359,-11.69929,-10.10296,9.98561,0.00238,0.38716,0.92201,0.00111,-1.03083,0.95382,0.00790,
359,-11.75287,-10.04818,9.98720,0.00238,0.38705,0.92205,0.00109,-1.03129,0.95439,0.00813,
359,-11.80457,-9.99991,9.98774,0.00238,0.38694,0.92210,0.00108,-1.03202,0.95405,0.00808,
359,-11.85508,-9.95805,9.98993,0.00238,0.38684,0.92214,0.00106,-1.03313,0.95333,0.00841,
359,-11.91178,-9.89960,9.99252,0.00239,0.38674,0.92218,0.00102,-1.03453,0.95567,0.00877,
359,-11.97809,-9.81643,9.99075,0.00239,0.38665,0.92222,0.00099,-1.03572,0.96095,0.00816,
359,-12.03816,-9.74167,9.98896,0.00238,0.38655,0.92227,0.00094,-1.03545,0.96490,0.00756,
359,-12.09050,-9.68040,9.98830,0.00236,0.38645,0.92231,0.00088,-1.03460,0.96797,0.00714,
359,-12.14480,-9.61779,9.98869,0.00236,0.38635,0.92235,0.00083,-1.03470,0.97137,0.00693,
359,-12.20014,-9.55339,9.98841,0.00236,0.38626,0.92239,0.00079,-1.03497,0.97469,0.00662,
359,-12.25685,-9.48523,9.98812,0.00236,0.38616,0.92243,0.00074,-1.03533,0.97871,0.00632,
359,-12.31100,-9.42068,9.99005,0.00235,0.38608,0.92246,0.00069,-1.03501,0.98209,0.00661,
359,-12.36735,-9.35809,9.99365,0.00235,0.38599,0.92250,0.00066,-1.03584,0.98504,0.00724,
360,-12.42182,-9.30160,9.99509,0.00236,0.38591,0.92253,0.00063,-1.03692,0.98687,0.00727,
360,-12.47541,-9.24711,9.99460,0.00237,0.38583,0.92257,0.00062,-1.03767,0.98773,0.00695,
360,-12.53594,-9.17636,9.99144,0.00238,0.38575,0.92260,0.00061,-1.03888,0.99074,0.00612,
360,-12.59607,-9.10837,9.98839,0.00238,0.38567,0.92263,0.00057,-1.04003,0.99440,0.00531,
360,-12.64827,-9.05589,9.98923,0.00238,0.38561,0.92266,0.00055,-1.04007,0.99507,0.00535,
360,-12.69871,-9.00400,9.99242,0.00237,0.38553,0.92269,0.00054,-1.04015,0.99527,0.00595,
360,-12.74659,-8.95316,9.99202,0.00237,0.38546,0.92272,0.00054,-1.03955,0.99545,0.00566,
360,-12.79630,-8.89918,9.98991,0.00237,0.38539,0.92275,0.00052,-1.03900,0.99613,0.00501,
360,-12.85131,-8.85100,9.99079,0.00237,0.38532,0.92278,0.00053,-1.04062,0.99537,0.00514,
360,-12.90393,-8.81021,9.99201,0.00238,0.38526,0.92281,0.00054,-1.04215,0.99311,0.00537,
360,-12.95606,-8.76431,9.99197,0.00238,0.38520,0.92283,0.00054,-1.04275,0.99223,0.00525,
360,-13.01087,-8.71654,9.99019,0.00238,0.38514,0.92285,0.00053,-1.04396,0.99153,0.00476,
360,-13.06262,-8.67728,9.98707,0.00238,0.38509,0.92288,0.00055,-1.04502,0.98866,0.00409,
360,-13.07902,-8.60324,9.99757,0.00239,0.38510,0.92287,0.00049,-1.04033,0.99637,0.00666,
360,-13.12894,-8.56106,9.99845,0.00239,0.38503,0.92290,0.00049,-1.04131,0.99484,0.00679,
360,-13.18070,-8.51531,9.99814,0.00240,0.38497,0.92292,0.00050,-1.04252,0.99370,0.00661,
360,-13.23333,-8.46974,9.99838,0.00241,0.38492,0.92295,0.00051,-1.04385,0.99238,0.00658,
360,-13.28544,-8.42544,9.99647,0.00241,0.38487,0.92297,0.00052,-1.04485,0.99085,0.00606,
360,-13.34044,-8.37818,9.99301,0.00243,0.38482,0.92299,0.00053,-1.04685,0.98989,0.00512,
360,-13.39938,-8.33304,9.99285,0.00245,0.38481,0.92299,0.00054,-1.04959,0.98864,0.00490,
360,-13.45397,-8.28443,9.99383,0.00246,0.38476,0.92301,0.00055,-1.05101,0.98800,0.00496,
361,-13.50854,-8.23412,9.99410,0.00247,0.38471,0.92303,0.00054,-1.05229,0.98820,0.00480,
361,-13.56148,-8.18916,9.99218,0.00248,0.38467,0.92305,0.00054,-1.05362,0.98724,0.00417,
361,-13.61414,-8.14632,9.99008,0.00249,0.38463,0.92307,0.00055,-1.05503,0.98561,0.00363,
361,-13.66943,-8.09595,9.99097,0.00249,0.38459,0.92308,0.00055,-1.05629,0.98540,0.00373,
361,-13.72509,-8.04340,9.99203,0.00249,0.38455,0.92310,0.00055,-1.05753,0.98561,0.00379,
361,-13.77947,-7.98988,9.99308,0.00249,0.38451,0.92312,0.00054,-1.05827,0.98627,0.00387,
361,-13.83681,-7.93072,9.99358,0.00249,0.38447,0.92313,0.00052,-1.05911,0.98807,0.00386,
361,-13.89830,-7.85416,9.98898,0.00250,0.38442,0.92315,0.00051,-1.05977,0.99218,0.00270,
361,-13.95835,-7.77735,9.98611,0.00250,0.38437,0.92317,0.00048,-1.06013,0.99667,0.00192,
361,-14.01584,-7.71325,9.98890,0.00251,0.38434,0.92319,0.00045,-1.06090,1.00019,0.00231,
361,-14.07557,-7.64420,9.99161,0.00251,0.38430,0.92320,0.00041,-1.06173,1.00451,0.00266,
361,-14.13627,-7.57846,9.99750,0.00252,0.38427,0.92322,0.00036,-1.06364,1.00878,0.00366,
361,-14.19214,-7.51888,10.00252,0.00253,0.38424,0.92323,0.00033,-1.06472,1.01213,0.00455,
361,-14.24693,-7.45702,10.00542,0.00253,0.38422,0.92324,0.00028,-1.06454,1.01565,0.00500,
361,-14.30689,-7.39475,10.00998,0.00254,0.38421,0.92324,0.00024,-1.06608,1.01917,0.00567,
361,-14.36511,-7.33213,10.01442,0.00255,0.38419,0.92325,0.00020,-1.06757,1.02304,0.00625,
361,-14.41608,-7.27352,10.01749,0.00255,0.38416,0.92326,0.00016,-1.06706,1.02611,0.00667,
361,-14.46765,-7.21529,10.01960,0.00254,0.38414,0.92327,0.00013,-1.06672,1.02879,0.00690,
361,-14.51982,-7.15753,10.02232,0.00254,0.38412,0.92328,0.00010,-1.06674,1.03133,0.00731,
362,-14.56899,-7.10488,10.02507,0.00254,0.38409,0.92329,0.00008,-1.06618,1.03263,0.00780,
362,-14.58948,-7.05272,10.04908,0.00261,0.38418,0.92326,-0.00004,-1.06741,1.04476,0.01276,
362,-14.61912,-7.02489,10.05133,0.00255,0.38416,0.92326,-0.00004,-1.06280,1.04081,0.01334,
362,-14.66903,-6.97312,10.05179,0.00256,0.38413,0.92327,-0.00004,-1.06288,1.04188,0.01332,
362,-14.72241,-6.91708,10.05371,0.00256,0.38411,0.92328,-0.00005,-1.06345,1.04369,0.01358,
362,-14.77492,-6.85920,10.05562,0.00257,0.38409,0.92329,-0.00007,-1.06343,1.04594,0.01366,
362,-14.82736,-6.80494,10.05816,0.00257,0.38406,0.92330,-0.00008,-1.06392,1.04732,0.01396,
362,-14.88159,-6.75151,10.06024,0.00257,0.38404,0.92331,-0.00010,-1.06470,1.04843,0.01420,
362,-14.93658,-6.69507,10.06186,0.00258,0.38402,0.92332,-0.00011,-1.06539,1.04993,0.01434,
362,-14.99262,-6.63924,10.06330,0.00259,0.38400,0.92333,-0.00011,-1.06666,1.05107,0.01440,
362,-15.05157,-6.58168,10.06574,0.00260,0.38398,0.92334,-0.00012,-1.06863,1.05254,0.01461,
362,-15.10761,-6.52716,10.06902,0.00261,0.38395,0.92335,-0.00012,-1.06995,1.05348,0.01510,
362,-15.16213,-6.47727,10.07346,0.00262,0.38393,0.92336,-0.00011,-1.07156,1.05360,0.01586,
362,-15.21891,-6.42386,10.07696,0.00264,0.38391,0.92337,-0.00010,-1.07366,1.05422,0.01631,
362,-15.27564,-6.36751,10.07561,0.00265,0.38389,0.92337,-0.00010,-1.07479,1.05488,0.01570,
362,-15.32963,-6.31675,10.07626,0.00264,0.38388,0.92338,-0.00011,-1.07513,1.05452,0.01570,
362,-15.38780,-6.26501,10.07755,0.00265,0.38387,0.92338,-0.00010,-1.07660,1.05415,0.01572,
362,-15.44786,-6.20978,10.07567,0.00265,0.38385,0.92339,-0.00010,-1.07828,1.05418,0.01500,
362,-15.50563,-6.15606,10.07566,0.00266,0.38384,0.92339,-0.00010,-1.07967,1.05402,0.01484,
362,-15.56471,-6.10657,10.07733,0.00267,0.38384,0.92340,-0.00008,-1.08193,1.05290,0.01501,
362,-15.62180,-6.05715,10.07794,0.00268,0.38383,0.92340,-0.00005,-1.08350,1.05163,0.01499,
363,-15.67958,-6.00474,10.07850,0.00268,0.38383,0.92340,-0.00004,-1.08487,1.05097,0.01493,
363,-15.73914,-5.94969,10.08098,0.00269,0.38382,0.92340,-0.00003,-1.08685,1.05143,0.01523,
363,-15.79975,-5.89829,10.08588,0.00270,0.38382,0.92340,-0.00002,-1.08986,1.05163,0.01612,
363,-15.85796,-5.85069,10.08935,0.00272,0.38382,0.92341,-0.00000,-1.09234,1.05109,0.01671,
363,-15.91217,-5.80076,10.08948,0.00271,0.38381,0.92341,0.00000,-1.09263,1.05030,0.01663,
363,-15.96805,-5.74869,10.08910,0.00270,0.38381,0.92341,0.00001,-1.09331,1.04986,0.01650,
363,-16.02500,-5.69063,10.09075,0.00271,0.38381,0.92341,-0.00000,-1.09444,1.05165,0.01665,
363,-16.11860,-5.60704,10.09276,0.00286,0.38397,0.92334,0.00002,-1.11295,1.06218,0.01660,
363,-16.16117,-5.56308,10.09240,0.00285,0.38395,0.92335,0.00003,-1.11196,1.06158,0.01641,
363,-16.21788,-5.50626,10.09470,0.00286,0.38395,0.92335,0.00002,-1.11297,1.06306,0.01667,
363,-16.27528,-5.44829,10.09670,0.00287,0.38394,0.92335,-0.00000,-1.11402,1.06517,0.01666,
363,-16.33187,-5.38751,10.09972,0.00287,0.38394,0.92335,-0.00004,-1.11432,1.06834,0.01682,
363,-16.39041,-5.32366,10.10469,0.00287,0.38393,0.92336,-0.00006,-1.11507,1.07165,0.01748,
363,-16.45466,-5.27238,10.11224,0.00289,0.38402,0.92332,-0.00009,-1.11714,1.07435,0.01853,
363,-16.51117,-5.21670,10.11281,0.00291,0.38401,0.92332,-0.00011,-1.11827,1.07631,0.01814,
363,-16.56728,-5.15811,10.11158,0.00292,0.38401,0.92333,-0.00014,-1.11903,1.07920,0.01739,
363,-16.62221,-5.09855,10.11481,0.00292,0.38400,0.92333,-0.00016,-1.11929,1.08181,0.01793,
363,-16.67710,-5.04186,10.11784,0.00292,0.38399,0.92333,-0.00018,-1.12002,1.08401,0.01827,
363,-16.73087,-4.98476,10.11848,0.00293,0.38397,0.92334,-0.00020,-1.12061,1.08655,0.01794,
364,-16.78401,-4.92413,10.11872,0.00293,0.38396,0.92335,-0.00023,-1.12026,1.08937,0.01766,
364,-16.83626,-4.87027,10.11969,0.00293,0.38395,0.92335,-0.00024,-1.11985,1.09027,0.01770,
364,-16.88649,-4.81734,10.12098,0.00292,0.38393,0.92336,-0.00025,-1.11906,1.09111,0.01787,
364,-16.94112,-4.76050,10.11915,0.00293,0.38392,0.92336,-0.00026,-1.11957,1.09259,0.01724,
364,-16.99583,-4.70326,10.11913,0.00293,0.38391,0.92337,-0.00027,-1.12016,1.09416,0.01700,
364,-17.04894,-4.64675,10.11578,0.00291,0.38390,0.92337,-0.00026,-1.11892,1.09375,0.01638,
364,-17.10516,-4.58901,10.11423,0.00291,0.38389,0.92337,-0.00027,-1.11905,1.09453,0.01592,
364,-17.16372,-4.53050,10.11399,0.00293,0.38389,0.92337,-0.00028,-1.12019,1.09604,0.01560,
364,-17.21886,-4.47466,10.11430,0.00293,0.38389,0.92338,-0.00029,-1.12036,1.09715,0.01546,
364,-17.27413,-4.42231,10.11470,0.00293,0.38388,0.92338,-0.00030,-1.12093,1.09767,0.01524,
364,-17.33829,-4.35839,10.10880,0.00295,0.38388,0.92338,-0.00028,-1.12273,1.09809,0.01369,
364,-17.40134,-4.29601,10.10477,0.00297,0.38388,0.92338,-0.00026,-1.12407,1.09804,0.01266,
364,-17.45815,-4.24154,10.10392,0.00297,0.38388,0.92338,-0.00025,-1.12461,1.09791,0.01222,
364,-17.51679,-4.18487,10.10422,0.00297,0.38388,0.92338,-0.00023,-1.12576,1.09820,0.01210,
364,-17.57874,-4.13212,10.10533,0.00299,0.38389,0.92338,-0.00021,-1.12821,1.09762,0.01216,
364,-17.63934,-4.07911,10.10514,0.00299,0.38389,0.92338,-0.00019,-1.12999,1.09705,0.01196,
364,-17.80991,-3.88041,10.11213,0.00317,0.38418,0.92325,-0.00022,-1.15089,1.12258,0.01086,
364,-17.85646,-3.83451,10.11356,0.00316,0.38418,0.92325,-0.00021,-1.14964,1.12105,0.01109,
364,-17.91452,-3.78013,10.11149,0.00316,0.38418,0.92325,-0.00017,-1.15102,1.11972,0.01052,
364,-17.97358,-3.72353,10.10713,0.00317,0.38417,0.92326,-0.00012,-1.15210,1.11847,0.00950,
364,-18.03123,-3.67326,10.10403,0.00318,0.38415,0.92326,-0.00006,-1.15314,1.11648,0.00879,
365,-18.09169,-3.61912,10.10244,0.00320,0.38409,0.92329,0.00001,-1.15473,1.11532,0.00839,
365,-18.15128,-3.56635,10.10099,0.00323,0.38396,0.92334,0.00010,-1.15639,1.11365,0.00802,
365,-18.20820,-3.51870,10.09951,0.00326,0.38377,0.92342,0.00019,-1.15751,1.11136,0.00765,
365,-18.26677,-3.46699,10.09858,0.00329,0.38351,0.92353,0.00027,-1.15881,1.11003,0.00745,
365,-18.32811,-3.41251,10.09699,0.00332,0.38317,0.92367,0.00037,-1.16045,1.10838,0.00720,
365,-18.39092,-3.36070,10.09865,0.00336,0.38273,0.92386,0.00047,-1.16352,1.10684,0.00750,
365,-18.44693,-3.30996,10.09964,0.00340,0.38221,0.92407,0.00055,-1.16495,1.10615,0.00757,
365,-18.51095,-3.25026,10.09912,0.00343,0.38163,0.92431,0.00062,-1.16746,1.10631,0.00725,
365,-18.58284,-3.19060,10.10292,0.00349,0.38100,0.92457,0.00071,-1.17300,1.10626,0.00763,
365,-18.64328,-3.13319,10.10367,0.00353,0.38033,0.92484,0.00077,-1.17476,1.10611,0.00763,
365,-18.70108,-3.06996,10.10279,0.00353,0.37964,0.92513,0.00082,-1.17417,1.10684,0.00752,
365,-18.76366,-3.00962,10.10131,0.00354,0.37894,0.92541,0.00087,-1.17566,1.10695,0.00718,
365,-18.82942,-2.95033,10.10381,0.00358,0.37825,0.92570,0.00091,-1.17906,1.10780,0.00743,
365,-18.89149,-2.88881,10.10488,0.00361,0.37756,0.92598,0.00095,-1.18110,1.10886,0.00743,
365,-18.95339,-2.82725,10.10388,0.00364,0.37689,0.92625,0.00099,-1.18353,1.10987,0.00690,
365,-18.94514,-2.86322,10.09891,0.00374,0.37656,0.92638,0.00117,-1.18446,1.09760,0.00403,
365,-19.00638,-2.81178,10.10063,0.00376,0.37598,0.92662,0.00117,-1.18692,1.09879,0.00405,
365,-19.06501,-2.75577,10.10093,0.00378,0.37541,0.92685,0.00118,-1.18874,1.09982,0.00377,
365,-19.11716,-2.71021,10.09831,0.00381,0.37485,0.92708,0.00119,-1.19085,1.09991,0.00270,
366,-19.17922,-2.64906,10.09713,0.00384,0.37434,0.92728,0.00120,-1.19357,1.10186,0.00207,
366,-19.24919,-2.57066,10.09907,0.00385,0.37384,0.92748,0.00119,-1.19603,1.10601,0.00235,
366,-19.31915,-2.48494,10.09994,0.00387,0.37335,0.92768,0.00118,-1.19815,1.11110,0.00231,
366,-19.39105,-2.39979,10.10246,0.00387,0.37289,0.92787,0.00119,-1.20031,1.11521,0.00272,
366,-19.45066,-2.33485,10.10633,0.00389,0.37245,0.92804,0.00119,-1.20181,1.11764,0.00331,
366,-19.50598,-2.27416,10.10631,0.00390,0.37201,0.92822,0.00118,-1.20270,1.11991,0.00305,
366,-19.56939,-2.20960,10.10485,0.00391,0.37158,0.92839,0.00116,-1.20502,1.12224,0.00249,
366,-19.63466,-2.14601,10.10656,0.00392,0.37118,0.92855,0.00114,-1.20764,1.12418,0.00256,
366,-19.69842,-2.08101,10.10976,0.00393,0.37076,0.92872,0.00112,-1.20968,1.12625,0.00296,
366,-19.76362,-2.01472,10.11553,0.00393,0.37036,0.92888,0.00112,-1.21234,1.12835,0.00414,
366,-19.83138,-1.94905,10.11996,0.00395,0.36995,0.92904,0.00111,-1.21596,1.13054,0.00493,
366,-19.89452,-1.89283,10.11963,0.00396,0.36954,0.92921,0.00110,-1.21919,1.13103,0.00453,
366,-19.95658,-1.83573,10.11860,0.00397,0.36913,0.92937,0.00109,-1.22169,1.13131,0.00407,
366,-19.92678,-1.86407,10.13275,0.00404,0.36897,0.92943,0.00106,-1.21743,1.13098,0.00548,
366,-19.98108,-1.81903,10.13071,0.00402,0.36857,0.92959,0.00105,-1.21808,1.12859,0.00509,
366,-20.04312,-1.76596,10.13090,0.00403,0.36817,0.92975,0.00105,-1.22112,1.12784,0.00500,
366,-20.10508,-1.70702,10.13021,0.00404,0.36777,0.92991,0.00104,-1.22327,1.12841,0.00465,
366,-20.16630,-1.64980,10.13076,0.00404,0.36737,0.93006,0.00103,-1.22548,1.12879,0.00470,
366,-20.22822,-1.59451,10.13389,0.00404,0.36698,0.93022,0.00103,-1.22841,1.12858,0.00548,
366,-20.29583,-1.53048,10.13815,0.00405,0.36660,0.93037,0.00104,-1.23189,1.12939,0.00658,
366,-20.36474,-1.46521,10.14190,0.00406,0.36623,0.93052,0.00103,-1.23534,1.13049,0.00751,
367,-20.42978,-1.40947,10.14543,0.00405,0.36586,0.93066,0.00102,-1.23833,1.13005,0.00827,
367,-20.49661,-1.34940,10.14832,0.00404,0.36550,0.93080,0.00102,-1.24090,1.12982,0.00886,
367,-20.56400,-1.28106,10.14847,0.00404,0.36515,0.93094,0.00100,-1.24294,1.13116,0.00877,
367,-20.62478,-1.22918,10.14575,0.00403,0.36481,0.93107,0.00098,-1.24459,1.13020,0.00812,
367,-20.68137,-1.17984,10.14452,0.00401,0.36449,0.93120,0.00096,-1.24520,1.12927,0.00790,
367,-20.74436,-1.12699,10.14663,0.00402,0.36417,0.93132,0.00096,-1.24805,1.12851,0.00827,
367,-20.80922,-1.07569,10.14752,0.00403,0.36385,0.93145,0.00096,-1.25162,1.12735,0.00834,
367,-20.87502,-1.01842,10.14417,0.00403,0.36354,0.93157,0.00095,-1.25442,1.12676,0.00750,
367,-20.94164,-0.95673,10.14356,0.00405,0.36323,0.93169,0.00094,-1.25746,1.12762,0.00723,
367,-21.00811,-0.89614,10.14676,0.00405,0.36294,0.93180,0.00094,-1.26041,1.12784,0.00787,
367,-21.02857,-0.90024,10.17249,0.00415,0.36287,0.93183,0.00092,-1.26169,1.12608,0.01250,
367,-21.08271,-0.85483,10.17518,0.00415,0.36259,0.93194,0.00091,-1.26328,1.12499,0.01295,
367,-21.14838,-0.79629,10.17603,0.00415,0.36231,0.93205,0.00090,-1.26622,1.12533,0.01283,
367,-21.21412,-0.74088,10.17615,0.00416,0.36205,0.93215,0.00089,-1.26960,1.12542,0.01250,
367,-21.27798,-0.68397,10.17535,0.00416,0.36178,0.93225,0.00088,-1.27203,1.12528,0.01212,
367,-21.34203,-0.62589,10.17552,0.00416,0.36152,0.93235,0.00087,-1.27473,1.12573,0.01205,
367,-21.40817,-0.56511,10.17770,0.00416,0.36127,0.93245,0.00085,-1.27742,1.12705,0.01232,
367,-21.47390,-0.50180,10.17886,0.00416,0.36103,0.93254,0.00083,-1.27907,1.12825,0.01225,
367,-21.54047,-0.43713,10.18112,0.00415,0.36080,0.93263,0.00082,-1.28089,1.12978,0.01249,
368,-21.60666,-0.37348,10.18163,0.00415,0.36057,0.93272,0.00080,-1.28321,1.13176,0.01236,
368,-21.66929,-0.31247,10.18235,0.00415,0.36033,0.93282,0.00077,-1.28499,1.13368,0.01225,
368,-21.73726,-0.24150,10.18692,0.00414,0.36011,0.93290,0.00073,-1.28676,1.13722,0.01307,
368,-21.80501,-0.16636,10.18675,0.00412,0.35989,0.93298,0.00068,-1.28755,1.14142,0.01284,
368,-21.86935,-0.10221,10.18699,0.00412,0.35968,0.93307,0.00063,-1.28898,1.14442,0.01259,
368,-21.93304,-0.04599,10.19170,0.00412,0.35948,0.93314,0.00059,-1.29164,1.14645,0.01332,
368,-21.99548,0.02258,10.19703,0.00411,0.35928,0.93322,0.00055,-1.29228,1.15008,0.01436,
368,-22.05601,0.09193,10.20109,0.00409,0.35907,0.93330,0.00052,-1.29216,1.15329,0.01497,
368,-22.11789,0.16082,10.20303,0.00408,0.35887,0.93338,0.00048,-1.29220,1.15647,0.01509,
368,-22.18295,0.22929,10.20696,0.00407,0.35868,0.93345,0.00043,-1.29349,1.16005,0.01567,
368,-22.28531,0.35328,10.25854,0.00412,0.35871,0.93344,0.00024,-1.29894,1.17866,0.02477,
368,-22.34275,0.41054,10.26437,0.00408,0.35854,0.93351,0.00020,-1.29828,1.17992,0.02588,
368,-22.40774,0.47667,10.26794,0.00407,0.35836,0.93357,0.00015,-1.29955,1.18319,0.02633,
368,-22.47382,0.54185,10.26981,0.00406,0.35820,0.93364,0.00011,-1.30118,1.18569,0.02646,
368,-22.53987,0.60015,10.27360,0.00405,0.35808,0.93368,0.00005,-1.30381,1.18676,0.02696,
368,-22.60544,0.66354,10.27569,0.00402,0.35801,0.93371,-0.00003,-1.30510,1.18805,0.02735,
368,-22.67230,0.73049,10.27596,0.00397,0.35804,0.93370,-0.00013,-1.30612,1.19001,0.02734,
368,-22.74001,0.79579,10.27594,0.00393,0.35818,0.93365,-0.00024,-1.30765,1.19220,0.02699,
368,-22.80664,0.85567,10.27627,0.00389,0.35843,0.93355,-0.00035,-1.30933,1.19326,0.02670,
368,-22.87221,0.91017,10.27911,0.00386,0.35882,0.93340,-0.00045,-1.31149,1.19348,0.02703,
368,-22.93770,0.96723,10.28070,0.00384,0.35931,0.93321,-0.00055,-1.31350,1.19447,0.02679,
369,-23.00806,1.02397,10.28066,0.00382,0.35991,0.93298,-0.00062,-1.31684,1.19444,0.02619,
369,-23.07815,1.07394,10.28060,0.00380,0.36060,0.93271,-0.00069,-1.32023,1.19274,0.02597,
369,-23.14534,1.12816,10.28233,0.00376,0.36134,0.93242,-0.00078,-1.32220,1.19284,0.02613,
369,-23.21301,1.18382,10.28590,0.00373,0.36214,0.93212,-0.00087,-1.32426,1.19348,0.02667,
369,-23.28001,1.23428,10.28384,0.00371,0.36297,0.93179,-0.00094,-1.32661,1.19295,0.02578,
369,-23.34845,1.28589,10.28083,0.00369,0.36382,0.93146,-0.00101,-1.32912,1.19220,0.02483,
369,-23.41943,1.33727,10.27882,0.00367,0.36467,0.93113,-0.00105,-1.33186,1.19019,0.02424,
369,-23.48982,1.38793,10.27605,0.00365,0.36550,0.93080,-0.00110,-1.33442,1.18843,0.02335,
369,-23.39592,1.24105,10.29830,0.00369,0.36643,0.93044,-0.00126,-1.31578,1.16941,0.02567,
369,-23.45071,1.29729,10.29234,0.00366,0.36721,0.93013,-0.00132,-1.31452,1.17093,0.02400,
369,-23.51712,1.35132,10.29211,0.00364,0.36795,0.92984,-0.00136,-1.31629,1.17118,0.02354,
369,-23.57911,1.39728,10.29000,0.00362,0.36867,0.92955,-0.00140,-1.31714,1.16980,0.02271,
369,-23.64668,1.45672,10.28928,0.00359,0.36935,0.92928,-0.00145,-1.31810,1.17108,0.02235,
369,-23.71699,1.52232,10.28993,0.00359,0.36999,0.92903,-0.00150,-1.31985,1.17426,0.02202,
369,-23.78691,1.58835,10.29241,0.00358,0.37059,0.92879,-0.00155,-1.32124,1.17755,0.02216,
369,-23.85415,1.64467,10.29495,0.00357,0.37117,0.92856,-0.00158,-1.32243,1.17852,0.02251,
369,-23.92084,1.69895,10.29560,0.00356,0.37173,0.92833,-0.00161,-1.32375,1.17918,0.02237,
369,-23.99072,1.76467,10.29836,0.00355,0.37227,0.92812,-0.00165,-1.32493,1.18252,0.02262,
369,-24.05974,1.83475,10.30123,0.00354,0.37278,0.92791,-0.00169,-1.32579,1.18726,0.02297,
370,-24.12581,1.90038,10.30458,0.00353,0.37330,0.92770,-0.00174,-1.32591,1.19174,0.02334,
370,-24.25457,2.01542,10.32903,0.00364,0.37385,0.92748,-0.00180,-1.33876,1.20563,0.02654,
370,-24.31916,2.07624,10.33088,0.00363,0.37435,0.92728,-0.00182,-1.33890,1.20844,0.02682,
370,-24.38350,2.13521,10.33559,0.00362,0.37484,0.92708,-0.00186,-1.33897,1.21116,0.02775,
370,-24.44967,2.19501,10.34054,0.00361,0.37534,0.92688,-0.00190,-1.33953,1.21436,0.02879,
370,-24.51493,2.25385,10.34436,0.00360,0.37585,0.92667,-0.00192,-1.33983,1.21696,0.02954,
370,-24.58068,2.31410,10.34626,0.00360,0.37635,0.92647,-0.00195,-1.34016,1.21961,0.02973,
370,-24.64803,2.37494,10.34540,0.00359,0.37686,0.92626,-0.00196,-1.34054,1.22211,0.02931,
370,-24.71640,2.43909,10.34441,0.00358,0.37738,0.92605,-0.00195,-1.34086,1.22482,0.02892,
370,-24.78482,2.50383,10.34526,0.00357,0.37791,0.92583,-0.00196,-1.34127,1.22815,0.02885,
370,-24.85174,2.56460,10.34368,0.00358,0.37844,0.92562,-0.00197,-1.34179,1.23114,0.02798,
370,-24.92188,2.63497,10.34262,0.00357,0.37895,0.92541,-0.00199,-1.34198,1.23580,0.02762,
370,-24.99161,2.70659,10.34010,0.00355,0.37945,0.92520,-0.00201,-1.34162,1.24018,0.02686,
370,-25.05864,2.76723,10.33967,0.00355,0.37995,0.92500,-0.00201,-1.34205,1.24223,0.02650,
370,-25.26763,2.99323,10.36324,0.00365,0.38046,0.92479,-0.00207,-1.36519,1.27048,0.03094,
370,-25.33552,3.05039,10.35879,0.00365,0.38095,0.92459,-0.00202,-1.36617,1.27083,0.02927,
370,-25.40153,3.10895,10.35767,0.00366,0.38141,0.92439,-0.00201,-1.36692,1.27243,0.02832,
370,-25.46897,3.16905,10.35822,0.00367,0.38187,0.92421,-0.00198,-1.36773,1.27371,0.02805,
370,-25.53754,3.23434,10.36028,0.00367,0.38231,0.92403,-0.00196,-1.36835,1.27603,0.02830,
370,-25.60394,3.29402,10.36154,0.00368,0.38274,0.92385,-0.00194,-1.36881,1.27719,0.02829,
370,-25.66829,3.36116,10.36406,0.00370,0.38312,0.92369,-0.00193,-1.36943,1.28034,0.02837,
371,-25.73714,3.42479,10.36554,0.00371,0.38354,0.92352,-0.00191,-1.37025,1.28246,0.02843,
371,-25.80518,3.48768,10.36543,0.00371,0.38395,0.92335,-0.00189,-1.37082,1.28436,0.02802,
371,-25.87317,3.55045,10.36613,0.00372,0.38434,0.92318,-0.00187,-1.37155,1.28639,0.02776,
371,-25.94078,3.60889,10.36705,0.00373,0.38473,0.92302,-0.00184,-1.37243,1.28687,0.02762,
371,-26.00880,3.66571,10.36311,0.00373,0.38511,0.92286,-0.00178,-1.37342,1.28613,0.02624,
371,-26.07729,3.72462,10.35913,0.00374,0.38548,0.92271,-0.00173,-1.37440,1.28582,0.02488,
371,-26.14323,3.77673,10.35526,0.00375,0.38584,0.92256,-0.00168,-1.37505,1.28416,0.02356,
371,-26.20926,3.83002,10.35156,0.00374,0.38619,0.92241,-0.00163,-1.37561,1.28268,0.02237,
371,-26.27739,3.88546,10.34907,0.00374,0.38654,0.92226,-0.00157,-1.37651,1.28127,0.02160,
371,-26.34570,3.94219,10.34754,0.00375,0.38688,0.92212,-0.00152,-1.37761,1.28061,0.02113,
371,-26.41202,3.99650,10.34679,0.00375,0.38721,0.92198,-0.00148,-1.37841,1.27996,0.02076,
371,-26.47745,4.04863,10.34402,0.00376,0.38754,0.92184,-0.00144,-1.37911,1.27899,0.01977,
371,-26.45349,4.01383,10.34065,0.00386,0.38781,0.92173,-0.00129,-1.36810,1.25964,0.01827,
371,-26.51537,4.06845,10.34250,0.00388,0.38812,0.92160,-0.00127,-1.36924,1.26106,0.01847,
371,-26.58352,4.12882,10.34356,0.00389,0.38843,0.92147,-0.00124,-1.37047,1.26187,0.01853,
371,-26.65046,4.18570,10.34343,0.00391,0.38873,0.92134,-0.00119,-1.37173,1.26175,0.01826,
371,-26.71659,4.24328,10.34328,0.00391,0.38901,0.92122,-0.00115,-1.37266,1.26189,0.01797,
371,-26.78272,4.30282,10.34333,0.00392,0.38929,0.92111,-0.00113,-1.37323,1.26264,0.01768,
371,-26.84869,4.36286,10.34298,0.00392,0.38955,0.92099,-0.00110,-1.37349,1.26326,0.01733,
372,-26.91158,4.41986,10.34054,0.00392,0.38981,0.92089,-0.00107,-1.37315,1.26308,0.01653,
372,-26.97959,4.48699,10.33765,0.00391,0.39006,0.92078,-0.00105,-1.37322,1.26491,0.01555,
372,-27.05025,4.55637,10.33743,0.00392,0.39031,0.92067,-0.00103,-1.37404,1.26724,0.01522,
372,-27.11699,4.62168,10.33802,0.00391,0.39055,0.92057,-0.00101,-1.37415,1.26890,0.01519,
372,-27.18367,4.68972,10.33799,0.00391,0.39077,0.92048,-0.00099,-1.37403,1.27142,0.01498,
372,-27.25296,4.75762,10.34015,0.00391,0.39100,0.92038,-0.00098,-1.37497,1.27420,0.01524,
372,-27.31955,4.82164,10.34059,0.00391,0.39123,0.92029,-0.00096,-1.37531,1.27579,0.01511,
372,-27.38455,4.88933,10.33841,0.00391,0.39144,0.92019,-0.00095,-1.37473,1.27831,0.01431,
372,-27.45354,4.95988,10.33789,0.00391,0.39165,0.92010,-0.00096,-1.37519,1.28207,0.01383,
372,-27.52144,5.02960,10.33890,0.00391,0.39186,0.92001,-0.00097,-1.37517,1.28553,0.01388,
372,-27.58822,5.10829,10.33929,0.00390,0.39206,0.91993,-0.00099,-1.37431,1.29101,0.01377,
372,-27.70596,5.27206,10.34676,0.00384,0.39225,0.91985,-0.00103,-1.37558,1.30380,0.01584,
372,-27.78198,5.33508,10.34838,0.00384,0.39248,0.91975,-0.00103,-1.37869,1.30588,0.01598,
372,-27.84785,5.40443,10.34854,0.00384,0.39267,0.91967,-0.00104,-1.37810,1.30860,0.01590,
372,-27.91761,5.47410,10.34748,0.00384,0.39285,0.91959,-0.00103,-1.37919,1.31139,0.01530,
372,-27.98576,5.54371,10.34565,0.00385,0.39303,0.91952,-0.00102,-1.37986,1.31458,0.01461,
372,-28.05268,5.61260,10.34613,0.00386,0.39320,0.91944,-0.00102,-1.38025,1.31738,0.01445,
372,-28.11951,5.68141,10.34699,0.00387,0.39337,0.91937,-0.00102,-1.38051,1.32037,0.01439,
372,-28.18374,5.74699,10.34691,0.00387,0.39353,0.91930,-0.00101,-1.38022,1.32219,0.01426,
372,-28.24779,5.81019,10.34577,0.00388,0.39369,0.91923,-0.00100,-1.38007,1.32313,0.01374,
372,-28.31307,5.87517,10.34442,0.00388,0.39384,0.91917,-0.00099,-1.37985,1.32457,0.01310,
373,-28.38011,5.94094,10.34415,0.00388,0.39400,0.91910,-0.00098,-1.38032,1.32600,0.01288,
373,-28.44636,6.00528,10.34333,0.00387,0.39415,0.91904,-0.00096,-1.38051,1.32661,0.01258,
373,-28.51341,6.06725,10.34451,0.00388,0.39429,0.91898,-0.00093,-1.38127,1.32668,0.01277,
373,-28.58338,6.13153,10.34391,0.00388,0.39444,0.91891,-0.00089,-1.38271,1.32699,0.01254,
373,-28.65271,6.19848,10.34291,0.00388,0.39457,0.91886,-0.00087,-1.38364,1.32786,0.01229,
373,-28.72110,6.26623,10.34414,0.00388,0.39471,0.91880,-0.00084,-1.38425,1.32883,0.01265,
373,-28.78604,6.32412,10.34282,0.00386,0.39484,0.91874,-0.00080,-1.38433,1.32715,0.01244,
373,-28.68363,6.22144,10.35511,0.00390,0.39486,0.91873,-0.00074,-1.35751,1.29822,0.01451,
373,-28.75495,6.28169,10.35576,0.00394,0.39500,0.91867,-0.00070,-1.36173,1.29953,0.01420,
373,-28.82314,6.34292,10.35675,0.00395,0.39513,0.91862,-0.00067,-1.36359,1.29966,0.01420,
373,-28.89001,6.40129,10.35592,0.00396,0.39525,0.91856,-0.00063,-1.36509,1.29894,0.01378,
373,-28.95385,6.45580,10.35389,0.00395,0.39537,0.91851,-0.00061,-1.36568,1.29731,0.01314,
373,-29.01526,6.50761,10.35328,0.00396,0.39549,0.91846,-0.00057,-1.36608,1.29529,0.01297,
373,-29.07779,6.56322,10.35217,0.00396,0.39560,0.91842,-0.00054,-1.36641,1.29390,0.01251,
373,-29.14144,6.62309,10.35174,0.00395,0.39570,0.91837,-0.00052,-1.36653,1.29361,0.01233,
373,-29.20904,6.68866,10.35309,0.00396,0.39580,0.91833,-0.00050,-1.36786,1.29477,0.01263,
373,-29.27826,6.75912,10.35281,0.00398,0.39589,0.91829,-0.00049,-1.36966,1.29739,0.01224,
373,-29.34587,6.82801,10.35140,0.00398,0.39598,0.91825,-0.00049,-1.37069,1.29990,0.01156,
373,-29.41063,6.89067,10.35110,0.00398,0.39607,0.91821,-0.00048,-1.37076,1.30053,0.01137,
374,-29.47368,6.94944,10.35264,0.00397,0.39616,0.91817,-0.00046,-1.37092,1.30017,0.01171,
374,-29.54379,7.01652,10.35243,0.00398,0.39625,0.91813,-0.00044,-1.37277,1.30156,0.01149,
374,-29.62006,7.09581,10.35420,0.00399,0.39632,0.91810,-0.00044,-1.37533,1.30543,0.01182,
374,-29.68948,7.17167,10.35636,0.00398,0.39640,0.91807,-0.00044,-1.37594,1.30864,0.01238,
374,-29.75431,7.23739,10.35752,0.00398,0.39648,0.91803,-0.00043,-1.37602,1.30985,0.01257,
374,-29.82896,7.31443,10.35922,0.00398,0.39656,0.91800,-0.00043,-1.37826,1.31383,0.01277,
374,-29.89921,7.39280,10.35983,0.00398,0.39664,0.91796,-0.00045,-1.37881,1.31812,0.01280,
374,-29.96017,7.46381,10.36057,0.00397,0.39672,0.91793,-0.00046,-1.37743,1.32114,0.01286,
374,-29.97578,7.49581,10.36218,0.00384,0.39671,0.91794,-0.00039,-1.36113,1.30802,0.01356,
374,-30.06100,7.57764,10.36066,0.00389,0.39680,0.91790,-0.00040,-1.36733,1.31433,0.01266,
374,-30.13099,7.64946,10.36130,0.00391,0.39686,0.91787,-0.00040,-1.36932,1.31747,0.01252,
374,-30.19736,7.71899,10.36147,0.00392,0.39692,0.91784,-0.00041,-1.37014,1.32056,0.01231,
374,-30.26441,7.78844,10.36044,0.00393,0.39699,0.91782,-0.00042,-1.37115,1.32341,0.01176,
374,-30.33070,7.85322,10.35881,0.00393,0.39705,0.91779,-0.00041,-1.37211,1.32472,0.01105,
374,-30.39724,7.92219,10.35689,0.00394,0.39711,0.91776,-0.00042,-1.37283,1.32713,0.01026,
374,-30.46402,7.99141,10.35721,0.00395,0.39717,0.91774,-0.00043,-1.37355,1.32968,0.01017,
374,-30.53051,8.05782,10.35978,0.00396,0.39723,0.91771,-0.00044,-1.37439,1.33167,0.01080,
374,-30.59616,8.12502,10.36021,0.00397,0.39729,0.91769,-0.00045,-1.37516,1.33390,0.01072,
374,-30.65809,8.18570,10.35930,0.00396,0.39735,0.91766,-0.00043,-1.37494,1.33382,0.01043,
374,-30.72096,8.24590,10.36087,0.00396,0.39741,0.91763,-0.00041,-1.37519,1.33376,0.01082,
374,-30.78607,8.31540,10.35999,0.00395,0.39745,0.91761,-0.00042,-1.37528,1.33619,0.01041,
375,-30.85244,8.39036,10.35809,0.00395,0.39749,0.91760,-0.00046,-1.37530,1.33997,0.00966,
375,-30.74329,8.31557,10.35970,0.00383,0.39731,0.91768,-0.00050,-1.33845,1.31846,0.01139,
375,-30.81438,8.38178,10.36106,0.00384,0.39738,0.91765,-0.00050,-1.34145,1.32053,0.01140,
375,-30.88031,8.45061,10.36174,0.00385,0.39742,0.91763,-0.00050,-1.34214,1.32260,0.01132,
375,-30.94508,8.51833,10.36334,0.00385,0.39745,0.91761,-0.00050,-1.34262,1.32431,0.01160,
375,-31.01028,8.58675,10.36377,0.00385,0.39749,0.91760,-0.00049,-1.34319,1.32602,0.01155,
375,-31.07606,8.65077,10.36384,0.00385,0.39753,0.91758,-0.00049,-1.34418,1.32658,0.01140,
375,-31.14049,8.71303,10.36586,0.00385,0.39757,0.91756,-0.00048,-1.34493,1.32706,0.01194,
375,-31.20418,8.77790,10.36796,0.00385,0.39761,0.91755,-0.00049,-1.34525,1.32822,0.01239,
375,-31.27286,8.84605,10.37020,0.00385,0.39764,0.91753,-0.00048,-1.34684,1.32977,0.01276,
375,-31.34123,8.91318,10.37117,0.00385,0.39768,0.91752,-0.00048,-1.34835,1.33080,0.01284,
375,-31.40667,8.97376,10.37164,0.00386,0.39772,0.91750,-0.00045,-1.34966,1.33016,0.01280,
375,-31.47408,9.03712,10.37293,0.00386,0.39775,0.91749,-0.00043,-1.35110,1.33006,0.01298,
375,-31.54277,9.10510,10.37351,0.00385,0.39778,0.91747,-0.00042,-1.35217,1.33078,0.01297,
375,-31.60881,9.17122,10.37501,0.00385,0.39781,0.91746,-0.00042,-1.35293,1.33157,0.01325,
375,-31.67788,9.23544,10.37691,0.00386,0.39784,0.91745,-0.00042,-1.35496,1.33229,0.01347,
375,-31.74387,9.29854,10.37744,0.00386,0.39787,0.91744,-0.00041,-1.35570,1.33236,0.01349,
375,-31.80971,9.36487,10.37733,0.00385,0.39789,0.91743,-0.00041,-1.35624,1.33318,0.01332,
375,-31.87940,9.47501,10.38572,0.00379,0.39774,0.91749,-0.00045,-1.35085,1.33857,0.01604,
376,-31.95882,9.54732,10.38323,0.00381,0.39779,0.91747,-0.00043,-1.35568,1.34114,0.01520,
376,-32.02571,9.61576,10.38497,0.00381,0.39781,0.91746,-0.00044,-1.35658,1.34284,0.01547,
376,-32.09009,9.67655,10.38587,0.00381,0.39784,0.91745,-0.00044,-1.35717,1.34252,0.01546,
376,-32.15778,9.74241,10.38637,0.00382,0.39786,0.91744,-0.00045,-1.35875,1.34369,0.01534,
376,-32.22630,9.81174,10.38704,0.00383,0.39788,0.91743,-0.00046,-1.36031,1.34576,0.01532,
376,-32.29179,9.87327,10.38659,0.00383,0.39791,0.91742,-0.00045,-1.36148,1.34588,0.01501,
376,-32.35778,9.93639,10.38722,0.00384,0.39794,0.91741,-0.00044,-1.36270,1.34647,0.01501,
376,-32.42333,10.00264,10.38851,0.00384,0.39796,0.91739,-0.00044,-1.36343,1.34785,0.01520,
376,-32.49116,10.07351,10.38953,0.00385,0.39798,0.91739,-0.00045,-1.36462,1.35031,0.01542,
376,-32.55778,10.13965,10.38914,0.00386,0.39800,0.91738,-0.00044,-1.36592,1.35157,0.01510,
376,-32.62355,10.19995,10.38804,0.00387,0.39803,0.91737,-0.00043,-1.36745,1.35153,0.01445,
376,-32.68931,10.26334,10.38611,0.00386,0.39805,0.91736,-0.00042,-1.36834,1.35150,0.01376,
376,-32.75221,10.32510,10.38096,0.00386,0.39807,0.91735,-0.00041,-1.36863,1.35172,0.01199,
376,-32.81399,10.39107,10.37778,0.00386,0.39808,0.91734,-0.00042,-1.36821,1.35329,0.01066,
376,-32.90932,10.56051,10.38213,0.00383,0.39793,0.91741,-0.00054,-1.36733,1.37416,0.01237,
376,-32.98449,10.63744,10.38658,0.00383,0.39797,0.91739,-0.00055,-1.37001,1.37782,0.01328,
376,-33.05252,10.71196,10.38802,0.00383,0.39799,0.91738,-0.00055,-1.37068,1.38009,0.01348,
376,-33.12295,10.78876,10.38852,0.00382,0.39800,0.91738,-0.00055,-1.37182,1.38288,0.01341,
376,-33.19624,10.87041,10.39188,0.00383,0.39802,0.91737,-0.00057,-1.37358,1.38701,0.01410,
376,-33.26699,10.94962,10.39386,0.00383,0.39803,0.91736,-0.00057,-1.37473,1.39059,0.01446,
376,-33.33821,11.02487,10.39475,0.00384,0.39805,0.91736,-0.00058,-1.37640,1.39348,0.01441,
377,-33.40592,11.08962,10.39290,0.00384,0.39807,0.91734,-0.00057,-1.37763,1.39410,0.01363,
377,-33.47211,11.15591,10.39048,0.00384,0.39809,0.91734,-0.00057,-1.37827,1.39481,0.01271,
377,-33.54541,11.23767,10.39078,0.00384,0.39809,0.91734,-0.00056,-1.38003,1.39774,0.01256,
377,-33.61980,11.32770,10.38900,0.00382,0.39809,0.91734,-0.00058,-1.38045,1.40248,0.01195,
377,-33.68761,11.40719,10.38710,0.00380,0.39809,0.91734,-0.00062,-1.37946,1.40557,0.01126,
377,-33.75643,11.48206,10.38843,0.00379,0.39810,0.91734,-0.00063,-1.37997,1.40769,0.01142,
377,-33.82349,11.55194,10.38800,0.00379,0.39810,0.91733,-0.00063,-1.38045,1.40874,0.01118,
377,-33.88892,11.61309,10.38626,0.00378,0.39811,0.91733,-0.00061,-1.38086,1.40737,0.01068,
377,-33.95607,11.67168,10.38479,0.00377,0.39812,0.91732,-0.00059,-1.38193,1.40520,0.01027,
377,-34.02702,11.73776,10.38309,0.00376,0.39814,0.91732,-0.00055,-1.38346,1.40395,0.00980,
377,-33.99041,11.75856,10.38115,0.00373,0.39798,0.91738,-0.00048,-1.36548,1.39703,0.00963,
377,-34.07080,11.82698,10.38008,0.00375,0.39801,0.91737,-0.00044,-1.37045,1.39681,0.00928,
377,-34.13575,11.88493,10.37956,0.00375,0.39803,0.91737,-0.00042,-1.37176,1.39474,0.00900,
377,-34.20365,11.94886,10.37705,0.00375,0.39804,0.91736,-0.00040,-1.37316,1.39391,0.00793,
377,-34.27056,12.01249,10.37525,0.00376,0.39805,0.91736,-0.00039,-1.37446,1.39312,0.00715,
377,-34.33726,12.07499,10.37490,0.00377,0.39805,0.91735,-0.00038,-1.37584,1.39225,0.00688,
377,-34.40255,12.13717,10.37353,0.00377,0.39807,0.91735,-0.00037,-1.37675,1.39122,0.00634,
377,-34.46883,12.19998,10.37340,0.00377,0.39808,0.91734,-0.00034,-1.37802,1.39028,0.00623,
377,-34.53835,12.26556,10.37179,0.00378,0.39809,0.91734,-0.00033,-1.37989,1.38990,0.00556,
378,-34.60915,12.33203,10.37083,0.00379,0.39811,0.91733,-0.00033,-1.38192,1.38988,0.00509,
378,-34.68985,12.41847,10.37600,0.00381,0.39811,0.91733,-0.00034,-1.38559,1.39448,0.00626,
378,-34.77246,12.51078,10.38084,0.00384,0.39811,0.91733,-0.00036,-1.39013,1.40136,0.00693,
378,-34.84326,12.58520,10.37981,0.00385,0.39813,0.91732,-0.00035,-1.39140,1.40300,0.00644,
378,-34.91217,12.65585,10.37875,0.00385,0.39814,0.91732,-0.00034,-1.39240,1.40372,0.00596,
378,-34.98339,12.72953,10.37793,0.00385,0.39815,0.91731,-0.00035,-1.39383,1.40539,0.00560,
378,-35.05960,12.80904,10.37753,0.00385,0.39817,0.91731,-0.00036,-1.39625,1.40850,0.00537,
378,-35.13349,12.88379,10.37660,0.00385,0.39818,0.91730,-0.00036,-1.39821,1.41006,0.00502,
378,-35.20132,12.95703,10.37459,0.00383,0.39818,0.91730,-0.00037,-1.39793,1.41131,0.00448,
378,-35.27096,13.03687,10.37419,0.00382,0.39819,0.91730,-0.00039,-1.39780,1.41429,0.00422,
378,-35.34250,13.11803,10.37368,0.00381,0.39819,0.91730,-0.00041,-1.39852,1.41746,0.00392,
378,-35.41334,13.19705,10.37294,0.00380,0.39819,0.91730,-0.00041,-1.39913,1.41998,0.00363,
378,-35.55744,13.44782,10.37124,0.00385,0.39800,0.91738,-0.00053,-1.40869,1.45101,0.00263,
378,-35.63287,13.53448,10.37081,0.00386,0.39799,0.91738,-0.00057,-1.41055,1.45640,0.00219,
378,-35.70624,13.61535,10.37020,0.00385,0.39799,0.91738,-0.00059,-1.41159,1.45921,0.00204,
378,-35.77970,13.69457,10.37075,0.00386,0.39799,0.91738,-0.00058,-1.41361,1.46180,0.00220,
378,-35.85366,13.77181,10.37239,0.00387,0.39799,0.91738,-0.00058,-1.41591,1.46394,0.00258,
378,-35.92849,13.85254,10.37341,0.00388,0.39799,0.91738,-0.00058,-1.41791,1.46666,0.00272,
378,-36.00268,13.93140,10.37421,0.00388,0.39799,0.91738,-0.00058,-1.42002,1.46913,0.00286,
378,-36.07618,14.00773,10.37517,0.00389,0.39799,0.91738,-0.00059,-1.42184,1.47118,0.00304,
378,-36.15004,14.08539,10.37691,0.00389,0.39799,0.91738,-0.00060,-1.42365,1.47340,0.00340,
379,-36.22343,14.16194,10.37829,0.00389,0.39800,0.91738,-0.00060,-1.42532,1.47532,0.00368,
379,-36.29947,14.23861,10.38023,0.00389,0.39802,0.91737,-0.00061,-1.42755,1.47745,0.00409,
379,-36.37457,14.31298,10.38240,0.00390,0.39803,0.91736,-0.00061,-1.42996,1.47908,0.00454,
379,-36.44569,14.38602,10.38187,0.00391,0.39804,0.91736,-0.00062,-1.43128,1.48051,0.00426,
379,-36.51822,14.46364,10.38172,0.00390,0.39805,0.91736,-0.00063,-1.43231,1.48291,0.00419,
379,-36.42938,14.43891,10.38637,0.00390,0.39789,0.91742,-0.00083,-1.40452,1.47558,0.00590,
379,-36.49291,14.49989,10.38537,0.00390,0.39791,0.91742,-0.00080,-1.40531,1.47436,0.00560,
379,-36.55834,14.56719,10.38423,0.00389,0.39792,0.91741,-0.00079,-1.40545,1.47410,0.00525,
379,-36.62635,14.63642,10.38363,0.00389,0.39793,0.91741,-0.00078,-1.40657,1.47435,0.00495,
379,-36.70150,14.71396,10.38600,0.00390,0.39794,0.91740,-0.00077,-1.40943,1.47654,0.00552,
379,-36.77433,14.78937,10.38741,0.00391,0.39795,0.91740,-0.00077,-1.41161,1.47813,0.00583,
379,-36.84125,14.85610,10.38629,0.00391,0.39795,0.91740,-0.00076,-1.41254,1.47797,0.00535,
379,-36.90874,14.92256,10.38785,0.00391,0.39796,0.91740,-0.00075,-1.41375,1.47777,0.00572,
379,-36.97657,14.99011,10.38741,0.00391,0.39796,0.91739,-0.00074,-1.41487,1.47767,0.00552,
379,-37.04758,15.06369,10.38530,0.00391,0.39796,0.91739,-0.00074,-1.41625,1.47872,0.00479,
379,-37.12098,15.14162,10.38315,0.00391,0.39797,0.91739,-0.00075,-1.41766,1.48046,0.00402,
379,-37.19082,15.21335,10.37972,0.00390,0.39797,0.91739,-0.00075,-1.41850,1.48082,0.00293,
379,-37.25871,15.28269,10.37806,0.00390,0.39797,0.91739,-0.00074,-1.41914,1.48057,0.00241,
379,-37.32610,15.35192,10.37626,0.00390,0.39797,0.91739,-0.00073,-1.41971,1.48050,0.00183,
380,-37.39486,15.42654,10.37636,0.00390,0.39797,0.91739,-0.00073,-1.42014,1.48182,0.00196,
380,-37.46394,15.49556,10.37615,0.00391,0.39797,0.91739,-0.00071,-1.42149,1.48172,0.00177,
380,-37.53284,15.56473,10.37470,0.00392,0.39798,0.91739,-0.00070,-1.42282,1.48166,0.00119,
380,-37.60168,15.63253,10.37248,0.00392,0.39799,0.91738,-0.00068,-1.42399,1.48106,0.00042,
380,-37.46471,15.46756,10.38001,0.00397,0.39787,0.91743,-0.00059,-1.39567,1.44005,0.00140,
380,-37.52383,15.52470,10.38293,0.00400,0.39789,0.91743,-0.00059,-1.39692,1.44016,0.00214,
380,-37.58922,15.59199,10.38305,0.00400,0.39788,0.91743,-0.00058,-1.39763,1.44041,0.00219,
380,-37.66180,15.66835,10.38228,0.00400,0.39789,0.91743,-0.00058,-1.39935,1.44218,0.00195,
380,-37.73334,15.74238,10.38091,0.00401,0.39790,0.91742,-0.00057,-1.40098,1.44370,0.00152,
380,-37.80296,15.81347,10.38094,0.00401,0.39791,0.91742,-0.00057,-1.40213,1.44457,0.00146,
380,-37.87617,15.89017,10.38163,0.00401,0.39792,0.91741,-0.00055,-1.40378,1.44600,0.00156,
380,-37.94954,15.96728,10.38077,0.00401,0.39793,0.91741,-0.00053,-1.40584,1.44782,0.00122,
380,-38.01948,16.03876,10.38193,0.00402,0.39793,0.91741,-0.00052,-1.40767,1.44904,0.00150,
380,-38.09022,16.11087,10.38270,0.00403,0.39794,0.91740,-0.00052,-1.40950,1.45062,0.00165,
380,-38.17258,16.20893,10.38499,0.00403,0.39793,0.91741,-0.00055,-1.41193,1.45704,0.00202,
380,-38.24806,16.29573,10.38571,0.00402,0.39792,0.91741,-0.00056,-1.41346,1.46140,0.00206,
380,-38.32232,16.37751,10.38502,0.00402,0.39793,0.91741,-0.00057,-1.41511,1.46463,0.00172,
380,-38.39930,16.46496,10.38513,0.00402,0.39793,0.91741,-0.00059,-1.41682,1.46871,0.00164,
380,-38.47182,16.54749,10.38262,0.00401,0.39793,0.91741,-0.00059,-1.41751,1.47165,0.00091,
380,-38.64158,16.78220,10.38347,0.00400,0.39787,0.91743,-0.00069,-1.42871,1.49907,-0.00011,
380,-38.72417,16.87248,10.38147,0.00402,0.39788,0.91743,-0.00071,-1.43254,1.50419,-0.00094,
381,-38.79886,16.95352,10.37982,0.00402,0.39789,0.91742,-0.00072,-1.43430,1.50692,-0.00154,
381,-38.87275,17.03488,10.37811,0.00402,0.39789,0.91742,-0.00074,-1.43559,1.50996,-0.00229,
381,-38.94400,17.11298,10.37645,0.00401,0.39789,0.91743,-0.00076,-1.43640,1.51226,-0.00296,
381,-39.01735,17.19545,10.37458,0.00401,0.39789,0.91743,-0.00077,-1.43752,1.51528,-0.00356,
381,-39.08841,17.27124,10.37242,0.00401,0.39789,0.91742,-0.00077,-1.43861,1.51699,-0.00423,
381,-39.16251,17.35244,10.37139,0.00401,0.39789,0.91742,-0.00077,-1.44003,1.51933,-0.00456,
381,-39.23879,17.43650,10.37021,0.00401,0.39790,0.91742,-0.00077,-1.44196,1.52228,-0.00488,
381,-39.30786,17.50624,10.36917,0.00401,0.39790,0.91742,-0.00077,-1.44319,1.52293,-0.00508,
381,-39.37613,17.57470,10.36943,0.00402,0.39791,0.91742,-0.00076,-1.44447,1.52340,-0.00480,
381,-39.44946,17.65085,10.37007,0.00403,0.39792,0.91741,-0.00076,-1.44651,1.52498,-0.00460,
381,-39.52345,17.73139,10.37044,0.00403,0.39792,0.91741,-0.00076,-1.44797,1.52754,-0.00454,
381,-39.50483,17.71337,10.37357,0.00400,0.39799,0.91738,-0.00079,-1.43074,1.51349,-0.00494,
381,-39.57653,17.77796,10.37377,0.00402,0.39800,0.91737,-0.00075,-1.43389,1.51219,-0.00488,
381,-39.64948,17.85628,10.37548,0.00402,0.39801,0.91737,-0.00075,-1.43559,1.51434,-0.00446,
381,-39.72210,17.93382,10.37555,0.00402,0.39801,0.91737,-0.00075,-1.43701,1.51590,-0.00453,
381,-39.79298,18.00745,10.37585,0.00402,0.39802,0.91737,-0.00075,-1.43829,1.51688,-0.00447,
381,-39.86509,18.07981,10.37759,0.00402,0.39803,0.91736,-0.00074,-1.44040,1.51752,-0.00393,
381,-39.94041,18.15933,10.37914,0.00403,0.39803,0.91736,-0.00074,-1.44272,1.51954,-0.00349,
381,-40.00922,18.22635,10.37738,0.00404,0.39804,0.91736,-0.00071,-1.44423,1.51871,-0.00385,
382,-40.07553,18.28869,10.37534,0.00405,0.39804,0.91736,-0.00068,-1.44557,1.51702,-0.00434,
382,-40.14730,18.36363,10.37647,0.00406,0.39804,0.91736,-0.00068,-1.44722,1.51822,-0.00408,
382,-40.22067,18.43791,10.37560,0.00406,0.39804,0.91736,-0.00066,-1.44941,1.51880,-0.00431,
382,-40.29200,18.50518,10.37163,0.00408,0.39805,0.91736,-0.00064,-1.45176,1.51789,-0.00535,
382,-40.36146,18.57116,10.36886,0.00409,0.39805,0.91736,-0.00063,-1.45364,1.51718,-0.00607,
382,-40.43199,18.63991,10.36751,0.00410,0.39805,0.91736,-0.00061,-1.45559,1.51682,-0.00634,
382,-40.50986,18.72240,10.36725,0.00412,0.39805,0.91735,-0.00061,-1.45821,1.51937,-0.00638,
382,-40.60884,18.83218,10.37189,0.00418,0.39805,0.91735,-0.00054,-1.46591,1.52369,-0.00642,
382,-40.67861,18.90321,10.37190,0.00418,0.39806,0.91735,-0.00055,-1.46695,1.52438,-0.00625,
382,-40.75093,18.97834,10.36963,0.00417,0.39806,0.91735,-0.00056,-1.46827,1.52546,-0.00686,
382,-40.82444,19.05323,10.37210,0.00418,0.39806,0.91735,-0.00056,-1.47033,1.52680,-0.00601,
382,-40.89845,19.12719,10.37256,0.00419,0.39806,0.91735,-0.00055,-1.47287,1.52758,-0.00574,
382,-40.97312,19.20495,10.37307,0.00420,0.39807,0.91735,-0.00055,-1.47486,1.52922,-0.00548,
382,-41.04804,19.28546,10.37481,0.00419,0.39807,0.91735,-0.00055,-1.47640,1.53140,-0.00472,
382,-41.12143,19.36205,10.37356,0.00419,0.39807,0.91735,-0.00053,-1.47780,1.53227,-0.00483,
382,-41.19853,19.44590,10.37138,0.00419,0.39807,0.91735,-0.00053,-1.47958,1.53464,-0.00550,
382,-41.27916,19.53893,10.37057,0.00419,0.39807,0.91735,-0.00054,-1.48141,1.53913,-0.00590,
382,-41.35778,19.62544,10.37409,0.00417,0.39807,0.91735,-0.00056,-1.48299,1.54220,-0.00475,
382,-41.42981,19.69614,10.37352,0.00417,0.39808,0.91734,-0.00055,-1.48468,1.54251,-0.00480,
382,-41.49817,19.76246,10.36915,0.00417,0.39809,0.91734,-0.00053,-1.48571,1.54166,-0.00587,
382,-41.57541,19.85151,10.36602,0.00415,0.39809,0.91734,-0.00056,-1.48650,1.54564,-0.00671,
383,-41.65319,19.93950,10.36339,0.00414,0.39810,0.91733,-0.00059,-1.48769,1.54955,-0.00749,
383,-41.72980,20.02356,10.36288,0.00413,0.39810,0.91733,-0.00061,-1.48920,1.55242,-0.00756,
383,-41.80714,20.10944,10.36232,0.00412,0.39810,0.91733,-0.00062,-1.49086,1.55563,-0.00764,
383,-41.87980,20.18654,10.36203,0.00412,0.39810,0.91733,-0.00063,-1.49185,1.55736,-0.00766,
383,-41.95499,20.26687,10.36153,0.00412,0.39811,0.91733,-0.00064,-1.49323,1.55945,-0.00775,
383,-42.03143,20.34891,10.36146,0.00412,0.39812,0.91732,-0.00065,-1.49481,1.56160,-0.00772,
383,-42.08540,20.42332,10.34253,0.00412,0.39816,0.91731,-0.00071,-1.49166,1.56528,-0.01321,
383,-42.15650,20.49591,10.34284,0.00414,0.39816,0.91731,-0.00071,-1.49335,1.56618,-0.01310,
383,-42.23126,20.57314,10.34086,0.00414,0.39817,0.91730,-0.00070,-1.49511,1.56718,-0.01357,
383,-42.30543,20.64754,10.33900,0.00414,0.39818,0.91730,-0.00069,-1.49706,1.56781,-0.01401,
383,-42.37719,20.71845,10.33690,0.00415,0.39818,0.91730,-0.00068,-1.49866,1.56768,-0.01444,
383,-42.44976,20.78948,10.33539,0.00415,0.39819,0.91729,-0.00066,-1.50040,1.56715,-0.01461,
383,-42.52391,20.86356,10.33435,0.00415,0.39820,0.91729,-0.00064,-1.50227,1.56732,-0.01470,
383,-42.59971,20.94255,10.33187,0.00415,0.39820,0.91729,-0.00064,-1.50385,1.56863,-0.01525,
383,-42.67636,21.02255,10.32926,0.00415,0.39821,0.91729,-0.00064,-1.50558,1.57013,-0.01584,
383,-42.75195,21.09866,10.32770,0.00416,0.39821,0.91728,-0.00062,-1.50772,1.57077,-0.01614,
383,-42.82909,21.17479,10.32869,0.00417,0.39821,0.91728,-0.00062,-1.51034,1.57155,-0.01581,
383,-42.90806,21.25230,10.32789,0.00418,0.39822,0.91728,-0.00061,-1.51326,1.57255,-0.01589,
383,-42.98121,21.31943,10.32342,0.00419,0.39823,0.91728,-0.00059,-1.51547,1.57135,-0.01686,
384,-43.05020,21.38448,10.32103,0.00419,0.39823,0.91728,-0.00057,-1.51645,1.56967,-0.01730,
384,-43.12541,21.46216,10.32158,0.00420,0.39823,0.91728,-0.00056,-1.51821,1.57078,-0.01701,
384,-43.20392,21.54233,10.32171,0.00421,0.39824,0.91727,-0.00055,-1.52065,1.57231,-0.01682,
384,-43.28253,21.62587,10.31890,0.00420,0.39824,0.91727,-0.00055,-1.52244,1.57428,-0.01745,
384,-43.36018,21.70693,10.31687,0.00420,0.39825,0.91727,-0.00055,-1.52416,1.57584,-0.01785,
384,-43.35824,21.65122,10.28451,0.00422,0.39832,0.91724,-0.00045,-1.51675,1.55153,-0.02542,
384,-43.42658,21.72461,10.29018,0.00425,0.39833,0.91723,-0.00046,-1.51793,1.55336,-0.02367,
384,-43.50444,21.80530,10.29168,0.00425,0.39833,0.91723,-0.00045,-1.52034,1.55505,-0.02295,
384,-43.58506,21.88936,10.29424,0.00426,0.39833,0.91723,-0.00044,-1.52309,1.55746,-0.02201,
384,-43.66486,21.97319,10.29547,0.00427,0.39834,0.91723,-0.00044,-1.52552,1.55986,-0.02147,
384,-43.74484,22.05823,10.29605,0.00427,0.39835,0.91723,-0.00045,-1.52783,1.56258,-0.02106,
384,-43.82662,22.14709,10.29850,0.00427,0.39835,0.91722,-0.00045,-1.53037,1.56610,-0.02013,
384,-43.90664,22.23190,10.29948,0.00427,0.39835,0.91722,-0.00045,-1.53252,1.56857,-0.01970,
384,-43.98547,22.31328,10.30000,0.00427,0.39836,0.91722,-0.00045,-1.53464,1.57035,-0.01939,
384,-44.06781,22.40303,10.30191,0.00426,0.39836,0.91722,-0.00046,-1.53700,1.57390,-0.01870,
384,-44.14679,22.48656,10.30318,0.00425,0.39837,0.91722,-0.00046,-1.53884,1.57595,-0.01819,
384,-44.22173,22.57414,10.29878,0.00423,0.39836,0.91722,-0.00050,-1.53848,1.57960,-0.01937,
384,-44.30006,22.66367,10.29369,0.00421,0.39837,0.91722,-0.00054,-1.53893,1.58340,-0.02070,
384,-44.37876,22.74169,10.29114,0.00421,0.39838,0.91721,-0.00053,-1.54087,1.58406,-0.02108,
384,-44.45716,22.82421,10.28943,0.00420,0.39839,0.91720,-0.00053,-1.54236,1.58578,-0.02117,
384,-44.53987,22.91370,10.28862,0.00420,0.39840,0.91720,-0.00053,-1.54468,1.58891,-0.02106,
385,-44.61913,22.99330,10.28651,0.00420,0.39841,0.91720,-0.00053,-1.54676,1.59002,-0.02135,
385,-44.69296,23.06366,10.28261,0.00420,0.39841,0.91720,-0.00052,-1.54799,1.58929,-0.02212,
385,-44.77130,23.13978,10.28135,0.00421,0.39841,0.91720,-0.00051,-1.55055,1.58977,-0.02216,
385,-44.85745,23.22388,10.26436,0.00402,0.39839,0.91721,-0.00053,-1.54823,1.58879,-0.02478,
385,-44.93103,23.30820,10.26431,0.00401,0.39837,0.91721,-0.00054,-1.54866,1.59204,-0.02475,
385,-45.01297,23.39907,10.26006,0.00401,0.39837,0.91721,-0.00055,-1.55043,1.59548,-0.02574,
385,-45.09140,23.47953,10.25803,0.00401,0.39838,0.91721,-0.00054,-1.55216,1.59675,-0.02594,
385,-45.16774,23.55522,10.25740,0.00402,0.39839,0.91721,-0.00053,-1.55381,1.59709,-0.02584,
385,-45.24594,23.63511,10.25585,0.00403,0.39839,0.91721,-0.00054,-1.55557,1.59850,-0.02605,
385,-45.32374,23.71574,10.25287,0.00402,0.39839,0.91721,-0.00055,-1.55677,1.59997,-0.02659,
385,-45.40372,23.80010,10.25324,0.00402,0.39840,0.91720,-0.00057,-1.55857,1.60257,-0.02622,
385,-45.48530,23.88895,10.25497,0.00402,0.39839,0.91721,-0.00059,-1.56063,1.60645,-0.02553,
385,-45.56563,23.97775,10.25931,0.00402,0.39839,0.91721,-0.00061,-1.56229,1.61012,-0.02403,
385,-45.64383,24.05933,10.26483,0.00402,0.39839,0.91721,-0.00061,-1.56403,1.61215,-0.02222,
385,-45.72379,24.14124,10.26561,0.00403,0.39840,0.91720,-0.00060,-1.56617,1.61361,-0.02175,
385,-45.80325,24.22059,10.26363,0.00402,0.39840,0.91720,-0.00058,-1.56804,1.61396,-0.02206,
385,-45.88285,24.29868,10.25800,0.00402,0.39842,0.91720,-0.00056,-1.56982,1.61390,-0.02339,
385,-45.96434,24.38408,10.25703,0.00402,0.39842,0.91719,-0.00057,-1.57168,1.61623,-0.02344,
385,-46.04429,24.47294,10.25619,0.00400,0.39842,0.91719,-0.00060,-1.57263,1.61980,-0.02349,
386,-46.12463,24.56029,10.25513,0.00399,0.39842,0.91719,-0.00062,-1.57407,1.62274,-0.02348,
386,-46.22298,24.63419,10.25774,0.00389,0.39854,0.91714,-0.00063,-1.57484,1.62082,-0.02173,
386,-46.28885,24.70919,10.26194,0.00391,0.39854,0.91714,-0.00063,-1.57477,1.62211,-0.02057,
386,-46.36488,24.78969,10.26282,0.00391,0.39854,0.91714,-0.00064,-1.57564,1.62390,-0.02034,
386,-46.44651,24.88066,10.26429,0.00392,0.39853,0.91715,-0.00066,-1.57736,1.62760,-0.01996,
386,-46.52845,24.96696,10.26450,0.00393,0.39853,0.91715,-0.00067,-1.57961,1.63010,-0.01969,
386,-46.60761,25.04537,10.26248,0.00394,0.39853,0.91715,-0.00066,-1.58138,1.63076,-0.01998,
386,-46.68527,25.12233,10.26098,0.00394,0.39853,0.91714,-0.00067,-1.58271,1.63128,-0.02017,
386,-46.76479,25.20104,10.25903,0.00394,0.39854,0.91714,-0.00065,-1.58451,1.63170,-0.02040,
386,-46.84428,25.27913,10.25928,0.00394,0.39854,0.91714,-0.00063,-1.58650,1.63195,-0.02003,
386,-46.92233,25.35626,10.26009,0.00395,0.39855,0.91714,-0.00062,-1.58811,1.63213,-0.01955,
386,-47.00402,25.44163,10.26022,0.00395,0.39855,0.91714,-0.00062,-1.58990,1.63386,-0.01926,
386,-47.08809,25.52518,10.26272,0.00396,0.39856,0.91713,-0.00061,-1.59273,1.63535,-0.01838,
386,-47.17068,25.60249,10.26221,0.00398,0.39857,0.91713,-0.00060,-1.59574,1.63595,-0.01823,
386,-47.25565,25.68555,10.26095,0.00400,0.39858,0.91713,-0.00059,-1.59899,1.63757,-0.01821,
386,-47.34059,25.76970,10.26112,0.00401,0.39858,0.91712,-0.00057,-1.60201,1.63875,-0.01781,
386,-47.42408,25.85156,10.25694,0.00401,0.39859,0.91712,-0.00056,-1.60437,1.63947,-0.01858,
386,-47.50801,25.93332,10.25365,0.00402,0.39859,0.91712,-0.00056,-1.60695,1.64033,-0.01914,
386,-47.59181,26.01237,10.24926,0.00403,0.39860,0.91712,-0.00054,-1.60975,1.64041,-0.01996,
386,-47.64157,26.03002,10.23551,0.00389,0.39862,0.91711,-0.00045,-1.60030,1.62232,-0.02200,
386,-47.71183,26.10147,10.22914,0.00387,0.39861,0.91711,-0.00045,-1.60038,1.62211,-0.02331,
387,-47.79389,26.19000,10.22450,0.00387,0.39861,0.91711,-0.00046,-1.60171,1.62484,-0.02434,
387,-47.87425,26.27378,10.22126,0.00386,0.39861,0.91711,-0.00046,-1.60290,1.62643,-0.02497,
387,-47.95578,26.35902,10.21920,0.00386,0.39861,0.91711,-0.00045,-1.60440,1.62816,-0.02528,
387,-48.03297,26.43463,10.21789,0.00386,0.39862,0.91711,-0.00045,-1.60532,1.62826,-0.02541,
387,-48.11723,26.52481,10.21567,0.00386,0.39862,0.91711,-0.00046,-1.60704,1.63137,-0.02576,
387,-48.20420,26.62261,10.21281,0.00386,0.39862,0.91711,-0.00049,-1.60882,1.63630,-0.02632,
387,-48.28836,26.71614,10.21177,0.00386,0.39862,0.91711,-0.00053,-1.61021,1.64054,-0.02640,
387,-48.37344,26.81049,10.21075,0.00385,0.39862,0.91711,-0.00055,-1.61187,1.64462,-0.02641,
387,-48.45616,26.89993,10.21065,0.00385,0.39861,0.91711,-0.00056,-1.61309,1.64738,-0.02620,
387,-48.53984,26.99295,10.21246,0.00384,0.39861,0.91711,-0.00057,-1.61451,1.65116,-0.02545,
387,-48.62042,27.07937,10.21224,0.00384,0.39860,0.91711,-0.00058,-1.61546,1.65354,-0.02525,
387,-48.70080,27.16495,10.21116,0.00384,0.39860,0.91712,-0.00059,-1.61651,1.65587,-0.02533,
387,-48.78449,27.25974,10.21250,0.00384,0.39859,0.91712,-0.00061,-1.61772,1.65974,-0.02477,
387,-48.87583,27.37368,10.21031,0.00383,0.39858,0.91713,-0.00063,-1.61928,1.66659,-0.02500,
387,-48.96497,27.47926,10.20599,0.00383,0.39857,0.91713,-0.00064,-1.62079,1.67177,-0.02576,
387,-49.04848,27.56084,10.20309,0.00384,0.39857,0.91713,-0.00063,-1.62296,1.67225,-0.02618,
387,-49.13076,27.63753,10.20391,0.00386,0.39858,0.91712,-0.00061,-1.62544,1.67191,-0.02562,
387,-49.23362,27.77605,10.20809,0.00373,0.39850,0.91716,-0.00066,-1.62243,1.67946,-0.02458,
387,-49.30975,27.85875,10.20967,0.00374,0.39849,0.91716,-0.00066,-1.62358,1.68118,-0.02400,
388,-49.39113,27.93986,10.20818,0.00375,0.39849,0.91716,-0.00065,-1.62521,1.68157,-0.02416,
388,-49.47254,28.01783,10.20676,0.00375,0.39850,0.91716,-0.00064,-1.62707,1.68127,-0.02428,
388,-49.55640,28.10074,10.20519,0.00376,0.39850,0.91716,-0.00063,-1.62921,1.68190,-0.02436,
388,-49.64030,28.18401,10.20193,0.00376,0.39850,0.91716,-0.00062,-1.63119,1.68252,-0.02486,
388,-49.72336,28.26382,10.20011,0.00377,0.39850,0.91716,-0.00061,-1.63341,1.68270,-0.02499,
388,-49.80839,28.34883,10.19955,0.00379,0.39851,0.91716,-0.00060,-1.63576,1.68389,-0.02486,
388,-49.88954,28.42751,10.19727,0.00379,0.39852,0.91715,-0.00059,-1.63720,1.68352,-0.02518,
388,-49.97271,28.50846,10.19293,0.00379,0.39852,0.91715,-0.00058,-1.63888,1.68368,-0.02595,
388,-50.06077,28.60109,10.18915,0.00378,0.39853,0.91715,-0.00058,-1.64088,1.68601,-0.02655,
388,-50.14368,28.68026,10.18747,0.00379,0.39853,0.91715,-0.00055,-1.64279,1.68547,-0.02657,
388,-50.22428,28.75387,10.18721,0.00380,0.39853,0.91715,-0.00052,-1.64484,1.68402,-0.02632,
388,-50.30734,28.83227,10.18586,0.00381,0.39853,0.91715,-0.00050,-1.64712,1.68364,-0.02644,
388,-50.39463,28.91716,10.18617,0.00382,0.39854,0.91714,-0.00048,-1.64997,1.68444,-0.02609,
388,-50.48900,29.01710,10.19034,0.00383,0.39854,0.91714,-0.00047,-1.65400,1.68804,-0.02480,
388,-50.58454,29.11983,10.19257,0.00385,0.39853,0.91715,-0.00046,-1.65810,1.69219,-0.02407,
388,-50.67473,29.21696,10.19400,0.00386,0.39853,0.91715,-0.00046,-1.66077,1.69554,-0.02356,
388,-50.68857,29.18880,10.19529,0.00385,0.39851,0.91715,-0.00041,-1.65011,1.67632,-0.02283,
388,-50.75597,29.25430,10.19844,0.00387,0.39851,0.91715,-0.00041,-1.65040,1.67583,-0.02185,
388,-50.83392,29.33482,10.19913,0.00386,0.39852,0.91715,-0.00041,-1.65096,1.67650,-0.02139,
388,-50.91453,29.42054,10.19993,0.00386,0.39852,0.91715,-0.00041,-1.65177,1.67813,-0.02090,
388,-50.99882,29.51405,10.20007,0.00387,0.39852,0.91715,-0.00041,-1.65306,1.68125,-0.02060,
389,-51.08659,29.61018,10.20101,0.00387,0.39852,0.91715,-0.00042,-1.65502,1.68465,-0.02018,
389,-51.17167,29.70172,10.20263,0.00387,0.39852,0.91715,-0.00042,-1.65642,1.68708,-0.01950,
389,-51.25875,29.80062,10.20110,0.00387,0.39852,0.91715,-0.00042,-1.65763,1.69061,-0.01972,
389,-51.34826,29.90487,10.20098,0.00386,0.39852,0.91715,-0.00044,-1.65905,1.69529,-0.01954,
389,-51.42985,29.99089,10.20187,0.00385,0.39852,0.91715,-0.00044,-1.65973,1.69670,-0.01896,
389,-51.51296,30.08309,10.20271,0.00384,0.39852,0.91715,-0.00045,-1.66042,1.69949,-0.01845,
389,-51.59621,30.18086,10.20235,0.00383,0.39852,0.91715,-0.00047,-1.66051,1.70333,-0.01833,
389,-51.67968,30.26765,10.20509,0.00383,0.39853,0.91715,-0.00047,-1.66192,1.70489,-0.01757,
389,-51.77190,30.37395,10.20500,0.00383,0.39853,0.91715,-0.00049,-1.66407,1.71035,-0.01741,
389,-51.86051,30.48076,10.20305,0.00381,0.39855,0.91714,-0.00053,-1.66431,1.71580,-0.01760,
389,-51.94555,30.57660,10.20097,0.00379,0.39856,0.91713,-0.00056,-1.66457,1.71919,-0.01791,
389,-52.03670,30.67579,10.20003,0.00378,0.39858,0.91713,-0.00058,-1.66683,1.72295,-0.01798,
389,-52.12877,30.77711,10.20243,0.00378,0.39859,0.91712,-0.00059,-1.66933,1.72716,-0.01728,
389,-52.21516,30.87440,10.20156,0.00376,0.39860,0.91712,-0.00061,-1.67010,1.73061,-0.01729,
389,-52.37724,31.08048,10.19863,0.00374,0.39849,0.91716,-0.00054,-1.68091,1.74460,-0.01780,
389,-52.47315,31.17377,10.19636,0.00374,0.39850,0.91716,-0.00051,-1.68525,1.74575,-0.01809,
389,-52.55784,31.25933,10.19516,0.00375,0.39851,0.91715,-0.00050,-1.68701,1.74643,-0.01838,
389,-52.64025,31.34243,10.19491,0.00375,0.39852,0.91715,-0.00050,-1.68816,1.74698,-0.01838,
389,-52.72235,31.43206,10.19283,0.00374,0.39852,0.91715,-0.00052,-1.68847,1.74909,-0.01897,
390,-52.80934,31.52817,10.18884,0.00376,0.39851,0.91716,-0.00052,-1.69001,1.75235,-0.01997,
390,-52.90002,31.62947,10.18863,0.00378,0.39846,0.91718,-0.00050,-1.69213,1.75686,-0.01992,
390,-52.98583,31.72124,10.18919,0.00381,0.39834,0.91723,-0.00046,-1.69339,1.75962,-0.01965,
390,-53.07310,31.80579,10.18909,0.00385,0.39813,0.91732,-0.00038,-1.69606,1.76043,-0.01942,
390,-53.16274,31.90299,10.18916,0.00389,0.39782,0.91746,-0.00032,-1.69846,1.76358,-0.01920,
390,-53.24953,32.00310,10.19049,0.00393,0.39740,0.91764,-0.00025,-1.69987,1.76750,-0.01875,
390,-53.33563,32.08908,10.19219,0.00397,0.39688,0.91786,-0.00017,-1.70243,1.76852,-0.01816,
390,-53.42396,32.17855,10.19209,0.00401,0.39628,0.91812,-0.00008,-1.70491,1.76977,-0.01793,
390,-53.51882,32.28392,10.19177,0.00406,0.39560,0.91841,-0.00001,-1.70809,1.77383,-0.01787,
390,-53.61709,32.38567,10.19539,0.00411,0.39485,0.91874,0.00007,-1.71277,1.77714,-0.01684,
390,-53.74941,32.58822,10.21479,0.00417,0.39404,0.91908,-0.00000,-1.72011,1.80238,-0.01351,
390,-53.83485,32.67806,10.21850,0.00419,0.39321,0.91944,0.00007,-1.72158,1.80368,-0.01194,
390,-53.91610,32.76841,10.22069,0.00421,0.39236,0.91980,0.00013,-1.72236,1.80514,-0.01093,
390,-54.00577,32.85604,10.22096,0.00424,0.39152,0.92016,0.00020,-1.72547,1.80523,-0.01048,
390,-54.09205,32.93739,10.22103,0.00427,0.39068,0.92051,0.00025,-1.72808,1.80433,-0.01017,
390,-54.17342,33.01303,10.22069,0.00429,0.38987,0.92086,0.00032,-1.72976,1.80214,-0.00996,
390,-54.25808,33.09182,10.21839,0.00431,0.38908,0.92119,0.00039,-1.73219,1.79989,-0.01033,
390,-54.33984,33.17185,10.24426,0.00443,0.38830,0.92152,0.00047,-1.73973,1.79979,-0.00461,
390,-54.42105,33.24759,10.24418,0.00446,0.38759,0.92182,0.00055,-1.74214,1.79726,-0.00442,
390,-54.50770,33.33657,10.24453,0.00449,0.38689,0.92211,0.00063,-1.74496,1.79743,-0.00419,
390,-54.59720,33.42882,10.24517,0.00454,0.38618,0.92241,0.00072,-1.74831,1.79839,-0.00391,
391,-54.69128,33.52816,10.24452,0.00459,0.38543,0.92273,0.00080,-1.75226,1.80056,-0.00411,
391,-54.78147,33.61815,10.24326,0.00462,0.38463,0.92306,0.00089,-1.75554,1.80075,-0.00435,
391,-54.86696,33.70106,10.24182,0.00465,0.38378,0.92341,0.00099,-1.75773,1.79930,-0.00465,
391,-54.95459,33.78637,10.24290,0.00470,0.38287,0.92379,0.00109,-1.76078,1.79863,-0.00439,
391,-54.96892,33.78844,10.25709,0.00475,0.38184,0.92421,0.00118,-1.75341,1.78461,-0.00023,
391,-55.03082,33.84974,10.25743,0.00479,0.38077,0.92466,0.00123,-1.75193,1.78067,-0.00033,
391,-55.11657,33.93214,10.25501,0.00482,0.37964,0.92512,0.00131,-1.75489,1.77958,-0.00111,
391,-55.20879,34.02143,10.25145,0.00486,0.37845,0.92561,0.00141,-1.75922,1.77934,-0.00217,
391,-55.30657,34.12790,10.24752,0.00490,0.37717,0.92613,0.00150,-1.76378,1.78286,-0.00339,
391,-55.40391,34.23781,10.24338,0.00495,0.37582,0.92668,0.00158,-1.76775,1.78713,-0.00472,
391,-55.42406,34.21222,10.24593,0.00503,0.37441,0.92725,0.00172,-1.76242,1.76429,-0.00496,
391,-55.50163,34.29726,10.24534,0.00507,0.37291,0.92785,0.00182,-1.76349,1.76354,-0.00511,
391,-55.59805,34.40234,10.24524,0.00512,0.37136,0.92847,0.00190,-1.76822,1.76706,-0.00516,
391,-55.69671,34.51287,10.24358,0.00516,0.36978,0.92910,0.00196,-1.77307,1.77200,-0.00577,
391,-55.78939,34.61161,10.24155,0.00521,0.36816,0.92975,0.00203,-1.77706,1.77391,-0.00658,
391,-55.95985,34.80277,10.23893,0.00525,0.36648,0.93041,0.00212,-1.79945,1.79500,-0.00762,
391,-56.04236,34.87855,10.23952,0.00530,0.36479,0.93107,0.00228,-1.80188,1.79031,-0.00711,
391,-56.12498,34.94927,10.24239,0.00536,0.36303,0.93176,0.00244,-1.80507,1.78461,-0.00585,
391,-56.21141,35.02678,10.24424,0.00541,0.36119,0.93247,0.00258,-1.80887,1.78052,-0.00510,
392,-56.30262,35.11674,10.24536,0.00547,0.35930,0.93320,0.00270,-1.81311,1.77987,-0.00462,
392,-56.37764,35.15908,10.24342,0.00552,0.35737,0.93394,0.00288,-1.81641,1.76570,-0.00508,
392,-56.45473,35.22487,10.24360,0.00557,0.35536,0.93471,0.00301,-1.81778,1.75824,-0.00482,
392,-56.54768,35.31971,10.24435,0.00562,0.35332,0.93548,0.00312,-1.82236,1.75904,-0.00452,
392,-56.64371,35.42021,10.24648,0.00568,0.35126,0.93626,0.00320,-1.82773,1.76150,-0.00380,
392,-56.81884,35.62648,10.25001,0.00579,0.34915,0.93705,0.00314,-1.85719,1.79820,-0.00282,
392,-56.90859,35.70918,10.24749,0.00582,0.34706,0.93782,0.00324,-1.86082,1.79417,-0.00368,
392,-57.00442,35.80267,10.24695,0.00585,0.34498,0.93859,0.00331,-1.86629,1.79382,-0.00379,
392,-57.10018,35.89327,10.24661,0.00588,0.34291,0.93934,0.00338,-1.87187,1.79233,-0.00381,
392,-57.17812,35.94836,10.23476,0.00585,0.34094,0.94006,0.00338,-1.86969,1.77841,-0.00879,
392,-57.26109,36.01697,10.23334,0.00587,0.33894,0.94078,0.00347,-1.87092,1.76845,-0.00924,
392,-57.35246,36.10087,10.23346,0.00588,0.33698,0.94149,0.00352,-1.87493,1.76496,-0.00902,
392,-57.44517,36.18607,10.23337,0.00589,0.33507,0.94217,0.00356,-1.87943,1.76197,-0.00890,
392,-57.50068,36.18434,10.22186,0.00593,0.33313,0.94285,0.00373,-1.86830,1.71632,-0.01483,
392,-57.58734,36.26098,10.22144,0.00595,0.33131,0.94349,0.00379,-1.87069,1.71000,-0.01471,
392,-57.68015,36.34432,10.22105,0.00595,0.32953,0.94412,0.00382,-1.87534,1.70678,-0.01459,
392,-57.77364,36.42790,10.22123,0.00595,0.32779,0.94472,0.00384,-1.88020,1.70381,-0.01415,
392,-57.87084,36.47472,10.20723,0.00590,0.32602,0.94534,0.00398,-1.88708,1.67983,-0.02102,
392,-57.96038,36.55614,10.20610,0.00589,0.32438,0.94590,0.00396,-1.88948,1.67681,-0.02120,
392,-58.05657,36.64229,10.20537,0.00588,0.32276,0.94646,0.00395,-1.89518,1.67578,-0.02107,
392,-58.15152,36.72480,10.20482,0.00588,0.32116,0.94700,0.00395,-1.90023,1.67290,-0.02083,
393,-58.22808,36.74620,10.19331,0.00579,0.31951,0.94756,0.00407,-1.89521,1.63428,-0.02682,
393,-58.31692,36.82228,10.19287,0.00578,0.31797,0.94807,0.00404,-1.89700,1.62921,-0.02632,
393,-58.40703,36.89457,10.19169,0.00576,0.31646,0.94858,0.00403,-1.89948,1.62190,-0.02629,
393,-58.49958,36.97015,10.19028,0.00574,0.31497,0.94907,0.00401,-1.90313,1.61655,-0.02640,
393,-58.59690,37.05456,10.18881,0.00573,0.31352,0.94955,0.00398,-1.90881,1.61599,-0.02656,
393,-58.69433,37.10414,10.17934,0.00568,0.31202,0.95005,0.00405,-1.91535,1.59411,-0.03121,
393,-58.78444,37.17860,10.17747,0.00566,0.31062,0.95051,0.00401,-1.91694,1.58911,-0.03149,
393,-58.87605,37.25039,10.17536,0.00564,0.30925,0.95096,0.00398,-1.91932,1.58250,-0.03188,
393,-58.97149,37.32815,10.17310,0.00561,0.30790,0.95139,0.00393,-1.92358,1.57940,-0.03233,
393,-59.07088,37.41268,10.17043,0.00559,0.30658,0.95182,0.00388,-1.92954,1.57995,-0.03302,
393,-59.16883,37.49408,10.16695,0.00557,0.30529,0.95224,0.00383,-1.93458,1.57878,-0.03417,
393,-59.25232,37.52547,10.16106,0.00551,0.30392,0.95267,0.00393,-1.93264,1.54834,-0.03706,
393,-59.34207,37.59625,10.16336,0.00550,0.30267,0.95307,0.00387,-1.93377,1.54284,-0.03458,
393,-59.44486,37.68469,10.16384,0.00549,0.30145,0.95346,0.00380,-1.94123,1.54680,-0.03330,
393,-59.54870,37.77396,10.16272,0.00548,0.30026,0.95383,0.00372,-1.94880,1.55098,-0.03299,
393,-59.65050,37.85856,10.15978,0.00545,0.29910,0.95420,0.00365,-1.95505,1.55244,-0.03375,
393,-59.74908,37.93693,10.15711,0.00542,0.29795,0.95456,0.00359,-1.95958,1.55069,-0.03431,
393,-59.84840,38.01646,10.15670,0.00539,0.29682,0.95491,0.00353,-1.96438,1.54966,-0.03360,
393,-59.96780,38.09667,10.15694,0.00539,0.29563,0.95528,0.00354,-1.98016,1.54777,-0.03247,
394,-60.06292,38.17087,10.15435,0.00536,0.29456,0.95561,0.00348,-1.98236,1.54435,-0.03305,
394,-60.16092,38.24595,10.15222,0.00534,0.29351,0.95593,0.00341,-1.98594,1.54134,-0.03336,
394,-60.25416,38.31175,10.15080,0.00530,0.29249,0.95625,0.00336,-1.98721,1.53376,-0.03325,
394,-60.34844,38.37851,10.15057,0.00526,0.29151,0.95655,0.00329,-1.98905,1.52701,-0.03249,
394,-60.44666,38.45163,10.14955,0.00523,0.29060,0.95683,0.00320,-1.99265,1.52368,-0.03221,
394,-60.54953,38.53292,10.14736,0.00520,0.28976,0.95708,0.00308,-1.99796,1.52437,-0.03258,
394,-60.65860,38.62462,10.14482,0.00517,0.28900,0.95731,0.00296,-2.00563,1.52982,-0.03311,
394,-60.75462,38.67514,10.14544,0.00514,0.28828,0.95753,0.00292,-2.00793,1.51521,-0.03185,
394,-60.84543,38.73728,10.14293,0.00508,0.28768,0.95771,0.00281,-2.00720,1.50717,-0.03242,
394,-60.94547,38.81205,10.14023,0.00504,0.28717,0.95786,0.00270,-2.01065,1.50536,-0.03309,
394,-61.04456,38.88463,10.13783,0.00499,0.28674,0.95799,0.00258,-2.01352,1.50279,-0.03353,
394,-61.14412,38.95771,10.13716,0.00494,0.28637,0.95810,0.00247,-2.01651,1.50066,-0.03301,
394,-61.24355,39.03037,10.13578,0.00489,0.28607,0.95819,0.00236,-2.01918,1.49843,-0.03290,
394,-61.34407,39.10441,10.13348,0.00484,0.28583,0.95827,0.00225,-2.02209,1.49683,-0.03328,
394,-61.44381,39.17617,10.13036,0.00479,0.28563,0.95833,0.00214,-2.02463,1.49430,-0.03409,
394,-61.53767,39.23717,10.12696,0.00474,0.28546,0.95838,0.00206,-2.02489,1.48732,-0.03502,
394,-61.63315,39.30073,10.12414,0.00469,0.28530,0.95842,0.00198,-2.02579,1.48170,-0.03566,
394,-61.73400,39.37290,10.12117,0.00465,0.28515,0.95847,0.00189,-2.02851,1.47990,-0.03628,
394,-61.83670,39.44776,10.11971,0.00461,0.28501,0.95851,0.00179,-2.03183,1.47943,-0.03611,
394,-61.94029,39.52389,10.11980,0.00459,0.28485,0.95856,0.00171,-2.03566,1.47965,-0.03521,
394,-62.04189,39.59628,10.11966,0.00456,0.28469,0.95861,0.00162,-2.03860,1.47853,-0.03447,
395,-62.14303,39.66801,10.11868,0.00452,0.28452,0.95866,0.00153,-2.04115,1.47720,-0.03415,
395,-62.24662,39.74369,10.11801,0.00449,0.28434,0.95871,0.00145,-2.04446,1.47743,-0.03373,
395,-62.34857,39.81604,10.11600,0.00447,0.28416,0.95876,0.00138,-2.04712,1.47634,-0.03392,
395,-62.45161,39.88980,10.11438,0.00444,0.28398,0.95882,0.00131,-2.05006,1.47588,-0.03392,
395,-62.55950,39.97161,10.11272,0.00442,0.28380,0.95887,0.00124,-2.05447,1.47832,-0.03396,
395,-62.66519,40.04947,10.11012,0.00440,0.28361,0.95893,0.00118,-2.05803,1.47921,-0.03442,
395,-62.76979,40.12546,10.10827,0.00438,0.28342,0.95898,0.00112,-2.06117,1.47968,-0.03455,
395,-62.87378,40.19953,10.10567,0.00437,0.28324,0.95904,0.00106,-2.06417,1.47955,-0.03495,
395,-62.98140,40.27923,10.10391,0.00436,0.28307,0.95909,0.00100,-2.06828,1.48149,-0.03499,
395,-63.09342,40.36727,10.10234,0.00436,0.28290,0.95914,0.00093,-2.07342,1.48617,-0.03495,
395,-63.20124,40.44745,10.10036,0.00434,0.28275,0.95918,0.00088,-2.07718,1.48808,-0.03508,
395,-63.30947,40.52848,10.09809,0.00433,0.28260,0.95923,0.00082,-2.08093,1.49028,-0.03533,
395,-63.41746,40.60848,10.09593,0.00432,0.28247,0.95927,0.00077,-2.08456,1.49218,-0.03553,
395,-63.52232,40.68291,10.09412,0.00431,0.28235,0.95930,0.00072,-2.08716,1.49229,-0.03558,
395,-63.59385,40.67798,10.09491,0.00424,0.28222,0.95934,0.00077,-2.07908,1.46485,-0.03458,
395,-63.69214,40.74895,10.09472,0.00421,0.28213,0.95937,0.00072,-2.07954,1.46471,-0.03403,
395,-63.79853,40.82668,10.09327,0.00420,0.28205,0.95939,0.00067,-2.08243,1.46647,-0.03399,
395,-63.90415,40.90168,10.09147,0.00418,0.28198,0.95941,0.00063,-2.08503,1.46725,-0.03406,
395,-64.00938,40.97462,10.08865,0.00417,0.28191,0.95943,0.00060,-2.08760,1.46725,-0.03449,
396,-64.11424,41.04656,10.08610,0.00416,0.28185,0.95945,0.00057,-2.09006,1.46689,-0.03481,
396,-64.21746,41.11588,10.08437,0.00415,0.28180,0.95946,0.00054,-2.09194,1.46576,-0.03482,
396,-64.31988,41.18277,10.08234,0.00414,0.28175,0.95948,0.00053,-2.09368,1.46385,-0.03493,
396,-64.43046,41.26394,10.08009,0.00413,0.28171,0.95949,0.00050,-2.09754,1.46637,-0.03513,
396,-64.53987,41.34274,10.07726,0.00413,0.28167,0.95950,0.00047,-2.10103,1.46825,-0.03555,
396,-64.64367,41.41084,10.07384,0.00414,0.28163,0.95951,0.00045,-2.10317,1.46698,-0.03615,
396,-64.74906,41.48230,10.07122,0.00414,0.28160,0.95952,0.00042,-2.10555,1.46680,-0.03647,
396,-64.85252,41.55034,10.06871,0.00413,0.28156,0.95953,0.00040,-2.10734,1.46559,-0.03675,
396,-64.96120,41.62810,10.06645,0.00413,0.28154,0.95954,0.00037,-2.11023,1.46734,-0.03693,
396,-65.06883,41.70367,10.06544,0.00411,0.28151,0.95955,0.00035,-2.11275,1.46844,-0.03668,
396,-65.17583,41.77796,10.06351,0.00410,0.28148,0.95956,0.00032,-2.11510,1.46922,-0.03675,
396,-65.28716,41.85979,10.06144,0.00409,0.28146,0.95956,0.00029,-2.11840,1.47205,-0.03687,
396,-65.39448,41.93442,10.06074,0.00408,0.28144,0.95957,0.00027,-2.12062,1.47278,-0.03654,
396,-65.49494,41.99696,10.05996,0.00406,0.28142,0.95958,0.00025,-2.12121,1.47023,-0.03624,
396,-65.59857,42.06454,10.05886,0.00406,0.28138,0.95959,0.00026,-2.12279,1.46922,-0.03603,
396,-65.70841,42.14302,10.05665,0.00407,0.28131,0.95961,0.00029,-2.12570,1.47102,-0.03618,
396,-65.81761,42.22079,10.05486,0.00408,0.28117,0.95965,0.00033,-2.12827,1.47257,-0.03623,
396,-65.92738,42.29990,10.05356,0.00410,0.28094,0.95972,0.00039,-2.13096,1.47453,-0.03611,
396,-66.03197,42.36894,10.05209,0.00411,0.28062,0.95981,0.00046,-2.13241,1.47363,-0.03606,
396,-66.13365,42.43212,10.05028,0.00413,0.28019,0.95994,0.00054,-2.13346,1.47100,-0.03608,
396,-66.23953,42.50188,10.04868,0.00415,0.27965,0.96009,0.00063,-2.13573,1.47015,-0.03605,
397,-66.34092,42.56117,10.04712,0.00418,0.27900,0.96028,0.00073,-2.13724,1.46640,-0.03599,
397,-66.43781,42.61219,10.04591,0.00419,0.27826,0.96050,0.00084,-2.13768,1.46028,-0.03581,
397,-66.54641,42.68758,10.04456,0.00421,0.27746,0.96073,0.00091,-2.14027,1.46063,-0.03571,
397,-66.65912,42.71822,10.04073,0.00415,0.27664,0.96096,0.00100,-2.14185,1.44777,-0.03614,
397,-66.74162,42.75908,10.04100,0.00415,0.27575,0.96122,0.00108,-2.13873,1.44008,-0.03555,
397,-66.83453,42.80630,10.03895,0.00416,0.27484,0.96148,0.00117,-2.13825,1.43344,-0.03562,
397,-66.93459,42.86319,10.03702,0.00418,0.27393,0.96174,0.00125,-2.13937,1.42915,-0.03567,
397,-67.04276,42.93691,10.03459,0.00419,0.27303,0.96200,0.00130,-2.14190,1.42930,-0.03588,
397,-67.15560,43.01911,10.03144,0.00422,0.27214,0.96225,0.00133,-2.14551,1.43174,-0.03629,
397,-67.25987,43.08209,10.02802,0.00425,0.27128,0.96249,0.00140,-2.14769,1.42903,-0.03677,
397,-67.35812,43.13440,10.02506,0.00427,0.27042,0.96273,0.00150,-2.14849,1.42355,-0.03712,
397,-67.45831,43.18764,10.02296,0.00428,0.26953,0.96298,0.00162,-2.14979,1.41811,-0.03718,
397,-67.57612,43.19889,10.01667,0.00428,0.26866,0.96322,0.00181,-2.15521,1.39876,-0.03786,
397,-67.65996,43.24311,10.01451,0.00430,0.26768,0.96350,0.00194,-2.15320,1.39203,-0.03802,
397,-67.76543,43.30790,10.01364,0.00433,0.26662,0.96379,0.00205,-2.15567,1.38972,-0.03774,
397,-67.86799,43.36434,10.01304,0.00435,0.26548,0.96410,0.00217,-2.15769,1.38512,-0.03736,
397,-67.96781,43.41409,10.01225,0.00437,0.26428,0.96443,0.00229,-2.15933,1.37868,-0.03704,
397,-68.07196,43.46869,10.01194,0.00439,0.26303,0.96478,0.00242,-2.16214,1.37327,-0.03660,
397,-68.18859,43.54910,10.01322,0.00442,0.26173,0.96513,0.00250,-2.16694,1.37438,-0.03577,
398,-68.33948,43.63617,10.02251,0.00434,0.26050,0.96546,0.00261,-2.17670,1.37349,-0.03290,
398,-68.44318,43.71357,10.02162,0.00436,0.25914,0.96583,0.00264,-2.17822,1.37533,-0.03279,
398,-68.56090,43.79553,10.01999,0.00438,0.25779,0.96619,0.00270,-2.18299,1.37705,-0.03282,
398,-68.67554,43.87179,10.01831,0.00441,0.25644,0.96655,0.00275,-2.18729,1.37741,-0.03286,
398,-68.78628,43.94185,10.01648,0.00443,0.25511,0.96690,0.00280,-2.19080,1.37635,-0.03294,
398,-68.90057,44.01673,10.01459,0.00445,0.25381,0.96724,0.00283,-2.19497,1.37632,-0.03306,
398,-69.01348,44.08648,10.01208,0.00447,0.25254,0.96757,0.00286,-2.19902,1.37494,-0.03337,
398,-69.17462,44.20099,10.01920,0.00445,0.25135,0.96788,0.00283,-2.21223,1.38374,-0.03132,
398,-69.27091,44.26363,10.01791,0.00446,0.25015,0.96819,0.00285,-2.21205,1.38134,-0.03126,
398,-69.38255,44.33404,10.01716,0.00447,0.24898,0.96849,0.00288,-2.21560,1.38001,-0.03111,
398,-69.49736,44.40717,10.01668,0.00449,0.24785,0.96878,0.00290,-2.21981,1.37916,-0.03088,
398,-69.60674,44.46903,10.01496,0.00450,0.24675,0.96906,0.00293,-2.22296,1.37550,-0.03095,
398,-69.71717,44.53139,10.01310,0.00450,0.24568,0.96934,0.00296,-2.22635,1.37198,-0.03105,
398,-69.83603,44.60982,10.01277,0.00452,0.24460,0.96961,0.00301,-2.23116,1.37241,-0.03074,
398,-69.88063,44.60203,10.02160,0.00442,0.24348,0.96989,0.00302,-2.21867,1.35515,-0.02833,
398,-69.97200,44.65833,10.02018,0.00443,0.24234,0.97018,0.00308,-2.21743,1.35134,-0.02843,
398,-70.08662,44.73222,10.01836,0.00446,0.24112,0.97048,0.00314,-2.22130,1.35095,-0.02862,
398,-70.21290,44.82242,10.01674,0.00449,0.23983,0.97080,0.00319,-2.22736,1.35422,-0.02870,
398,-70.33918,44.90495,10.01443,0.00451,0.23847,0.97113,0.00326,-2.23361,1.35499,-0.02892,
398,-70.45170,44.96041,10.01179,0.00454,0.23703,0.97149,0.00336,-2.23773,1.34905,-0.02921,
398,-70.53565,44.97483,10.01518,0.00455,0.23555,0.97185,0.00347,-2.23693,1.33424,-0.02782,
399,-70.73079,45.09844,10.02017,0.00452,0.23401,0.97222,0.00349,-2.25723,1.34302,-0.02612,
399,-70.82963,45.15677,10.01637,0.00454,0.23239,0.97261,0.00356,-2.25736,1.33878,-0.02692,
399,-70.94132,45.22294,10.01433,0.00455,0.23073,0.97300,0.00361,-2.26031,1.33634,-0.02713,
399,-71.06201,45.30709,10.01166,0.00456,0.22905,0.97340,0.00362,-2.26445,1.33844,-0.02752,
399,-71.17776,45.38015,10.00887,0.00456,0.22738,0.97379,0.00364,-2.26785,1.33762,-0.02796,
399,-71.22539,45.34974,10.00889,0.00450,0.22581,0.97415,0.00368,-2.25717,1.31383,-0.02767,
399,-71.31705,45.39118,10.00554,0.00451,0.22416,0.97453,0.00374,-2.25641,1.30562,-0.02832,
399,-71.42142,45.44186,10.00384,0.00452,0.22253,0.97491,0.00381,-2.25804,1.29934,-0.02837,
399,-71.53716,45.50812,10.00421,0.00454,0.22088,0.97528,0.00388,-2.26227,1.29702,-0.02783,
399,-71.65988,45.58943,10.00400,0.00456,0.21920,0.97566,0.00393,-2.26742,1.29855,-0.02750,
399,-71.71196,45.57127,10.00089,0.00452,0.21735,0.97608,0.00404,-2.25486,1.27251,-0.02779,
399,-71.79898,45.60917,9.99931,0.00454,0.21558,0.97647,0.00414,-2.25161,1.26244,-0.02789,
399,-71.89163,45.64099,9.99859,0.00454,0.21374,0.97687,0.00425,-2.25020,1.24991,-0.02763,
399,-71.99587,45.69079,9.99779,0.00456,0.21186,0.97728,0.00434,-2.25168,1.24302,-0.02743,
399,-72.10851,45.75373,9.99727,0.00457,0.20994,0.97769,0.00440,-2.25519,1.24014,-0.02715,
399,-72.29497,45.84778,9.99699,0.00466,0.20788,0.97813,0.00453,-2.28856,1.24716,-0.02654,
399,-72.39830,45.90122,9.99525,0.00468,0.20593,0.97855,0.00457,-2.28797,1.24053,-0.02676,
399,-72.50412,45.94809,9.99368,0.00467,0.20397,0.97896,0.00464,-2.28845,1.23083,-0.02687,
399,-72.61092,45.99684,9.99100,0.00467,0.20203,0.97936,0.00468,-2.28921,1.22214,-0.02746,
400,-72.70477,46.00050,9.98878,0.00464,0.19994,0.97979,0.00483,-2.28430,1.19114,-0.02767,
400,-72.80711,46.05232,9.98666,0.00464,0.19807,0.98016,0.00486,-2.28298,1.18443,-0.02805,
400,-72.91707,46.10512,9.98491,0.00465,0.19621,0.98054,0.00492,-2.28484,1.17784,-0.02824,
400,-73.02437,46.15199,9.98297,0.00465,0.19432,0.98092,0.00501,-2.28572,1.16868,-0.02851,
400,-73.13229,46.19895,9.98057,0.00466,0.19239,0.98129,0.00510,-2.28684,1.15976,-0.02898,
400,-73.27666,46.24285,9.97616,0.00470,0.19026,0.98171,0.00527,-2.30459,1.14655,-0.03024,
400,-73.38177,46.29414,9.97492,0.00473,0.18827,0.98209,0.00532,-2.30412,1.14041,-0.03021,
400,-73.48923,46.33960,9.97331,0.00473,0.18617,0.98249,0.00541,-2.30464,1.13093,-0.03031,
400,-73.59661,46.38395,9.97141,0.00474,0.18402,0.98290,0.00550,-2.30521,1.12104,-0.03052,
400,-73.71759,46.40969,9.97399,0.00479,0.18168,0.98333,0.00564,-2.31323,1.10047,-0.02859,
400,-73.81859,46.45484,9.97163,0.00477,0.17949,0.98373,0.00569,-2.31001,1.09156,-0.02902,
400,-73.92722,46.50017,9.97040,0.00477,0.17725,0.98414,0.00575,-2.31081,1.08264,-0.02890,
400,-74.04202,46.55268,9.96886,0.00478,0.17501,0.98454,0.00578,-2.31434,1.07734,-0.02896,
400,-74.16584,46.57775,9.97304,0.00483,0.17265,0.98495,0.00591,-2.32398,1.05627,-0.02606,
400,-74.27849,46.63435,9.97119,0.00483,0.17049,0.98533,0.00590,-2.32582,1.05399,-0.02640,
400,-74.40994,46.70615,9.96955,0.00485,0.16835,0.98570,0.00590,-2.33686,1.05918,-0.02663,
400,-74.53159,46.76420,9.96755,0.00487,0.16619,0.98606,0.00595,-2.34290,1.05702,-0.02701,
400,-74.65720,46.80081,9.96851,0.00492,0.16387,0.98645,0.00607,-2.35240,1.04247,-0.02582,
400,-74.77328,46.85793,9.96745,0.00493,0.16163,0.98682,0.00615,-2.35533,1.04066,-0.02571,
400,-74.89032,46.90883,9.96635,0.00494,0.15928,0.98720,0.00625,-2.35885,1.03506,-0.02562,
400,-75.00527,46.95577,9.96496,0.00495,0.15684,0.98759,0.00636,-2.36128,1.02737,-0.02570,
401,-75.06597,46.92925,9.96372,0.00490,0.15411,0.98802,0.00659,-2.33376,0.97676,-0.02578,
401,-75.16983,46.96922,9.96150,0.00490,0.15151,0.98842,0.00668,-2.33060,0.96658,-0.02637,
401,-75.28781,47.02002,9.96006,0.00492,0.14884,0.98883,0.00675,-2.33522,0.96263,-0.02648,
401,-75.40171,47.06468,9.95920,0.00493,0.14611,0.98923,0.00684,-2.33763,0.95516,-0.02625,
401,-75.53684,47.09879,9.95786,0.00495,0.14321,0.98965,0.00701,-2.35235,0.93996,-0.02622,
401,-75.64581,47.13971,9.95611,0.00496,0.14041,0.99006,0.00708,-2.35150,0.93076,-0.02653,
401,-75.75404,47.17573,9.95464,0.00495,0.13759,0.99045,0.00715,-2.35035,0.91889,-0.02665,
401,-75.87177,47.20479,9.95323,0.00492,0.13471,0.99085,0.00724,-2.35405,0.90177,-0.02667,
401,-75.97570,47.23971,9.95103,0.00490,0.13195,0.99122,0.00729,-2.34972,0.88964,-0.02721,
401,-76.09009,47.28121,9.94949,0.00489,0.12923,0.99158,0.00732,-2.35176,0.88178,-0.02737,
401,-76.19493,47.30023,9.94541,0.00481,0.12648,0.99193,0.00741,-2.34691,0.85854,-0.02904,
401,-76.30239,47.33643,9.94412,0.00482,0.12388,0.99226,0.00742,-2.34498,0.84839,-0.02900,
401,-76.40869,47.36768,9.94189,0.00480,0.12134,0.99257,0.00745,-2.34225,0.83521,-0.02956,
401,-76.51432,47.38680,9.93774,0.00473,0.11878,0.99288,0.00751,-2.33796,0.81244,-0.03138,
401,-76.62951,47.42977,9.93654,0.00474,0.11644,0.99316,0.00749,-2.34071,0.80793,-0.03122,
401,-76.73890,47.46212,9.93500,0.00471,0.11415,0.99342,0.00748,-2.33958,0.79631,-0.03126,
401,-76.85051,47.49611,9.93371,0.00469,0.11194,0.99368,0.00747,-2.33996,0.78622,-0.03115,
401,-76.96160,47.51971,9.93431,0.00465,0.10967,0.99393,0.00750,-2.33978,0.76826,-0.02970,
401,-77.07370,47.55751,9.93290,0.00463,0.10762,0.99415,0.00745,-2.34014,0.76181,-0.02970,
402,-77.18957,47.59467,9.93152,0.00461,0.10561,0.99437,0.00740,-2.34291,0.75496,-0.02970,
402,-77.30421,47.62984,9.93040,0.00459,0.10364,0.99458,0.00736,-2.34489,0.74710,-0.02952,
402,-77.40929,47.65550,9.92871,0.00455,0.10171,0.99478,0.00733,-2.34112,0.73363,-0.02971,
402,-77.50200,47.66418,9.93185,0.00448,0.09967,0.99498,0.00735,-2.32909,0.70826,-0.02661,
402,-77.61559,47.70126,9.93042,0.00447,0.09785,0.99516,0.00727,-2.33067,0.70355,-0.02675,
402,-77.73116,47.73546,9.92868,0.00446,0.09603,0.99534,0.00720,-2.33339,0.69687,-0.02708,
402,-77.85014,47.77206,9.92714,0.00444,0.09423,0.99551,0.00713,-2.33798,0.69190,-0.02726,
402,-77.96561,47.80525,9.92582,0.00442,0.09247,0.99568,0.00706,-2.34034,0.68506,-0.02730,
402,-78.02412,47.78586,9.92795,0.00430,0.09053,0.99586,0.00708,-2.30692,0.64442,-0.02513,
402,-78.13237,47.81614,9.92572,0.00426,0.08884,0.99601,0.00700,-2.30553,0.63748,-0.02585,
402,-78.24470,47.84570,9.92452,0.00424,0.08716,0.99616,0.00692,-2.30676,0.63017,-0.02589,
402,-78.35421,47.87200,9.92347,0.00420,0.08551,0.99631,0.00685,-2.30634,0.62120,-0.02581,
402,-78.45976,47.89422,9.92245,0.00416,0.08389,0.99644,0.00678,-2.30375,0.61023,-0.02572,
402,-78.53719,47.87628,9.92355,0.00408,0.08220,0.99658,0.00680,-2.28381,0.57333,-0.02436,
402,-78.65643,47.91193,9.92209,0.00408,0.08068,0.99671,0.00670,-2.28970,0.57214,-0.02464,
402,-78.76984,47.93921,9.92031,0.00406,0.07919,0.99683,0.00661,-2.29187,0.56569,-0.02507,
402,-78.88484,47.96728,9.91908,0.00405,0.07772,0.99695,0.00653,-2.29490,0.55994,-0.02513,
402,-79.00159,47.99640,9.91820,0.00403,0.07629,0.99706,0.00645,-2.29876,0.55503,-0.02499,
402,-79.03817,47.94842,9.92034,0.00392,0.07487,0.99716,0.00649,-2.25528,0.50298,-0.02314,
402,-79.15814,47.98223,9.91973,0.00392,0.07349,0.99727,0.00639,-2.26217,0.50294,-0.02286,
402,-79.26935,48.00575,9.91878,0.00390,0.07216,0.99737,0.00630,-2.26367,0.49664,-0.02281,
403,-79.38027,48.02855,9.91766,0.00388,0.07087,0.99746,0.00622,-2.26494,0.49018,-0.02288,
403,-79.49287,48.05237,9.91672,0.00386,0.06960,0.99755,0.00613,-2.26706,0.48460,-0.02283,
403,-79.60563,48.07599,9.91538,0.00384,0.06837,0.99763,0.00604,-2.26918,0.47913,-0.02302,
403,-79.67885,48.05498,9.91714,0.00380,0.06714,0.99772,0.00600,-2.25005,0.44876,-0.02138,
403,-79.79272,48.08215,9.91667,0.00378,0.06596,0.99780,0.00589,-2.25316,0.44661,-0.02109,
403,-79.90615,48.10539,9.91585,0.00376,0.06483,0.99787,0.00580,-2.25585,0.44223,-0.02102,
403,-80.01888,48.12771,9.91472,0.00374,0.06373,0.99794,0.00571,-2.25806,0.43753,-0.02113,
403,-80.12823,48.14725,9.91348,0.00372,0.06265,0.99801,0.00562,-2.25849,0.43161,-0.02130,
403,-80.23816,48.16695,9.91293,0.00370,0.06161,0.99808,0.00554,-2.25921,0.42602,-0.02110,
403,-80.34464,48.18381,9.91181,0.00367,0.06059,0.99814,0.00546,-2.25820,0.41921,-0.02122,
403,-80.43439,48.17556,9.91340,0.00367,0.05957,0.99820,0.00542,-2.24935,0.39930,-0.01989,
403,-80.53801,48.19131,9.91252,0.00363,0.05859,0.99826,0.00534,-2.24721,0.39269,-0.01981,
403,-80.64204,48.20533,9.91221,0.00361,0.05765,0.99832,0.00527,-2.24539,0.38553,-0.01949,
403,-80.74894,48.22080,9.91208,0.00359,0.05674,0.99837,0.00519,-2.24503,0.37935,-0.01910,
403,-80.86349,48.24127,9.91135,0.00359,0.05584,0.99842,0.00511,-2.24818,0.37581,-0.01906,
403,-80.97633,48.26030,9.91017,0.00358,0.05497,0.99847,0.00503,-2.25037,0.37168,-0.01924,
403,-81.08928,48.27913,9.90893,0.00356,0.05412,0.99852,0.00496,-2.25247,0.36759,-0.01943,
403,-81.19932,48.29552,9.90789,0.00354,0.05329,0.99856,0.00488,-2.25330,0.36253,-0.01950,
403,-81.26201,48.27393,9.91316,0.00352,0.05247,0.99860,0.00482,-2.23318,0.34019,-0.01641,
404,-81.36876,48.28961,9.91251,0.00350,0.05170,0.99865,0.00475,-2.23314,0.33572,-0.01636,
404,-81.47219,48.30096,9.91062,0.00348,0.05094,0.99868,0.00469,-2.23143,0.32935,-0.01695,
404,-81.57307,48.31017,9.90864,0.00345,0.05021,0.99872,0.00462,-2.22869,0.32226,-0.01754,
404,-81.68540,48.32642,9.90803,0.00344,0.04950,0.99876,0.00456,-2.23097,0.31845,-0.01744,
404,-81.79976,48.34345,9.90609,0.00344,0.04880,0.99879,0.00450,-2.23395,0.31506,-0.01797,
404,-81.91022,48.35781,9.90347,0.00343,0.04812,0.99883,0.00443,-2.23526,0.31075,-0.01881,
404,-82.02214,48.37358,9.90185,0.00342,0.04746,0.99886,0.00436,-2.23711,0.30737,-0.01918,
404,-82.13369,48.38869,9.90138,0.00341,0.04682,0.99889,0.00430,-2.23883,0.30371,-0.01901,
404,-82.25971,48.41332,9.90023,0.00341,0.04619,0.99892,0.00422,-2.24593,0.30416,-0.01915,
404,-82.36667,48.41556,9.90363,0.00343,0.04563,0.99894,0.00415,-2.24579,0.29539,-0.01744,
404,-82.50852,48.45143,9.90166,0.00346,0.04503,0.99897,0.00404,-2.25960,0.30144,-0.01796,
404,-82.65273,48.48734,9.89949,0.00349,0.04445,0.99900,0.00393,-2.27362,0.30726,-0.01857,
404,-82.79238,48.52040,9.89806,0.00351,0.04388,0.99902,0.00383,-2.28540,0.31174,-0.01883,
404,-82.92924,48.55154,9.89620,0.00353,0.04333,0.99905,0.00373,-2.29580,0.31540,-0.01929,
404,-83.05804,48.57723,9.89367,0.00355,0.04280,0.99907,0.00363,-2.30285,0.31683,-0.02003,
404,-83.18555,48.60169,9.89308,0.00355,0.04227,0.99909,0.00356,-2.30930,0.31757,-0.01994,
404,-83.31325,48.62582,9.89266,0.00356,0.04175,0.99912,0.00349,-2.31570,0.31814,-0.01977,
404,-83.43939,48.64898,9.89175,0.00357,0.04124,0.99914,0.00342,-2.32127,0.31841,-0.01980,
404,-83.56096,48.66922,9.89191,0.00357,0.04074,0.99916,0.00336,-2.32510,0.31756,-0.01939,
404,-83.68081,48.68814,9.89139,0.00356,0.04026,0.99918,0.00331,-2.32819,0.31629,-0.01926,
404,-83.80274,48.70827,9.89037,0.00356,0.03978,0.99920,0.00325,-2.33189,0.31553,-0.01934,
405,-83.92635,48.72949,9.88931,0.00357,0.03931,0.99922,0.00319,-2.33616,0.31525,-0.01944,
405,-84.04194,48.74502,9.88808,0.00356,0.03886,0.99923,0.00314,-2.33748,0.31289,-0.01958,
405,-84.15449,48.75854,9.88672,0.00354,0.03841,0.99925,0.00309,-2.33771,0.30995,-0.01975,
405,-84.27254,48.77610,9.88533,0.00354,0.03797,0.99927,0.00304,-2.33975,0.30852,-0.01994,
405,-84.36462,48.78622,9.89092,0.00351,0.03760,0.99928,0.00290,-2.33188,0.30686,-0.01775,
405,-84.45773,48.78637,9.89047,0.00349,0.03718,0.99930,0.00288,-2.32649,0.29942,-0.01769,
405,-84.55125,48.78693,9.89052,0.00347,0.03677,0.99931,0.00286,-2.32075,0.29209,-0.01742,
405,-84.64442,48.78645,9.89043,0.00345,0.03638,0.99933,0.00285,-2.31503,0.28454,-0.01719,
405,-84.72500,48.77608,9.89215,0.00341,0.03599,0.99934,0.00287,-2.30559,0.27339,-0.01630,
405,-84.80163,48.76292,9.89495,0.00337,0.03562,0.99936,0.00290,-2.29526,0.26147,-0.01500,
405,-84.89003,48.75757,9.89687,0.00334,0.03527,0.99937,0.00291,-2.28886,0.25271,-0.01402,
405,-84.98093,48.75425,9.89838,0.00331,0.03494,0.99938,0.00291,-2.28327,0.24485,-0.01324,
405,-85.08581,48.75992,9.89863,0.00331,0.03460,0.99939,0.00289,-2.28216,0.24042,-0.01294,
405,-85.20071,48.77203,9.89770,0.00330,0.03427,0.99940,0.00285,-2.28405,0.23843,-0.01307,
405,-85.30660,48.77893,9.89702,0.00329,0.03395,0.99941,0.00281,-2.28303,0.23482,-0.01311,
405,-85.29593,48.72176,9.90974,0.00320,0.03369,0.99942,0.00287,-2.24518,0.20954,-0.00876,
405,-85.39461,48.72597,9.90920,0.00318,0.03339,0.99943,0.00284,-2.24283,0.20545,-0.00884,
405,-85.48382,48.72387,9.90976,0.00316,0.03311,0.99944,0.00282,-2.23733,0.19942,-0.00855,
405,-85.57563,48.72215,9.91074,0.00315,0.03283,0.99945,0.00281,-2.23294,0.19356,-0.00809,
406,-85.67009,48.72123,9.91165,0.00313,0.03255,0.99946,0.00279,-2.22952,0.18813,-0.00763,
406,-85.77448,48.72682,9.91272,0.00312,0.03228,0.99947,0.00277,-2.22899,0.18496,-0.00708,
406,-85.89778,48.74330,9.91365,0.00312,0.03201,0.99948,0.00273,-2.23398,0.18529,-0.00656,
406,-86.01373,48.75477,9.91398,0.00312,0.03176,0.99949,0.00270,-2.23678,0.18414,-0.00631,
406,-86.12901,48.76637,9.91511,0.00312,0.03151,0.99950,0.00267,-2.23928,0.18303,-0.00581,
406,-86.24651,48.77825,9.91524,0.00313,0.03127,0.99950,0.00264,-2.24241,0.18190,-0.00569,
406,-86.36269,48.78865,9.91553,0.00313,0.03103,0.99951,0.00261,-2.24522,0.18043,-0.00550,
406,-86.48008,48.79960,9.91597,0.00313,0.03081,0.99952,0.00257,-2.24840,0.17937,-0.00523,
406,-86.59499,48.80896,9.91534,0.00314,0.03059,0.99952,0.00254,-2.25067,0.17770,-0.00537,
406,-86.70778,48.81729,9.91487,0.00314,0.03037,0.99953,0.00253,-2.25230,0.17555,-0.00542,
406,-86.81817,48.82356,9.91288,0.00314,0.03017,0.99954,0.00251,-2.25332,0.17299,-0.00595,
406,-86.74680,48.72813,9.92480,0.00296,0.03003,0.99954,0.00263,-2.20258,0.13915,-0.00248,
406,-86.85673,48.74161,9.93184,0.00300,0.02980,0.99955,0.00260,-2.20584,0.13987,-0.00003,
406,-86.95841,48.74268,9.93394,0.00300,0.02962,0.99955,0.00262,-2.20518,0.13567,0.00069,
406,-87.05841,48.74360,9.93181,0.00299,0.02944,0.99956,0.00262,-2.20350,0.13166,-0.00003,
406,-87.17835,48.75572,9.92907,0.00300,0.02925,0.99956,0.00260,-2.20726,0.13141,-0.00086,
406,-87.28729,48.76210,9.92810,0.00299,0.02907,0.99957,0.00259,-2.20808,0.12952,-0.00103,
406,-87.38450,48.76192,9.92885,0.00297,0.02891,0.99957,0.00259,-2.20585,0.12550,-0.00074,
406,-87.49357,48.76817,9.92882,0.00297,0.02874,0.99958,0.00258,-2.20680,0.12364,-0.00074,
406,-87.61469,48.78165,9.92659,0.00298,0.02857,0.99958,0.00254,-2.21071,0.12423,-0.00147,
406,-87.73776,48.79454,9.92416,0.00299,0.02841,0.99959,0.00252,-2.21504,0.12427,-0.00225,
407,-87.85674,48.80533,9.92329,0.00300,0.02826,0.99959,0.00250,-2.21828,0.12377,-0.00251,
407,-87.97376,48.81575,9.92368,0.00299,0.02811,0.99960,0.00247,-2.22095,0.12336,-0.00235,
407,-88.09312,48.82707,9.92411,0.00300,0.02797,0.99960,0.00244,-2.22432,0.12323,-0.00219,
407,-88.20377,48.83337,9.92400,0.00299,0.02783,0.99961,0.00243,-2.22536,0.12163,-0.00216,
407,-88.30787,48.83516,9.92430,0.00298,0.02770,0.99961,0.00242,-2.22504,0.11892,-0.00202,
407,-88.41418,48.83745,9.92429,0.00298,0.02757,0.99961,0.00241,-2.22529,0.11628,-0.00200,
407,-88.51905,48.83956,9.92356,0.00297,0.02745,0.99962,0.00241,-2.22473,0.11339,-0.00219,
407,-88.62292,48.84314,9.92311,0.00296,0.02733,0.99962,0.00240,-2.22386,0.11121,-0.00230,
407,-88.73727,48.85145,9.92248,0.00296,0.02721,0.99962,0.00238,-2.22572,0.11035,-0.00248,
407,-88.85761,48.86002,9.91953,0.00297,0.02710,0.99963,0.00236,-2.22926,0.10952,-0.00334,
407,-88.95130,48.82083,9.92778,0.00300,0.02705,0.99963,0.00249,-2.22694,0.09278,-0.00200,
407,-89.04811,48.82254,9.92450,0.00299,0.02694,0.99963,0.00245,-2.22474,0.09112,-0.00300,
407,-89.15908,48.82762,9.92377,0.00299,0.02683,0.99963,0.00244,-2.22602,0.08968,-0.00324,
407,-89.27020,48.83171,9.92204,0.00298,0.02673,0.99964,0.00242,-2.22706,0.08801,-0.00381,
407,-89.38445,48.83726,9.91999,0.00298,0.02662,0.99964,0.00240,-2.22890,0.08665,-0.00443,
407,-89.50147,48.84209,9.91993,0.00299,0.02653,0.99964,0.00240,-2.23173,0.08483,-0.00437,
407,-89.59981,48.83781,9.92131,0.00298,0.02644,0.99964,0.00242,-2.22996,0.08055,-0.00388,
407,-89.69373,48.83287,9.92168,0.00296,0.02635,0.99965,0.00243,-2.22687,0.07619,-0.00370,
407,-89.78799,48.82410,9.92436,0.00294,0.02627,0.99965,0.00246,-2.22448,0.07056,-0.00282,
408,-89.89096,48.82082,9.92463,0.00294,0.02620,0.99965,0.00246,-2.22405,0.06685,-0.00274,
408,-89.99866,48.82111,9.92390,0.00294,0.02612,0.99965,0.00245,-2.22458,0.06434,-0.00301,
408,-90.11108,48.82255,9.92461,0.00294,0.02604,0.99965,0.00245,-2.22628,0.06191,-0.00282,
408,-90.23196,48.82969,9.92488,0.00296,0.02595,0.99966,0.00244,-2.22993,0.06120,-0.00277,
408,-90.34172,48.83212,9.92399,0.00297,0.02587,0.99966,0.00242,-2.23113,0.05955,-0.00307,
408,-90.45009,48.83311,9.92271,0.00297,0.02579,0.99966,0.00242,-2.23185,0.05739,-0.00345,
408,-90.55994,48.83461,9.92237,0.00297,0.02573,0.99966,0.00242,-2.23264,0.05516,-0.00354,
408,-90.66159,48.72459,9.91905,0.00297,0.02580,0.99966,0.00283,-2.23304,0.01394,-0.00544,
408,-90.75123,48.72754,9.91689,0.00296,0.02572,0.99966,0.00277,-2.22956,0.01410,-0.00602,
408,-90.85844,48.72876,9.91628,0.00297,0.02566,0.99966,0.00275,-2.23010,0.01269,-0.00622,
408,-90.97669,48.73630,9.91615,0.00297,0.02559,0.99966,0.00273,-2.23287,0.01305,-0.00627,
408,-91.10695,48.75014,9.91669,0.00299,0.02553,0.99967,0.00271,-2.23828,0.01485,-0.00611,
408,-91.23140,48.76008,9.91651,0.00300,0.02546,0.99967,0.00269,-2.24220,0.01555,-0.00615,
408,-91.34897,48.76859,9.91647,0.00300,0.02540,0.99967,0.00267,-2.24442,0.01612,-0.00614,
408,-91.48202,48.78806,9.91707,0.00302,0.02533,0.99967,0.00262,-2.25006,0.02020,-0.00591,
408,-91.61311,48.80760,9.91784,0.00303,0.02526,0.99967,0.00256,-2.25520,0.02445,-0.00553,
408,-91.73897,48.81876,9.91790,0.00303,0.02521,0.99967,0.00254,-2.25914,0.02566,-0.00541,
408,-91.86308,48.83024,9.91954,0.00303,0.02517,0.99968,0.00250,-2.26269,0.02730,-0.00496,
408,-91.99412,48.84411,9.92064,0.00304,0.02513,0.99968,0.00246,-2.26756,0.02926,-0.00472,
408,-92.11472,48.84514,9.92037,0.00304,0.02509,0.99968,0.00247,-2.27026,0.02673,-0.00472,
408,-92.22101,48.83728,9.92075,0.00302,0.02505,0.99968,0.00250,-2.26982,0.02181,-0.00445,
409,-92.34002,48.84247,9.92112,0.00302,0.02501,0.99968,0.00250,-2.27203,0.02106,-0.00427,
409,-92.47318,48.85910,9.92033,0.00303,0.02496,0.99968,0.00244,-2.27709,0.02413,-0.00449,
409,-92.60821,48.87633,9.91812,0.00304,0.02490,0.99968,0.00239,-2.28223,0.02723,-0.00504,
409,-92.73458,48.88668,9.91537,0.00304,0.02486,0.99968,0.00236,-2.28558,0.02831,-0.00572,
409,-92.85682,48.89560,9.91322,0.00304,0.02481,0.99968,0.00232,-2.28812,0.02921,-0.00621,
409,-92.98508,48.90768,9.91116,0.00305,0.02476,0.99969,0.00227,-2.29234,0.03120,-0.00665,
409,-93.10487,48.91425,9.90849,0.00306,0.02472,0.99969,0.00224,-2.29494,0.03174,-0.00730,
409,-93.22522,48.92177,9.90723,0.00306,0.02469,0.99969,0.00221,-2.29733,0.03233,-0.00759,
409,-93.34557,48.92715,9.90797,0.00307,0.02465,0.99969,0.00219,-2.29998,0.03215,-0.00732,
409,-93.44994,48.92369,9.90917,0.00306,0.02463,0.99969,0.00221,-2.29928,0.02920,-0.00691,
409,-93.55147,48.91857,9.91264,0.00306,0.02461,0.99969,0.00223,-2.29845,0.02590,-0.00596,
409,-93.65402,48.91084,9.91506,0.00305,0.02459,0.99969,0.00225,-2.29761,0.02181,-0.00530,
409,-93.75764,48.90566,9.91428,0.00303,0.02457,0.99969,0.00227,-2.29627,0.01840,-0.00535,
409,-93.90784,48.91994,9.90712,0.00303,0.02458,0.99969,0.00226,-2.30180,0.01967,-0.00678,
409,-94.00711,48.92417,9.90674,0.00302,0.02454,0.99969,0.00223,-2.30092,0.02057,-0.00686,
409,-94.11245,48.92372,9.90583,0.00302,0.02450,0.99969,0.00223,-2.30057,0.01894,-0.00701,
409,-94.22037,48.92324,9.90604,0.00301,0.02447,0.99969,0.00223,-2.30051,0.01704,-0.00689,
409,-94.32665,48.92103,9.90751,0.00300,0.02445,0.99969,0.00226,-2.30035,0.01453,-0.00646,
409,-94.43012,48.91740,9.90786,0.00300,0.02444,0.99969,0.00228,-2.29982,0.01178,-0.00640,
410,-94.53141,48.91445,9.90841,0.00300,0.02442,0.99969,0.00229,-2.29862,0.00950,-0.00630,
410,-94.62941,48.91035,9.90811,0.00299,0.02441,0.99969,0.00229,-2.29662,0.00717,-0.00639,
410,-94.72832,48.90679,9.90877,0.00298,0.02439,0.99970,0.00229,-2.29480,0.00489,-0.00619,
410,-94.82793,48.90318,9.90919,0.00297,0.02439,0.99970,0.00229,-2.29278,0.00271,-0.00602,
410,-94.93203,48.90232,9.90938,0.00295,0.02439,0.99970,0.00228,-2.29167,0.00137,-0.00586,
410,-95.04306,48.90423,9.91012,0.00295,0.02437,0.99970,0.00228,-2.29221,0.00056,-0.00560,
410,-95.15066,48.90427,9.91266,0.00294,0.02436,0.99970,0.00227,-2.29229,-0.00062,-0.00497,
410,-95.26880,48.90794,9.91339,0.00295,0.02435,0.99970,0.00226,-2.29482,-0.00073,-0.00488,
410,-95.39687,48.91416,9.91061,0.00297,0.02434,0.99970,0.00225,-2.29885,-0.00060,-0.00565,
410,-95.51704,48.91777,9.91191,0.00298,0.02433,0.99970,0.00225,-2.30131,-0.00115,-0.00537,
410,-95.62706,48.91638,9.91152,0.00297,0.02432,0.99970,0.00225,-2.30129,-0.00292,-0.00547,
410,-95.75468,48.92419,9.91168,0.00298,0.02431,0.99970,0.00224,-2.30472,-0.00241,-0.00539,
410,-95.89039,48.93470,9.91031,0.00300,0.02429,0.99970,0.00222,-2.30993,-0.00114,-0.00569,
410,-96.01779,48.94046,9.90834,0.00301,0.02428,0.99970,0.00221,-2.31352,-0.00097,-0.00615,
410,-96.27871,48.97492,9.89298,0.00292,0.02444,0.99969,0.00222,-2.33134,0.00249,-0.00821,
410,-96.38982,48.98018,9.89324,0.00294,0.02442,0.99970,0.00217,-2.33231,0.00390,-0.00828,
410,-96.50151,48.98974,9.89508,0.00294,0.02440,0.99970,0.00215,-2.33294,0.00561,-0.00793,
410,-96.61797,49.00044,9.89812,0.00295,0.02438,0.99970,0.00213,-2.33452,0.00743,-0.00732,
410,-96.73881,49.00986,9.89927,0.00296,0.02436,0.99970,0.00212,-2.33673,0.00869,-0.00718,
410,-96.85042,49.01484,9.89545,0.00296,0.02434,0.99970,0.00209,-2.33711,0.00931,-0.00827,
410,-96.96171,49.02243,9.89143,0.00297,0.02432,0.99970,0.00204,-2.33725,0.01122,-0.00938,
411,-97.08819,49.03623,9.88963,0.00298,0.02430,0.99970,0.00199,-2.34032,0.01445,-0.00989,
411,-97.21253,49.04499,9.88760,0.00299,0.02429,0.99970,0.00196,-2.34294,0.01588,-0.01042,
411,-97.33437,49.04930,9.88415,0.00300,0.02428,0.99970,0.00194,-2.34510,0.01602,-0.01123,
411,-97.45301,49.05377,9.88303,0.00301,0.02427,0.99970,0.00193,-2.34675,0.01612,-0.01142,
411,-97.56805,49.06053,9.88647,0.00301,0.02425,0.99970,0.00193,-2.34796,0.01659,-0.01056,
411,-97.68285,49.06844,9.89026,0.00301,0.02423,0.99970,0.00193,-2.34923,0.01734,-0.00966,
411,-97.78952,49.07255,9.89311,0.00301,0.02421,0.99970,0.00192,-2.34909,0.01750,-0.00900,
411,-97.89949,49.07710,9.89532,0.00302,0.02420,0.99970,0.00190,-2.34959,0.01794,-0.00850,
411,-98.01403,49.08381,9.89521,0.00302,0.02419,0.99970,0.00188,-2.35061,0.01887,-0.00854,
411,-98.12697,49.09166,9.89319,0.00303,0.02417,0.99970,0.00185,-2.35144,0.02056,-0.00905,
411,-98.24313,49.09644,9.89075,0.00304,0.02416,0.99970,0.00183,-2.35281,0.02122,-0.00963,
411,-98.35343,49.09433,9.89087,0.00304,0.02415,0.99970,0.00183,-2.35305,0.01940,-0.00956,
411,-98.46016,49.09408,9.89144,0.00303,0.02414,0.99970,0.00184,-2.35278,0.01827,-0.00942,
411,-98.56533,49.09670,9.89349,0.00303,0.02413,0.99970,0.00184,-2.35248,0.01784,-0.00894,
411,-98.66911,49.09252,9.89422,0.00303,0.02413,0.99970,0.00186,-2.35180,0.01541,-0.00870,
411,-98.77482,49.08351,9.89337,0.00301,0.02414,0.99970,0.00188,-2.35068,0.01181,-0.00878,
411,-98.88494,49.07970,9.89285,0.00300,0.02415,0.99970,0.00188,-2.35049,0.00989,-0.00872,
411,-98.60982,49.07185,9.89356,0.00284,0.02427,0.99970,0.00174,-2.28661,0.01719,-0.00883,
411,-98.71981,49.04794,9.89611,0.00284,0.02430,0.99970,0.00184,-2.28816,0.00813,-0.00800,
412,-98.81184,49.03029,9.89702,0.00283,0.02432,0.99970,0.00191,-2.28560,0.00116,-0.00756,
412,-98.90099,49.01707,9.89811,0.00281,0.02433,0.99970,0.00196,-2.28273,-0.00415,-0.00723,
412,-99.01471,49.01111,9.89918,0.00281,0.02435,0.99970,0.00200,-2.28378,-0.00783,-0.00691,
412,-99.15047,49.00566,9.89686,0.00282,0.02436,0.99970,0.00203,-2.28859,-0.01162,-0.00740,
412,-99.29279,48.99990,9.89129,0.00284,0.02437,0.99970,0.00208,-2.29428,-0.01585,-0.00857,
412,-99.41699,48.98887,9.88881,0.00284,0.02439,0.99970,0.00214,-2.29692,-0.02132,-0.00897,
412,-99.52448,48.97516,9.89100,0.00284,0.02442,0.99970,0.00218,-2.29706,-0.02668,-0.00839,
412,-99.63031,48.96401,9.89395,0.00284,0.02444,0.99969,0.00221,-2.29716,-0.03096,-0.00773,
412,-99.74645,48.96243,9.89299,0.00284,0.02445,0.99969,0.00222,-2.29849,-0.03246,-0.00801,
412,-99.79976,48.92464,9.88185,0.00277,0.02468,0.99969,0.00246,-2.28669,-0.04899,-0.01150,
412,-99.84794,48.92183,9.88947,0.00277,0.02468,0.99969,0.00241,-2.27787,-0.04846,-0.00964,
412,-99.94775,48.91696,9.89020,0.00276,0.02469,0.99969,0.00241,-2.27692,-0.05018,-0.00941,
412,-100.06476,48.91901,9.88959,0.00277,0.02469,0.99969,0.00239,-2.27873,-0.05022,-0.00956,
412,-100.18571,48.92310,9.89212,0.00279,0.02468,0.99969,0.00238,-2.28143,-0.04995,-0.00892,
412,-100.29889,48.92292,9.89495,0.00279,0.02468,0.99969,0.00239,-2.28278,-0.05096,-0.00826,
412,-100.41422,48.92314,9.89959,0.00280,0.02468,0.99969,0.00239,-2.28486,-0.05174,-0.00699,
412,-100.52877,48.92517,9.90690,0.00281,0.02469,0.99969,0.00240,-2.28693,-0.05201,-0.00499,
412,-100.63551,48.92709,9.91127,0.00281,0.02469,0.99969,0.00239,-2.28732,-0.05190,-0.00380,
412,-100.74459,48.93171,9.91107,0.00282,0.02468,0.99969,0.00237,-2.28820,-0.05060,-0.00388,
412,-100.85498,48.93643,9.91111,0.00283,0.02467,0.99969,0.00235,-2.28922,-0.04941,-0.00392,
412,-100.97000,48.94216,9.90933,0.00283,0.02467,0.99969,0.00232,-2.29049,-0.04816,-0.00443,
413,-101.07971,48.94705,9.90811,0.00284,0.02467,0.99969,0.00230,-2.29103,-0.04705,-0.00483,
413,-101.18257,48.94477,9.90674,0.00284,0.02467,0.99969,0.00230,-2.29057,-0.04788,-0.00511,
413,-101.27634,48.93480,9.90532,0.00283,0.02469,0.99969,0.00231,-2.28836,-0.05089,-0.00529,
413,-101.36854,48.92466,9.90636,0.00282,0.02470,0.99969,0.00233,-2.28579,-0.05415,-0.00492,
413,-101.46518,48.92234,9.90711,0.00281,0.02471,0.99969,0.00233,-2.28412,-0.05512,-0.00475,
413,-101.55789,48.91687,9.90769,0.00280,0.02472,0.99969,0.00232,-2.28193,-0.05665,-0.00464,
413,-101.65159,48.91399,9.90965,0.00280,0.02472,0.99969,0.00230,-2.28003,-0.05729,-0.00424,
413,-101.73977,48.91233,9.91163,0.00279,0.02472,0.99969,0.00230,-2.27708,-0.05801,-0.00379,
413,-101.82129,48.90863,9.90830,0.00277,0.02473,0.99969,0.00230,-2.27248,-0.05904,-0.00440,
413,-101.92477,48.91223,9.90576,0.00276,0.02472,0.99969,0.00228,-2.27166,-0.05828,-0.00488,
413,-102.02089,48.91387,9.90528,0.00276,0.02472,0.99969,0.00227,-2.26978,-0.05818,-0.00500,
413,-102.12029,48.91547,9.90548,0.00275,0.02472,0.99969,0.00226,-2.26859,-0.05809,-0.00495,
413,-102.23882,48.92018,9.90270,0.00276,0.02471,0.99969,0.00224,-2.27051,-0.05715,-0.00556,
413,-102.36223,48.92271,9.90121,0.00277,0.02471,0.99969,0.00222,-2.27339,-0.05690,-0.00592,
413,-102.75877,48.98494,9.89085,0.00279,0.02485,0.99968,0.00221,-2.31103,-0.04633,-0.00735,
413,-102.84958,48.99008,9.88743,0.00279,0.02483,0.99969,0.00217,-2.30897,-0.04443,-0.00809,
413,-102.95951,48.98551,9.88865,0.00279,0.02484,0.99969,0.00218,-2.30956,-0.04642,-0.00775,
413,-103.06796,48.97785,9.88812,0.00278,0.02484,0.99969,0.00219,-2.30947,-0.04927,-0.00780,
413,-103.17493,48.96756,9.88963,0.00278,0.02485,0.99968,0.00221,-2.30940,-0.05301,-0.00744,
414,-103.29410,48.96957,9.89303,0.00278,0.02484,0.99969,0.00221,-2.31147,-0.05307,-0.00676,
414,-103.39745,48.96696,9.89535,0.00278,0.02485,0.99968,0.00220,-2.31077,-0.05416,-0.00629,
414,-103.49588,48.95546,9.90067,0.00277,0.02486,0.99968,0.00223,-2.30968,-0.05812,-0.00519,
414,-103.60120,48.94835,9.91008,0.00277,0.02487,0.99968,0.00226,-2.31001,-0.06109,-0.00322,
414,-103.70783,48.94425,9.91872,0.00277,0.02488,0.99968,0.00227,-2.31065,-0.06302,-0.00151,
414,-103.81493,48.93994,9.92514,0.00277,0.02488,0.99968,0.00228,-2.31124,-0.06474,-0.00028,
414,-103.93461,48.93483,9.92830,0.00277,0.02490,0.99968,0.00229,-2.31346,-0.06665,0.00032,
414,-104.05308,48.92238,9.92886,0.00277,0.02492,0.99968,0.00231,-2.31495,-0.07084,0.00043,
414,-104.16950,48.91521,9.92998,0.00278,0.02492,0.99968,0.00232,-2.31627,-0.07349,0.00055,
414,-104.52186,48.95162,9.93288,0.00282,0.02512,0.99968,0.00241,-2.35292,-0.07090,0.00251,
414,-104.60969,48.94901,9.93392,0.00281,0.02512,0.99968,0.00239,-2.34926,-0.07147,0.00273,
414,-104.72556,48.94575,9.93337,0.00281,0.02512,0.99968,0.00239,-2.35040,-0.07274,0.00247,
414,-104.83938,48.94031,9.93162,0.00282,0.02513,0.99968,0.00238,-2.35099,-0.07443,0.00201,
414,-104.97907,48.94175,9.92674,0.00283,0.02513,0.99968,0.00237,-2.35538,-0.07464,0.00071,
414,-105.12106,48.94743,9.92538,0.00285,0.02513,0.99968,0.00236,-2.36035,-0.07370,0.00028,
414,-105.24298,48.94696,9.92844,0.00285,0.02513,0.99968,0.00237,-2.36224,-0.07466,0.00108,
414,-105.37777,48.95177,9.92525,0.00286,0.02513,0.99968,0.00235,-2.36577,-0.07370,0.00035,
414,-105.50835,48.95850,9.92070,0.00288,0.02512,0.99968,0.00232,-2.36880,-0.07188,-0.00089,
414,-105.62688,48.96326,9.91937,0.00289,0.02512,0.99968,0.00231,-2.37016,-0.07072,-0.00127,
414,-105.73000,48.96360,9.92002,0.00288,0.02512,0.99968,0.00230,-2.36892,-0.07067,-0.00110,
414,-105.82974,48.96279,9.91895,0.00287,0.02512,0.99968,0.00228,-2.36685,-0.07066,-0.00129,
415,-105.92673,48.96479,9.91814,0.00286,0.02512,0.99968,0.00226,-2.36467,-0.06958,-0.00147,
415,-106.03436,48.97314,9.91596,0.00287,0.02512,0.99968,0.00221,-2.36485,-0.06640,-0.00216,
415,-106.14534,48.98689,9.91504,0.00288,0.02511,0.99968,0.00216,-2.36606,-0.06170,-0.00268,
415,-106.24522,49.00706,9.91554,0.00289,0.02510,0.99968,0.00208,-2.36558,-0.05501,-0.00290,
415,-106.34104,49.03192,9.92002,0.00290,0.02508,0.99968,0.00199,-2.36441,-0.04714,-0.00233,
415,-106.43579,49.06000,9.92552,0.00291,0.02506,0.99968,0.00192,-2.36356,-0.03862,-0.00151,
415,-106.52821,49.08069,9.92834,0.00292,0.02504,0.99968,0.00186,-2.36199,-0.03224,-0.00111,
415,-106.61742,49.09638,9.92340,0.00292,0.02503,0.99968,0.00178,-2.35915,-0.02652,-0.00233,
415,-106.71438,49.11257,9.91886,0.00293,0.02503,0.99968,0.00171,-2.35784,-0.02080,-0.00350,
415,-106.81320,49.13010,9.91958,0.00294,0.02502,0.99968,0.00164,-2.35719,-0.01518,-0.00358,
415,-106.90456,49.14236,9.92294,0.00294,0.02501,0.99968,0.00160,-2.35538,-0.01125,-0.00306,
415,-106.99724,49.15337,9.92567,0.00294,0.02501,0.99968,0.00157,-2.35390,-0.00789,-0.00271,
415,-107.09767,49.16084,9.92465,0.00295,0.02501,0.99968,0.00153,-2.35326,-0.00544,-0.00309,
415,-106.84995,49.25416,9.93648,0.00300,0.02506,0.99968,0.00127,-2.31074,0.02610,-0.00199,
415,-106.96565,49.25605,9.93260,0.00301,0.02506,0.99968,0.00126,-2.31259,0.02613,-0.00294,
415,-107.06510,49.25391,9.93111,0.00301,0.02507,0.99968,0.00127,-2.31135,0.02510,-0.00322,
415,-107.17900,49.25081,9.93104,0.00301,0.02508,0.99968,0.00129,-2.31247,0.02320,-0.00311,
415,-107.29279,49.24414,9.93362,0.00301,0.02509,0.99968,0.00132,-2.31328,0.02031,-0.00245,
415,-107.41043,49.23739,9.93565,0.00300,0.02511,0.99968,0.00134,-2.31446,0.01746,-0.00201,
416,-107.53017,49.23513,9.93416,0.00300,0.02512,0.99968,0.00134,-2.31629,0.01609,-0.00245,
416,-107.63829,49.22859,9.92581,0.00300,0.02512,0.99968,0.00135,-2.31585,0.01413,-0.00405,
416,-107.74976,49.21895,9.91607,0.00300,0.02513,0.99968,0.00137,-2.31581,0.01108,-0.00583,
416,-107.86238,49.21612,9.91074,0.00300,0.02513,0.99968,0.00138,-2.31666,0.00987,-0.00678,
416,-107.97807,49.20233,9.90498,0.00300,0.02514,0.99968,0.00140,-2.31745,0.00568,-0.00775,
416,-108.10620,49.18923,9.89874,0.00301,0.02516,0.99968,0.00143,-2.32072,0.00157,-0.00899,
416,-108.24117,49.18477,9.89493,0.00302,0.02516,0.99968,0.00144,-2.32504,-0.00056,-0.00967,
416,-108.38197,49.18310,9.89520,0.00304,0.02517,0.99968,0.00145,-2.33029,-0.00208,-0.00959,
416,-108.51458,49.18630,9.89419,0.00305,0.02517,0.99968,0.00144,-2.33419,-0.00158,-0.00982,
416,-108.63857,49.18519,9.89084,0.00306,0.02517,0.99968,0.00143,-2.33672,-0.00216,-0.01052,
416,-108.75809,49.19568,9.88646,0.00308,0.02516,0.99968,0.00140,-2.33948,0.00063,-0.01167,
416,-108.92784,49.28697,9.88536,0.00321,0.02517,0.99968,0.00132,-2.35488,0.02016,-0.01260,
416,-109.03980,49.28647,9.88984,0.00320,0.02517,0.99968,0.00133,-2.35512,0.01916,-0.01148,
416,-109.16256,49.29450,9.89183,0.00321,0.02516,0.99968,0.00132,-2.35817,0.02068,-0.01100,
416,-109.28506,49.29794,9.89290,0.00322,0.02517,0.99968,0.00131,-2.36083,0.02083,-0.01071,
416,-109.40489,49.29888,9.89249,0.00323,0.02517,0.99968,0.00132,-2.36317,0.02031,-0.01080,
416,-109.52389,49.30200,9.89412,0.00325,0.02517,0.99968,0.00132,-2.36580,0.02046,-0.01038,
416,-109.64243,49.30727,9.89701,0.00326,0.02517,0.99968,0.00132,-2.36823,0.02132,-0.00964,
416,-109.75663,49.31045,9.89728,0.00326,0.02517,0.99968,0.00131,-2.36940,0.02175,-0.00964,
416,-109.86236,49.31733,9.89574,0.00326,0.02517,0.99968,0.00128,-2.36887,0.02342,-0.01006,
416,-109.96482,49.32536,9.89392,0.00326,0.02517,0.99968,0.00126,-2.36787,0.02566,-0.01048,
417,-110.06768,49.33281,9.89090,0.00326,0.02517,0.99968,0.00123,-2.36703,0.02781,-0.01113,
417,-110.17108,49.34399,9.88741,0.00326,0.02516,0.99968,0.00119,-2.36619,0.03109,-0.01193,
417,-110.27439,49.35310,9.88459,0.00325,0.02515,0.99968,0.00116,-2.36497,0.03370,-0.01249,
417,-110.37254,49.36116,9.88279,0.00324,0.02515,0.99968,0.00113,-2.36302,0.03588,-0.01284,
417,-110.46309,49.36192,9.87998,0.00322,0.02516,0.99968,0.00113,-2.35973,0.03574,-0.01325,
417,-110.56035,49.35321,9.87707,0.00320,0.02518,0.99968,0.00116,-2.35713,0.03266,-0.01345,
417,-110.65448,49.35866,9.87547,0.00319,0.02518,0.99968,0.00115,-2.35459,0.03403,-0.01367,
417,-110.74230,49.36613,9.87393,0.00317,0.02518,0.99968,0.00112,-2.35137,0.03622,-0.01402,
417,-110.83395,49.37421,9.87318,0.00316,0.02518,0.99968,0.00108,-2.34915,0.03896,-0.01423,
417,-110.92775,49.38316,9.87409,0.00316,0.02518,0.99968,0.00105,-2.34746,0.04182,-0.01410,
417,-111.03195,49.38847,9.87240,0.00316,0.02518,0.99968,0.00103,-2.34729,0.04295,-0.01438,
417,-111.13652,49.39474,9.87029,0.00317,0.02519,0.99968,0.00102,-2.34714,0.04418,-0.01484,
417,-111.24758,49.40054,9.87072,0.00317,0.02519,0.99968,0.00102,-2.34807,0.04520,-0.01472,
417,-111.35713,49.40760,9.87021,0.00318,0.02520,0.99968,0.00100,-2.34885,0.04687,-0.01478,
417,-110.74290,49.50391,9.86605,0.00299,0.02511,0.99968,0.00061,-2.24298,0.08315,-0.01598,
417,-110.80310,49.51728,9.87441,0.00300,0.02511,0.99968,0.00061,-2.23842,0.08645,-0.01407,
417,-110.89574,49.52413,9.87672,0.00300,0.02510,0.99968,0.00060,-2.23722,0.08789,-0.01358,
417,-111.00212,49.53585,9.87986,0.00301,0.02510,0.99968,0.00058,-2.23841,0.09044,-0.01301,
417,-111.10603,49.54569,9.88263,0.00302,0.02510,0.99968,0.00058,-2.23895,0.09221,-0.01254,
418,-111.21450,49.54881,9.88008,0.00302,0.02510,0.99968,0.00058,-2.23963,0.09210,-0.01316,
418,-111.33748,49.54460,9.87606,0.00303,0.02510,0.99968,0.00060,-2.24237,0.08950,-0.01392,
418,-111.45903,49.54121,9.87230,0.00304,0.02510,0.99968,0.00063,-2.24505,0.08715,-0.01467,
418,-111.59052,49.53693,9.87007,0.00305,0.02511,0.99968,0.00066,-2.24948,0.08438,-0.01516,
418,-111.72873,49.53966,9.86834,0.00307,0.02512,0.99968,0.00067,-2.25496,0.08371,-0.01543,
418,-111.85437,49.54412,9.86782,0.00308,0.02512,0.99968,0.00068,-2.25878,0.08374,-0.01562,
418,-111.96766,49.54386,9.86785,0.00310,0.02513,0.99968,0.00071,-2.26066,0.08234,-0.01575,
418,-112.07075,49.52744,9.86719,0.00310,0.02516,0.99968,0.00077,-2.26077,0.07644,-0.01589,
418,-112.06390,49.56235,9.86265,0.00306,0.02513,0.99968,0.00078,-2.24328,0.08216,-0.01613,
418,-112.17094,49.55963,9.86311,0.00307,0.02514,0.99968,0.00080,-2.24431,0.08036,-0.01582,
418,-112.30259,49.55672,9.86428,0.00309,0.02514,0.99968,0.00085,-2.24968,0.07716,-0.01526,
418,-112.41419,49.54160,9.86084,0.00310,0.02517,0.99968,0.00092,-2.25116,0.07084,-0.01574,
418,-112.52003,49.52495,9.85852,0.00310,0.02519,0.99968,0.00098,-2.25204,0.06406,-0.01595,
418,-112.61699,49.51048,9.85633,0.00310,0.02522,0.99968,0.00105,-2.25117,0.05804,-0.01631,
418,-112.70828,49.49709,9.85880,0.00310,0.02524,0.99968,0.00111,-2.24987,0.05247,-0.01550,
418,-112.78048,49.48288,9.86369,0.00310,0.02526,0.99968,0.00114,-2.24590,0.04798,-0.01438,
418,-112.86208,49.47056,9.86522,0.00308,0.02528,0.99967,0.00116,-2.24262,0.04391,-0.01401,
418,-112.97695,49.46758,9.86552,0.00308,0.02529,0.99967,0.00118,-2.24440,0.04156,-0.01374,
418,-113.08883,49.46626,9.86173,0.00307,0.02530,0.99967,0.00119,-2.24490,0.04017,-0.01406,
418,-113.12109,49.46004,9.83918,0.00305,0.02528,0.99967,0.00127,-2.23393,0.03497,-0.01884,
418,-113.16828,49.46656,9.83843,0.00303,0.02528,0.99968,0.00123,-2.22470,0.03733,-0.01890,
419,-113.27098,49.46611,9.84118,0.00304,0.02529,0.99967,0.00124,-2.22541,0.03626,-0.01808,
419,-113.38788,49.46995,9.84143,0.00305,0.02530,0.99967,0.00124,-2.22793,0.03648,-0.01784,
419,-113.51209,49.47779,9.84313,0.00306,0.02530,0.99967,0.00122,-2.23164,0.03796,-0.01735,
419,-113.63437,49.48709,9.84505,0.00306,0.02530,0.99967,0.00120,-2.23509,0.04017,-0.01688,
419,-113.74815,49.49535,9.84731,0.00307,0.02530,0.99967,0.00117,-2.23732,0.04214,-0.01638,
419,-113.87380,49.50760,9.84812,0.00309,0.02529,0.99967,0.00115,-2.24156,0.04510,-0.01639,
419,-114.00042,49.52246,9.85019,0.00311,0.02529,0.99967,0.00111,-2.24587,0.04896,-0.01606,
419,-114.11071,49.53298,9.85236,0.00311,0.02529,0.99967,0.00107,-2.24744,0.05199,-0.01561,
419,-114.22404,49.54515,9.85505,0.00312,0.02532,0.99967,0.00100,-2.24956,0.05520,-0.01499,
419,-114.34368,49.56415,9.85675,0.00313,0.02540,0.99967,0.00088,-2.25274,0.06067,-0.01472,
419,-114.46178,49.58135,9.85637,0.00314,0.02558,0.99967,0.00075,-2.25534,0.06566,-0.01483,
419,-114.58562,49.59690,9.85425,0.00316,0.02588,0.99966,0.00062,-2.25888,0.06997,-0.01532,
419,-114.70860,49.61105,9.85421,0.00317,0.02630,0.99965,0.00050,-2.26240,0.07364,-0.01535,
419,-114.82704,49.62467,9.85482,0.00317,0.02685,0.99963,0.00037,-2.26506,0.07719,-0.01532,
419,-114.94037,49.63421,9.85458,0.00318,0.02750,0.99962,0.00026,-2.26703,0.07979,-0.01537,
419,-115.04688,49.63828,9.85200,0.00318,0.02825,0.99960,0.00016,-2.26729,0.08069,-0.01575,
419,-115.15368,49.63823,9.84860,0.00316,0.02908,0.99957,0.00008,-2.26701,0.08017,-0.01618,
419,-115.27352,49.64090,9.84554,0.00316,0.02998,0.99955,0.00001,-2.26886,0.08010,-0.01647,
419,-115.38890,49.64363,9.84064,0.00316,0.03093,0.99952,-0.00007,-2.27026,0.08048,-0.01728,
420,-116.16966,49.76790,9.85684,0.00343,0.03185,0.99949,-0.00030,-2.38032,0.10775,-0.01419,
420,-116.28642,49.78034,9.85222,0.00342,0.03281,0.99946,-0.00041,-2.38109,0.11185,-0.01507,
420,-116.40832,49.78672,9.84827,0.00343,0.03379,0.99942,-0.00048,-2.38329,0.11332,-0.01607,
420,-116.53631,49.79237,9.84567,0.00344,0.03477,0.99939,-0.00058,-2.38665,0.11460,-0.01682,
420,-116.66664,49.79871,9.84483,0.00344,0.03578,0.99935,-0.00069,-2.39034,0.11589,-0.01704,
420,-116.79254,49.80462,9.84597,0.00345,0.03683,0.99932,-0.00080,-2.39344,0.11695,-0.01672,
420,-116.91103,49.80936,9.84427,0.00345,0.03795,0.99927,-0.00093,-2.39523,0.11843,-0.01718,
420,-117.01893,49.81277,9.84343,0.00345,0.03915,0.99923,-0.00107,-2.39545,0.11996,-0.01744,
420,-117.12114,49.81125,9.84216,0.00344,0.04043,0.99918,-0.00119,-2.39464,0.11988,-0.01765,
420,-117.21574,49.80366,9.84132,0.00342,0.04180,0.99912,-0.00128,-2.39284,0.11761,-0.01768,
420,-117.28434,49.79246,9.83859,0.00340,0.04322,0.99906,-0.00136,-2.38654,0.11503,-0.01817,
420,-117.08890,49.75888,9.86428,0.00340,0.04474,0.99899,-0.00136,-2.34458,0.10323,-0.01344,
420,-117.13358,49.74551,9.86755,0.00336,0.04624,0.99892,-0.00143,-2.33323,0.09980,-0.01240,
420,-117.23841,49.75030,9.87172,0.00337,0.04779,0.99885,-0.00153,-2.33375,0.10222,-0.01135,
420,-117.35448,49.75868,9.87404,0.00338,0.04934,0.99877,-0.00163,-2.33594,0.10595,-0.01085,
420,-117.45525,49.76130,9.87396,0.00338,0.05089,0.99870,-0.00171,-2.33494,0.10773,-0.01093,
420,-117.54944,49.75976,9.87578,0.00338,0.05242,0.99862,-0.00175,-2.33297,0.10772,-0.01031,
420,-117.67094,49.76727,9.87802,0.00338,0.05395,0.99854,-0.00181,-2.33555,0.11047,-0.00974,
420,-118.01660,49.82372,9.87870,0.00359,0.05540,0.99846,-0.00194,-2.38527,0.12485,-0.01081,
420,-118.10624,49.83205,9.87724,0.00357,0.05685,0.99837,-0.00201,-2.38106,0.12863,-0.01121,
420,-118.22498,49.84043,9.87776,0.00358,0.05826,0.99829,-0.00205,-2.38303,0.13213,-0.01112,
421,-118.35184,49.85071,9.87702,0.00359,0.05963,0.99821,-0.00211,-2.38620,0.13638,-0.01137,
421,-118.47327,49.85863,9.87646,0.00359,0.06096,0.99813,-0.00215,-2.38850,0.13993,-0.01141,
421,-118.60142,49.86943,9.87518,0.00360,0.06224,0.99805,-0.00220,-2.39178,0.14433,-0.01166,
421,-118.73460,49.88241,9.87258,0.00360,0.06348,0.99797,-0.00225,-2.39542,0.14928,-0.01218,
421,-118.86733,49.89575,9.87058,0.00359,0.06470,0.99790,-0.00229,-2.39860,0.15435,-0.01241,
421,-118.42267,49.82806,9.86037,0.00341,0.06592,0.99782,-0.00227,-2.29283,0.14153,-0.01476,
421,-118.51645,49.82348,9.85912,0.00339,0.06710,0.99774,-0.00223,-2.28928,0.14015,-0.01485,
421,-118.58987,49.82182,9.85706,0.00336,0.06823,0.99766,-0.00221,-2.28182,0.14024,-0.01499,
421,-118.66100,49.82015,9.85675,0.00332,0.06935,0.99758,-0.00219,-2.27401,0.14033,-0.01449,
421,-118.75978,49.82763,9.85636,0.00330,0.07045,0.99751,-0.00219,-2.27154,0.14346,-0.01424,
421,-118.88450,49.84175,9.85582,0.00330,0.07153,0.99743,-0.00219,-2.27440,0.14855,-0.01420,
421,-119.02520,49.86093,9.85295,0.00330,0.07260,0.99735,-0.00221,-2.28030,0.15532,-0.01492,
421,-119.14539,49.87260,9.84932,0.00330,0.07367,0.99728,-0.00222,-2.28203,0.15953,-0.01580,
421,-119.27477,49.88764,9.84620,0.00330,0.07472,0.99720,-0.00223,-2.28561,0.16491,-0.01664,
421,-119.83782,49.93812,9.84312,0.00340,0.07579,0.99712,-0.00219,-2.37808,0.17591,-0.01694,
421,-119.96689,49.95461,9.84192,0.00345,0.07684,0.99703,-0.00222,-2.38363,0.18253,-0.01745,
421,-120.09675,49.96641,9.84150,0.00345,0.07788,0.99695,-0.00220,-2.38711,0.18627,-0.01728,
421,-120.24361,49.98373,9.84288,0.00347,0.07889,0.99687,-0.00220,-2.39458,0.19200,-0.01669,
421,-120.38341,49.99953,9.84583,0.00348,0.07989,0.99680,-0.00220,-2.40073,0.19721,-0.01567,
422,-120.49647,50.01047,9.84698,0.00349,0.08088,0.99672,-0.00219,-2.40119,0.20106,-0.01511,
422,-120.60520,50.02049,9.84669,0.00349,0.08185,0.99664,-0.00217,-2.40060,0.20441,-0.01506,
422,-120.70398,50.02427,9.84385,0.00348,0.08281,0.99656,-0.00212,-2.39749,0.20520,-0.01580,
422,-120.65695,50.02379,9.85719,0.00342,0.08382,0.99647,-0.00206,-2.35827,0.20475,-0.01156,
422,-120.78681,50.03315,9.85179,0.00343,0.08472,0.99640,-0.00203,-2.36263,0.20741,-0.01317,
422,-120.90389,50.04576,9.84903,0.00344,0.08562,0.99632,-0.00202,-2.36370,0.21144,-0.01405,
422,-121.02342,50.05765,9.84684,0.00344,0.08651,0.99624,-0.00199,-2.36530,0.21476,-0.01461,
422,-121.14623,50.06942,9.84635,0.00344,0.08737,0.99617,-0.00195,-2.36754,0.21768,-0.01458,
422,-121.25926,50.07720,9.84488,0.00343,0.08822,0.99609,-0.00190,-2.36736,0.21919,-0.01481,
422,-121.36081,50.08282,9.84242,0.00342,0.08906,0.99602,-0.00186,-2.36454,0.22009,-0.01539,
422,-121.47822,50.09466,9.84333,0.00342,0.08987,0.99595,-0.00181,-2.36589,0.22272,-0.01489,
422,-121.59392,50.10448,9.84396,0.00341,0.09067,0.99587,-0.00174,-2.36664,0.22424,-0.01442,
422,-121.69308,50.10765,9.84293,0.00340,0.09144,0.99580,-0.00166,-2.36327,0.22350,-0.01445,
422,-121.79880,50.11234,9.84064,0.00339,0.09220,0.99573,-0.00158,-2.36173,0.22329,-0.01498,
422,-122.01868,50.16151,9.82712,0.00342,0.09293,0.99567,-0.00173,-2.38522,0.24322,-0.01868,
422,-122.08994,50.17244,9.82335,0.00341,0.09357,0.99561,-0.00165,-2.37486,0.24598,-0.01963,
422,-122.17874,50.17362,9.82275,0.00339,0.09409,0.99556,-0.00147,-2.36865,0.24378,-0.01942,
422,-122.28028,50.18185,9.82139,0.00339,0.09447,0.99552,-0.00131,-2.36575,0.24440,-0.01963,
422,-122.38321,50.19049,9.82153,0.00339,0.09470,0.99550,-0.00116,-2.36329,0.24523,-0.01933,
422,-122.48047,50.19722,9.81828,0.00339,0.09477,0.99549,-0.00100,-2.35949,0.24526,-0.02015,
422,-122.57744,50.20415,9.81597,0.00338,0.09470,0.99550,-0.00083,-2.35565,0.24514,-0.02064,
423,-122.67447,50.21149,9.81549,0.00337,0.09448,0.99552,-0.00065,-2.35188,0.24487,-0.02051,
423,-122.77464,50.22107,9.81396,0.00337,0.09415,0.99555,-0.00049,-2.34897,0.24534,-0.02081,
423,-122.89014,50.23592,9.81546,0.00339,0.09373,0.99559,-0.00034,-2.35016,0.24742,-0.02021,
423,-123.01875,50.25556,9.81780,0.00341,0.09322,0.99564,-0.00021,-2.35445,0.25096,-0.01937,
423,-123.14995,50.27778,9.81932,0.00344,0.09266,0.99569,-0.00009,-2.35947,0.25524,-0.01882,
423,-123.28510,50.29882,9.82021,0.00348,0.09206,0.99575,0.00003,-2.36576,0.25891,-0.01850,
423,-123.41669,50.31798,9.81988,0.00350,0.09145,0.99580,0.00015,-2.37067,0.26173,-0.01848,
423,-123.70738,50.38068,9.81383,0.00360,0.09092,0.99585,0.00013,-2.41171,0.27976,-0.02018,
423,-123.83393,50.39058,9.81017,0.00360,0.09034,0.99590,0.00024,-2.41444,0.27918,-0.02091,
423,-123.93957,50.40485,9.81061,0.00360,0.08977,0.99596,0.00035,-2.41271,0.28008,-0.02049,
423,-124.04691,50.42165,9.81118,0.00361,0.08923,0.99600,0.00044,-2.41148,0.28181,-0.02015,
423,-124.15182,50.43987,9.80948,0.00361,0.08873,0.99605,0.00052,-2.40959,0.28419,-0.02061,
423,-124.25603,50.45851,9.80713,0.00362,0.08827,0.99609,0.00059,-2.40757,0.28657,-0.02128,
423,-124.35901,50.47680,9.80696,0.00362,0.08785,0.99613,0.00066,-2.40549,0.28859,-0.02123,
423,-124.46037,50.49762,9.80528,0.00363,0.08746,0.99616,0.00070,-2.40315,0.29191,-0.02162,
423,-124.56607,50.51616,9.80452,0.00364,0.08710,0.99619,0.00076,-2.40179,0.29412,-0.02168,
423,-124.67792,50.53279,9.80634,0.00365,0.08673,0.99622,0.00085,-2.40186,0.29516,-0.02082,
423,-124.78196,50.55004,9.80894,0.00365,0.08631,0.99626,0.00096,-2.40033,0.29644,-0.01977,
423,-124.88943,50.56722,9.80955,0.00366,0.08583,0.99630,0.00107,-2.39944,0.29738,-0.01940,
424,-125.01571,50.57751,9.81113,0.00366,0.08526,0.99635,0.00123,-2.40243,0.29488,-0.01869,
424,-125.14101,50.58742,9.81221,0.00367,0.08456,0.99641,0.00138,-2.40529,0.29234,-0.01812,
424,-125.26665,50.59890,9.81146,0.00368,0.08377,0.99648,0.00152,-2.40837,0.29053,-0.01807,
424,-125.38460,50.61120,9.81105,0.00369,0.08289,0.99655,0.00163,-2.40970,0.28923,-0.01795,
424,-125.24978,50.65353,9.81200,0.00359,0.08198,0.99663,0.00152,-2.34663,0.30285,-0.01730,
424,-125.37263,50.66300,9.80855,0.00362,0.08094,0.99671,0.00166,-2.35038,0.29970,-0.01813,
424,-125.48850,50.67598,9.80561,0.00363,0.07986,0.99680,0.00177,-2.35188,0.29804,-0.01882,
424,-125.60347,50.69104,9.80135,0.00365,0.07874,0.99689,0.00187,-2.35316,0.29701,-0.01997,
424,-125.72126,50.70647,9.79860,0.00367,0.07760,0.99698,0.00197,-2.35525,0.29591,-0.02054,
424,-125.83918,50.72290,9.79682,0.00369,0.07645,0.99706,0.00205,-2.35747,0.29544,-0.02083,
424,-125.88396,50.79138,9.80236,0.00371,0.07537,0.99715,0.00188,-2.34148,0.31655,-0.01913,
424,-125.98224,50.80802,9.80401,0.00372,0.07425,0.99723,0.00196,-2.33905,0.31555,-0.01835,
424,-126.09929,50.82360,9.80260,0.00374,0.07315,0.99731,0.00204,-2.34126,0.31406,-0.01858,
424,-126.22250,50.83889,9.80276,0.00375,0.07208,0.99739,0.00212,-2.34511,0.31238,-0.01824,
424,-126.34863,50.85370,9.80330,0.00376,0.07104,0.99746,0.00219,-2.34950,0.31036,-0.01773,
424,-126.48145,50.86277,9.80431,0.00376,0.07004,0.99753,0.00229,-2.35536,0.30587,-0.01708,
424,-126.41706,50.88836,9.81727,0.00376,0.06913,0.99760,0.00224,-2.31213,0.30994,-0.01256,
424,-126.52381,50.90268,9.81693,0.00376,0.06820,0.99766,0.00230,-2.31201,0.30797,-0.01249,
424,-126.63860,50.91896,9.81606,0.00377,0.06730,0.99772,0.00233,-2.31404,0.30688,-0.01258,
424,-126.75232,50.93766,9.81454,0.00378,0.06642,0.99778,0.00234,-2.31573,0.30693,-0.01293,
424,-126.86530,50.95675,9.81301,0.00379,0.06557,0.99784,0.00235,-2.31726,0.30722,-0.01330,
425,-126.98034,50.97403,9.81137,0.00380,0.06475,0.99789,0.00236,-2.31932,0.30667,-0.01367,
425,-127.09995,50.98803,9.81002,0.00381,0.06394,0.99794,0.00239,-2.32245,0.30447,-0.01388,
425,-127.07947,51.02323,9.81588,0.00385,0.06313,0.99800,0.00224,-2.29174,0.31404,-0.01163,
425,-127.17999,51.03612,9.81292,0.00383,0.06234,0.99804,0.00227,-2.28957,0.31142,-0.01256,
425,-127.28893,51.05596,9.80925,0.00384,0.06156,0.99809,0.00227,-2.29006,0.31204,-0.01381,
425,-127.39740,51.06899,9.80701,0.00383,0.06078,0.99814,0.00228,-2.29021,0.30977,-0.01449,
425,-127.50745,51.07995,9.80502,0.00382,0.06001,0.99819,0.00229,-2.29076,0.30657,-0.01501,
425,-127.62036,51.09214,9.80495,0.00382,0.05924,0.99823,0.00231,-2.29237,0.30378,-0.01484,
425,-127.68686,51.09598,9.80858,0.00379,0.05851,0.99828,0.00243,-2.28145,0.29477,-0.01314,
425,-127.78333,51.10415,9.80635,0.00377,0.05775,0.99832,0.00246,-2.27815,0.29031,-0.01390,
425,-127.89387,51.11665,9.80624,0.00377,0.05700,0.99836,0.00247,-2.27929,0.28780,-0.01374,
425,-128.00542,51.12844,9.80601,0.00377,0.05625,0.99841,0.00248,-2.28070,0.28494,-0.01363,
425,-128.12014,51.14244,9.80538,0.00378,0.05552,0.99845,0.00248,-2.28305,0.28309,-0.01364,
425,-128.23984,51.16174,9.80425,0.00378,0.05478,0.99849,0.00245,-2.28657,0.28362,-0.01376,
425,-128.35498,51.17771,9.80240,0.00378,0.05406,0.99853,0.00243,-2.28865,0.28275,-0.01417,
425,-128.46865,51.19217,9.79964,0.00378,0.05334,0.99857,0.00241,-2.29013,0.28134,-0.01497,
425,-128.58458,51.20904,9.79641,0.00377,0.05264,0.99860,0.00239,-2.29209,0.28104,-0.01587,
425,-128.70627,51.23202,9.79237,0.00377,0.05194,0.99864,0.00234,-2.29549,0.28320,-0.01700,
425,-128.61391,51.20298,9.79314,0.00365,0.05125,0.99868,0.00243,-2.23969,0.26633,-0.01697,
426,-128.75395,51.23126,9.79258,0.00369,0.05058,0.99871,0.00236,-2.24974,0.27093,-0.01701,
426,-128.89311,51.26036,9.79078,0.00371,0.04993,0.99874,0.00229,-2.25881,0.27576,-0.01741,
426,-129.02695,51.28509,9.78973,0.00372,0.04930,0.99877,0.00224,-2.26637,0.27867,-0.01750,
426,-129.15112,51.30314,9.78970,0.00373,0.04869,0.99880,0.00221,-2.27151,0.27885,-0.01719,
426,-129.26967,51.31836,9.78974,0.00373,0.04810,0.99883,0.00219,-2.27490,0.27787,-0.01693,
426,-129.38856,51.33426,9.78933,0.00374,0.04753,0.99886,0.00216,-2.27823,0.27726,-0.01682,
426,-129.49976,51.34609,9.78984,0.00374,0.04697,0.99889,0.00215,-2.27957,0.27517,-0.01641,
426,-129.60537,51.35440,9.79023,0.00373,0.04643,0.99891,0.00215,-2.27944,0.27169,-0.01606,
426,-129.71952,51.36649,9.79033,0.00373,0.04591,0.99894,0.00213,-2.28159,0.26974,-0.01579,
426,-129.84050,51.38296,9.78980,0.00373,0.04540,0.99896,0.00210,-2.28522,0.26954,-0.01568,
426,-129.95208,51.39482,9.78861,0.00373,0.04491,0.99898,0.00208,-2.28622,0.26767,-0.01584,
426,-130.06317,51.40661,9.78703,0.00372,0.04442,0.99900,0.00206,-2.28708,0.26587,-0.01610,
426,-130.22767,51.43440,9.77498,0.00370,0.04389,0.99903,0.00204,-2.29985,0.27053,-0.01977,
426,-130.32400,51.44786,9.77491,0.00371,0.04342,0.99905,0.00196,-2.29717,0.27051,-0.01927,
426,-130.42403,51.45632,9.77282,0.00369,0.04296,0.99907,0.00194,-2.29486,0.26770,-0.01975,
426,-130.52093,51.46240,9.77132,0.00367,0.04251,0.99909,0.00192,-2.29175,0.26395,-0.02002,
426,-130.60450,51.46431,9.76858,0.00364,0.04206,0.99911,0.00192,-2.28494,0.25875,-0.02075,
426,-130.68184,51.46208,9.76571,0.00361,0.04163,0.99912,0.00193,-2.27698,0.25205,-0.02146,
426,-130.75937,51.45869,9.76449,0.00359,0.04121,0.99914,0.00196,-2.26956,0.24496,-0.02155,
426,-130.84672,51.45927,9.76346,0.00358,0.04079,0.99916,0.00196,-2.26487,0.23955,-0.02157,
426,-130.97655,51.44628,9.76792,0.00358,0.04039,0.99918,0.00216,-2.27029,0.22504,-0.01966,
427,-131.06787,51.45021,9.76994,0.00358,0.04000,0.99919,0.00214,-2.26647,0.22123,-0.01873,
427,-131.16941,51.45709,9.76951,0.00357,0.03961,0.99921,0.00213,-2.26501,0.21820,-0.01862,
427,-131.27475,51.46457,9.76974,0.00357,0.03924,0.99922,0.00210,-2.26480,0.21555,-0.01828,
427,-131.39093,51.47558,9.77233,0.00357,0.03887,0.99924,0.00208,-2.26778,0.21431,-0.01701,
427,-131.51550,51.48904,9.77435,0.00358,0.03852,0.99925,0.00205,-2.27312,0.21395,-0.01597,
427,-131.64844,51.50507,9.77591,0.00361,0.03818,0.99926,0.00202,-2.28074,0.21454,-0.01516,
427,-131.78931,51.52525,9.77591,0.00362,0.03785,0.99928,0.00196,-2.29003,0.21699,-0.01492,
427,-131.90050,51.51825,9.78635,0.00362,0.03756,0.99929,0.00214,-2.29052,0.20528,-0.01076,
427,-132.03058,51.53205,9.78525,0.00364,0.03724,0.99930,0.00208,-2.29761,0.20592,-0.01099,
427,-132.15905,51.54720,9.78521,0.00365,0.03693,0.99931,0.00204,-2.30393,0.20680,-0.01079,
427,-132.29986,51.56699,9.78454,0.00367,0.03662,0.99932,0.00199,-2.31387,0.20954,-0.01080,
427,-132.44583,51.58917,9.78361,0.00369,0.03631,0.99933,0.00193,-2.32504,0.21333,-0.01093,
427,-132.58466,51.60850,9.78225,0.00370,0.03601,0.99934,0.00189,-2.33366,0.21574,-0.01115,
427,-132.70934,51.62246,9.78212,0.00371,0.03573,0.99935,0.00186,-2.33788,0.21595,-0.01088,
427,-132.82012,51.63170,9.78176,0.00369,0.03546,0.99936,0.00184,-2.33771,0.21438,-0.01075,
427,-132.93916,51.64413,9.77808,0.00368,0.03519,0.99937,0.00180,-2.33961,0.21413,-0.01183,
427,-133.05441,51.65478,9.77434,0.00366,0.03493,0.99938,0.00178,-2.34041,0.21310,-0.01293,
427,-133.18297,51.67101,9.77188,0.00366,0.03468,0.99939,0.00173,-2.34509,0.21443,-0.01354,
427,-133.30824,51.68577,9.77052,0.00365,0.03442,0.99940,0.00168,-2.34895,0.21538,-0.01371,
428,-133.42352,51.69605,9.76901,0.00365,0.03418,0.99941,0.00165,-2.35019,0.21443,-0.01392,
428,-133.53446,51.70453,9.76586,0.00365,0.03394,0.99942,0.00164,-2.35014,0.21286,-0.01479,
428,-133.75620,51.73167,9.77174,0.00369,0.03377,0.99942,0.00172,-2.38083,0.21384,-0.01239,
428,-133.85835,51.73930,9.76932,0.00367,0.03354,0.99943,0.00169,-2.37796,0.21218,-0.01297,
428,-133.96494,51.74728,9.76580,0.00365,0.03331,0.99944,0.00167,-2.37587,0.21040,-0.01398,
428,-134.10209,51.76582,9.76116,0.00366,0.03309,0.99944,0.00163,-2.38220,0.21259,-0.01539,
428,-134.23701,51.78263,9.75843,0.00366,0.03288,0.99945,0.00159,-2.38802,0.21402,-0.01613,
428,-134.36511,51.79641,9.75585,0.00366,0.03267,0.99946,0.00156,-2.39202,0.21425,-0.01687,
428,-134.48052,51.80511,9.75329,0.00366,0.03247,0.99946,0.00156,-2.39262,0.21252,-0.01761,
428,-134.58464,51.80958,9.75192,0.00366,0.03228,0.99947,0.00155,-2.39062,0.20962,-0.01790,
428,-134.69516,51.81649,9.74972,0.00367,0.03208,0.99948,0.00154,-2.39046,0.20779,-0.01846,
428,-134.81814,51.82675,9.74890,0.00368,0.03190,0.99948,0.00152,-2.39361,0.20686,-0.01857,
428,-134.96396,51.84637,9.74801,0.00370,0.03172,0.99949,0.00148,-2.40244,0.20949,-0.01863,
428,-135.10035,51.86331,9.74720,0.00372,0.03154,0.99949,0.00144,-2.40859,0.21137,-0.01865,
428,-135.21897,51.87382,9.74582,0.00372,0.03137,0.99950,0.00141,-2.41011,0.21107,-0.01889,
428,-135.33851,51.88511,9.74385,0.00372,0.03120,0.99951,0.00138,-2.41173,0.21113,-0.01931,
428,-135.43912,51.88918,9.74103,0.00371,0.03104,0.99951,0.00137,-2.40859,0.20868,-0.02001,
428,-135.57646,51.90779,9.73243,0.00374,0.03090,0.99951,0.00136,-2.41461,0.21016,-0.02272,
428,-135.69350,51.92759,9.72709,0.00372,0.03074,0.99952,0.00128,-2.41499,0.21419,-0.02419,
428,-135.80853,51.93801,9.72400,0.00371,0.03059,0.99952,0.00126,-2.41501,0.21383,-0.02494,
428,-135.92004,51.94582,9.72166,0.00371,0.03044,0.99953,0.00126,-2.41429,0.21228,-0.02547,
429,-136.02502,51.95253,9.71831,0.00370,0.03030,0.99953,0.00125,-2.41162,0.21055,-0.02633,
429,-136.11693,51.95042,9.72095,0.00368,0.03017,0.99954,0.00130,-2.40630,0.20511,-0.02521,
429,-136.20027,51.94488,9.72311,0.00366,0.03004,0.99954,0.00136,-2.39916,0.19860,-0.02430,
429,-136.28350,51.94079,9.72476,0.00364,0.02991,0.99955,0.00138,-2.39179,0.19309,-0.02350,
429,-136.36315,51.93587,9.72659,0.00360,0.02979,0.99955,0.00141,-2.38327,0.18733,-0.02257,
429,-136.45953,51.93591,9.72828,0.00358,0.02967,0.99955,0.00144,-2.37927,0.18311,-0.02166,
429,-136.48735,51.91061,9.70643,0.00348,0.02957,0.99956,0.00146,-2.35503,0.16987,-0.02834,
429,-136.59189,51.92084,9.70566,0.00348,0.02945,0.99956,0.00143,-2.35378,0.17009,-0.02832,
429,-136.67907,51.91833,9.70616,0.00345,0.02934,0.99956,0.00146,-2.34764,0.16512,-0.02784,
429,-136.78466,51.92067,9.70773,0.00345,0.02924,0.99957,0.00148,-2.34658,0.16176,-0.02684,
429,-136.89094,51.92449,9.70694,0.00344,0.02913,0.99957,0.00149,-2.34531,0.15925,-0.02677,
429,-137.00546,51.93107,9.70650,0.00343,0.02903,0.99957,0.00148,-2.34615,0.15796,-0.02653,
429,-137.12808,51.93964,9.70674,0.00344,0.02893,0.99957,0.00148,-2.34922,0.15722,-0.02596,
429,-137.24013,51.94455,9.70737,0.00344,0.02884,0.99958,0.00149,-2.34977,0.15526,-0.02527,
429,-137.36896,51.93356,9.69690,0.00333,0.02883,0.99958,0.00151,-2.35057,0.14451,-0.02735,
429,-137.49659,51.95012,9.69676,0.00335,0.02873,0.99958,0.00146,-2.35508,0.14776,-0.02711,
429,-137.63587,51.96406,9.69532,0.00335,0.02864,0.99958,0.00143,-2.36170,0.14934,-0.02723,
429,-137.79000,51.98282,9.69282,0.00336,0.02855,0.99959,0.00139,-2.37172,0.15247,-0.02758,
429,-137.91923,51.99514,9.68835,0.00337,0.02846,0.99959,0.00137,-2.37565,0.15371,-0.02855,
430,-138.05352,52.00919,9.68621,0.00338,0.02838,0.99959,0.00133,-2.38101,0.15571,-0.02860,
430,-138.20686,52.02941,9.68509,0.00340,0.02829,0.99959,0.00129,-2.39073,0.15971,-0.02846,
430,-138.37348,52.05515,9.68228,0.00343,0.02820,0.99960,0.00124,-2.40304,0.16554,-0.02892,
430,-138.53033,52.07810,9.68075,0.00344,0.02812,0.99960,0.00119,-2.41298,0.17049,-0.02886,
430,-138.68603,52.10100,9.67919,0.00345,0.02804,0.99960,0.00114,-2.42231,0.17535,-0.02891,
430,-138.84175,52.12421,9.67770,0.00346,0.02797,0.99960,0.00109,-2.43152,0.18026,-0.02902,
430,-138.98911,52.14329,9.67654,0.00348,0.02790,0.99960,0.00106,-2.43891,0.18351,-0.02899,
430,-139.12720,52.15893,9.67678,0.00348,0.02784,0.99961,0.00103,-2.44424,0.18558,-0.02844,
430,-139.17462,52.17372,9.68241,0.00338,0.02781,0.99961,0.00095,-2.42377,0.18888,-0.02622,
430,-139.30231,52.18728,9.68196,0.00339,0.02774,0.99961,0.00097,-2.42770,0.18966,-0.02593,
430,-139.41972,52.19682,9.67996,0.00339,0.02768,0.99961,0.00096,-2.42805,0.18962,-0.02616,
430,-139.53044,52.20319,9.67951,0.00338,0.02762,0.99961,0.00095,-2.42701,0.18870,-0.02587,
430,-139.62895,52.20479,9.68031,0.00336,0.02758,0.99961,0.00095,-2.42315,0.18611,-0.02515,
430,-139.73197,52.20778,9.68035,0.00334,0.02753,0.99962,0.00096,-2.42040,0.18398,-0.02461,
430,-139.83308,52.21038,9.68189,0.00332,0.02748,0.99962,0.00097,-2.41723,0.18166,-0.02356,
430,-139.90698,52.20295,9.68271,0.00329,0.02743,0.99962,0.00101,-2.40759,0.17581,-0.02296,
430,-139.95062,52.18587,9.67973,0.00325,0.02739,0.99962,0.00105,-2.39158,0.16753,-0.02362,
430,-140.01557,52.17673,9.67757,0.00322,0.02735,0.99962,0.00108,-2.38088,0.16193,-0.02388,
430,-140.10921,52.17523,9.67710,0.00321,0.02731,0.99962,0.00110,-2.37667,0.15826,-0.02369,
430,-139.75471,52.09648,9.67434,0.00284,0.02728,0.99962,0.00103,-2.25571,0.13795,-0.02478,
430,-139.84253,52.09613,9.67096,0.00287,0.02725,0.99962,0.00106,-2.25250,0.13466,-0.02572,
431,-139.92806,52.09229,9.67157,0.00286,0.02721,0.99962,0.00110,-2.24722,0.12996,-0.02531,
431,-140.02251,52.09262,9.67273,0.00286,0.02718,0.99963,0.00113,-2.24433,0.12713,-0.02448,
431,-140.11040,52.09204,9.67381,0.00286,0.02715,0.99963,0.00114,-2.24022,0.12460,-0.02366,
431,-140.16510,52.08065,9.67417,0.00285,0.02712,0.99963,0.00119,-2.22876,0.11854,-0.02335,
431,-140.19462,52.06165,9.67706,0.00284,0.02710,0.99963,0.00124,-2.21208,0.11028,-0.02231,
431,-140.27898,52.05944,9.67810,0.00286,0.02706,0.99963,0.00126,-2.20841,0.10765,-0.02170,
431,-140.68064,52.09443,9.67322,0.00293,0.02704,0.99963,0.00126,-2.27816,0.11287,-0.02164,
431,-140.81395,52.11225,9.67171,0.00294,0.02698,0.99963,0.00125,-2.28380,0.11667,-0.02168,
431,-140.94562,52.12510,9.66919,0.00295,0.02694,0.99963,0.00123,-2.28898,0.11880,-0.02210,
431,-141.08386,52.13990,9.66602,0.00297,0.02690,0.99963,0.00120,-2.29566,0.12165,-0.02289,
431,-141.20199,52.14793,9.66166,0.00296,0.02687,0.99963,0.00118,-2.29741,0.12212,-0.02407,
431,-141.30748,52.15160,9.65961,0.00296,0.02684,0.99963,0.00118,-2.29629,0.12115,-0.02433,
431,-141.42371,52.15750,9.65753,0.00298,0.02681,0.99964,0.00117,-2.29828,0.12096,-0.02461,
431,-141.54568,52.16563,9.65595,0.00299,0.02679,0.99964,0.00116,-2.30130,0.12132,-0.02479,
431,-141.66554,52.17310,9.65339,0.00299,0.02676,0.99964,0.00116,-2.30362,0.12145,-0.02533,
431,-141.72986,52.16516,9.64518,0.00300,0.02675,0.99964,0.00116,-2.29343,0.11880,-0.02721,
431,-141.84556,52.17383,9.64435,0.00300,0.02673,0.99964,0.00114,-2.29494,0.11951,-0.02704,
431,-141.96208,52.18067,9.64355,0.00300,0.02671,0.99964,0.00114,-2.29664,0.11946,-0.02690,
431,-142.06985,52.18381,9.64288,0.00300,0.02669,0.99964,0.00115,-2.29617,0.11800,-0.02678,
432,-142.17088,52.18493,9.64063,0.00299,0.02668,0.99964,0.00116,-2.29368,0.11582,-0.02726,
432,-142.27890,52.18802,9.63700,0.00298,0.02666,0.99964,0.00117,-2.29294,0.11431,-0.02823,
432,-142.38983,52.19155,9.63266,0.00298,0.02664,0.99964,0.00117,-2.29285,0.11300,-0.02941,
432,-142.50375,52.19593,9.62908,0.00297,0.02661,0.99964,0.00117,-2.29353,0.11202,-0.03023,
432,-142.62070,52.20117,9.62621,0.00297,0.02659,0.99964,0.00117,-2.29492,0.11136,-0.03078,
432,-142.73992,52.20777,9.62260,0.00297,0.02657,0.99964,0.00116,-2.29692,0.11129,-0.03152,
432,-142.85445,52.21301,9.61864,0.00297,0.02655,0.99964,0.00115,-2.29792,0.11084,-0.03241,
432,-142.94397,52.20494,9.60554,0.00298,0.02653,0.99964,0.00109,-2.29379,0.10811,-0.03618,
432,-143.06703,52.21399,9.60168,0.00299,0.02651,0.99964,0.00106,-2.29715,0.10940,-0.03701,
432,-143.19186,52.22320,9.59788,0.00300,0.02649,0.99964,0.00105,-2.30101,0.11054,-0.03773,
432,-143.31816,52.23255,9.59387,0.00301,0.02648,0.99964,0.00103,-2.30509,0.11158,-0.03847,
432,-143.44338,52.24170,9.59024,0.00303,0.02647,0.99964,0.00102,-2.30888,0.11271,-0.03912,
432,-143.57060,52.25137,9.58742,0.00304,0.02646,0.99964,0.00100,-2.31322,0.11402,-0.03952,
432,-143.70255,52.26430,9.58311,0.00305,0.02645,0.99965,0.00098,-2.31800,0.11632,-0.04040,
432,-143.83807,52.27843,9.58082,0.00305,0.02643,0.99965,0.00096,-2.32347,0.11900,-0.04055,
432,-143.96705,52.28954,9.57964,0.00305,0.02642,0.99965,0.00095,-2.32758,0.12046,-0.04031,
432,-144.08524,52.29545,9.57971,0.00306,0.02642,0.99965,0.00097,-2.32936,0.11998,-0.03962,
432,-144.23985,52.32460,9.57551,0.00310,0.02639,0.99965,0.00084,-2.34120,0.13114,-0.04090,
432,-144.34143,52.32525,9.57779,0.00309,0.02639,0.99965,0.00085,-2.33851,0.12907,-0.03961,
432,-144.45301,52.33081,9.57622,0.00309,0.02638,0.99965,0.00086,-2.33841,0.12865,-0.03954,
432,-144.57042,52.33918,9.57520,0.00309,0.02637,0.99965,0.00086,-2.33980,0.12942,-0.03927,
433,-144.68936,52.34835,9.57443,0.00309,0.02636,0.99965,0.00084,-2.34154,0.13057,-0.03898,
433,-144.80371,52.35354,9.57212,0.00309,0.02635,0.99965,0.00085,-2.34206,0.13005,-0.03927,
433,-144.91666,52.35765,9.56915,0.00309,0.02634,0.99965,0.00084,-2.34219,0.12919,-0.03977,
433,-145.03971,52.36615,9.56810,0.00309,0.02632,0.99965,0.00084,-2.34510,0.12979,-0.03948,
433,-145.22392,52.37290,9.56783,0.00312,0.02632,0.99965,0.00087,-2.36443,0.12943,-0.03913,
433,-145.31017,52.36077,9.57126,0.00312,0.02632,0.99965,0.00094,-2.35792,0.12153,-0.03734,
433,-145.39475,52.34618,9.56897,0.00309,0.02632,0.99965,0.00100,-2.35042,0.11257,-0.03749,
433,-145.46694,52.32766,9.56690,0.00306,0.02632,0.99965,0.00108,-2.34010,0.10254,-0.03744,
433,-145.55368,52.32150,9.56346,0.00303,0.02632,0.99965,0.00110,-2.33311,0.09811,-0.03794,
433,-145.67845,52.33017,9.56085,0.00304,0.02631,0.99965,0.00108,-2.33641,0.09929,-0.03815,
433,-145.77547,52.29667,9.55188,0.00298,0.02634,0.99965,0.00122,-2.33110,0.08157,-0.04108,
433,-145.90451,52.30982,9.54777,0.00301,0.02633,0.99965,0.00121,-2.33612,0.08431,-0.04198,
433,-146.03975,52.31862,9.54527,0.00303,0.02632,0.99965,0.00121,-2.34260,0.08517,-0.04213,
433,-146.16296,52.32364,9.54414,0.00305,0.02630,0.99965,0.00121,-2.34587,0.08480,-0.04180,
433,-146.29355,52.33126,9.54395,0.00306,0.02629,0.99965,0.00121,-2.35092,0.08533,-0.04116,
433,-146.42782,52.34215,9.54201,0.00307,0.02628,0.99965,0.00120,-2.35654,0.08735,-0.04126,
433,-146.25191,52.25661,9.53427,0.00283,0.02631,0.99965,0.00139,-2.26765,0.05166,-0.04297,
433,-146.35870,52.26392,9.53614,0.00285,0.02630,0.99965,0.00139,-2.26749,0.05335,-0.04118,
433,-146.50321,52.27786,9.53555,0.00288,0.02628,0.99965,0.00136,-2.27791,0.05749,-0.04036,
434,-146.64976,52.29146,9.53225,0.00290,0.02627,0.99965,0.00134,-2.28852,0.06110,-0.04084,
434,-146.79430,52.30349,9.53170,0.00293,0.02627,0.99965,0.00133,-2.29849,0.06371,-0.04030,
434,-146.93212,52.31391,9.53154,0.00294,0.02626,0.99965,0.00133,-2.30616,0.06564,-0.03978,
434,-147.06300,52.32495,9.52862,0.00295,0.02626,0.99965,0.00131,-2.31120,0.06818,-0.04038,
434,-147.19764,52.33870,9.52582,0.00295,0.02625,0.99965,0.00129,-2.31711,0.07176,-0.04089,
434,-147.33241,52.35078,9.52401,0.00297,0.02625,0.99965,0.00127,-2.32335,0.07455,-0.04078,
434,-147.46581,52.36064,9.52025,0.00298,0.02626,0.99965,0.00125,-2.32936,0.07651,-0.04136,
434,-147.60854,52.37270,9.51785,0.00300,0.02626,0.99965,0.00124,-2.33785,0.07887,-0.04158,
434,-147.77566,52.37672,9.50883,0.00294,0.02629,0.99965,0.00127,-2.35097,0.07834,-0.04365,
434,-147.89971,52.38477,9.50331,0.00296,0.02630,0.99965,0.00124,-2.35435,0.07991,-0.04501,
434,-148.02469,52.39242,9.50045,0.00297,0.02631,0.99965,0.00123,-2.35779,0.08096,-0.04527,
434,-148.15659,52.40285,9.49830,0.00299,0.02632,0.99965,0.00121,-2.36322,0.08314,-0.04525,
434,-148.28557,52.41224,9.49573,0.00299,0.02632,0.99965,0.00118,-2.36750,0.08491,-0.04535,
434,-148.38227,52.40771,9.49064,0.00299,0.02633,0.99965,0.00118,-2.36264,0.08166,-0.04650,
434,-148.47847,52.40343,9.48507,0.00297,0.02634,0.99965,0.00118,-2.35753,0.07859,-0.04760,
434,-148.58853,52.40330,9.48306,0.00296,0.02634,0.99965,0.00118,-2.35648,0.07675,-0.04745,
434,-148.70579,52.40544,9.48135,0.00295,0.02635,0.99965,0.00118,-2.35758,0.07569,-0.04718,
434,-148.82329,52.40860,9.47998,0.00295,0.02635,0.99965,0.00118,-2.35866,0.07507,-0.04679,
434,-148.94298,52.41312,9.47866,0.00295,0.02636,0.99965,0.00117,-2.36030,0.07506,-0.04642,
434,-149.06225,52.41738,9.47743,0.00294,0.02636,0.99965,0.00116,-2.36179,0.07496,-0.04602,
434,-149.18049,52.42122,9.47558,0.00294,0.02637,0.99965,0.00116,-2.36295,0.07465,-0.04588,
435,-149.29831,52.42464,9.47346,0.00294,0.02637,0.99965,0.00116,-2.36405,0.07417,-0.04584,
435,-149.40909,52.42346,9.47197,0.00294,0.02637,0.99965,0.00118,-2.36342,0.07181,-0.04559,
435,-149.55617,52.41775,9.46039,0.00286,0.02636,0.99965,0.00116,-2.36951,0.06790,-0.04806,
435,-149.67355,52.42432,9.45835,0.00289,0.02636,0.99965,0.00116,-2.37107,0.06896,-0.04801,
435,-149.79140,52.42939,9.45279,0.00290,0.02636,0.99965,0.00117,-2.37206,0.06906,-0.04926,
435,-149.90846,52.43432,9.44592,0.00291,0.02637,0.99965,0.00118,-2.37264,0.06906,-0.05104,
435,-150.02848,52.44036,9.44062,0.00292,0.02637,0.99965,0.00119,-2.37406,0.06960,-0.05221,
435,-150.14764,52.44516,9.43589,0.00293,0.02638,0.99965,0.00119,-2.37537,0.06962,-0.05307,
435,-150.26836,52.45000,9.43255,0.00293,0.02638,0.99965,0.00119,-2.37712,0.06969,-0.05337,
435,-150.38917,52.45371,9.43077,0.00294,0.02638,0.99965,0.00119,-2.37880,0.06938,-0.05309,
435,-150.50720,52.46880,9.42513,0.00288,0.02638,0.99965,0.00111,-2.37868,0.07612,-0.05340,
435,-150.62188,52.47354,9.42488,0.00291,0.02639,0.99965,0.00111,-2.37929,0.07635,-0.05250,
435,-150.73737,52.47536,9.42233,0.00291,0.02639,0.99965,0.00112,-2.37953,0.07515,-0.05248,
435,-150.85194,52.47443,9.42089,0.00290,0.02640,0.99965,0.00114,-2.37949,0.07292,-0.05202,
435,-150.96928,52.47551,9.41907,0.00290,0.02641,0.99965,0.00115,-2.38022,0.07150,-0.05175,
435,-151.08598,52.47506,9.41901,0.00289,0.02641,0.99965,0.00116,-2.38078,0.06947,-0.05079,
435,-151.29290,52.51166,9.42608,0.00296,0.02642,0.99965,0.00108,-2.40913,0.08281,-0.04642,
435,-151.40460,52.51578,9.42059,0.00296,0.02642,0.99965,0.00108,-2.40777,0.08254,-0.04793,
435,-151.49143,52.49418,9.41261,0.00292,0.02644,0.99965,0.00117,-2.39800,0.07105,-0.05026,
436,-151.59057,52.48624,9.40461,0.00289,0.02644,0.99965,0.00120,-2.39241,0.06591,-0.05261,
436,-151.71297,52.49274,9.40263,0.00290,0.02644,0.99965,0.00118,-2.39441,0.06696,-0.05240,
436,-151.72290,52.46590,9.40425,0.00278,0.02644,0.99965,0.00124,-2.35923,0.05525,-0.05160,
436,-151.82935,52.46905,9.40436,0.00279,0.02645,0.99965,0.00123,-2.35723,0.05520,-0.05054,
436,-151.94427,52.47078,9.40422,0.00280,0.02646,0.99965,0.00123,-2.35758,0.05434,-0.04947,
436,-152.06070,52.47361,9.40249,0.00280,0.02646,0.99965,0.00123,-2.35815,0.05404,-0.04914,
436,-152.18207,52.47917,9.40060,0.00280,0.02646,0.99965,0.00122,-2.36029,0.05488,-0.04890,
436,-152.31184,52.48979,9.39806,0.00282,0.02647,0.99965,0.00119,-2.36506,0.05782,-0.04897,
436,-152.47174,52.49363,9.39578,0.00280,0.02646,0.99965,0.00116,-2.37896,0.05807,-0.04889,
436,-152.58604,52.50130,9.39153,0.00281,0.02646,0.99965,0.00114,-2.37872,0.06008,-0.04979,
436,-152.70944,52.50943,9.38777,0.00282,0.02646,0.99965,0.00112,-2.38129,0.06205,-0.05044,
436,-152.83132,52.51529,9.38451,0.00283,0.02647,0.99965,0.00111,-2.38326,0.06296,-0.05084,
436,-152.95102,52.51895,9.38157,0.00282,0.02647,0.99964,0.00111,-2.38446,0.06287,-0.05107,
436,-153.06930,52.52073,9.37973,0.00282,0.02648,0.99964,0.00112,-2.38522,0.06195,-0.05079,
436,-153.19134,52.52545,9.37779,0.00283,0.02648,0.99964,0.00111,-2.38723,0.06228,-0.05059,
436,-153.31566,52.53117,9.37623,0.00284,0.02648,0.99964,0.00110,-2.39014,0.06299,-0.05023,
436,-153.43400,52.53436,9.37141,0.00285,0.02649,0.99964,0.00111,-2.39087,0.06266,-0.05122,
436,-153.55253,52.53743,9.36811,0.00285,0.02649,0.99964,0.00112,-2.39159,0.06228,-0.05160,
436,-153.67164,52.53935,9.36623,0.00286,0.02649,0.99964,0.00112,-2.39264,0.06142,-0.05136,
436,-153.78819,52.53836,9.36601,0.00285,0.02650,0.99964,0.00114,-2.39292,0.05942,-0.05046,
436,-153.90034,52.53342,9.36694,0.00285,0.02651,0.99964,0.00117,-2.39202,0.05595,-0.04922,
437,-154.02287,52.53691,9.36735,0.00286,0.02651,0.99964,0.00117,-2.39426,0.05575,-0.04817,
437,-154.18800,52.54231,9.37340,0.00286,0.02651,0.99964,0.00120,-2.40888,0.05587,-0.04461,
437,-154.29841,52.54580,9.37179,0.00287,0.02652,0.99964,0.00119,-2.40722,0.05598,-0.04444,
437,-154.41721,52.54911,9.37133,0.00287,0.02652,0.99964,0.00119,-2.40803,0.05579,-0.04379,
437,-154.54335,52.55817,9.36781,0.00288,0.02653,0.99964,0.00117,-2.41088,0.05802,-0.04436,
437,-154.66532,52.56415,9.36046,0.00288,0.02653,0.99964,0.00115,-2.41212,0.05907,-0.04632,
437,-154.77588,52.55733,9.35699,0.00287,0.02653,0.99964,0.00118,-2.41015,0.05490,-0.04674,
437,-154.87974,52.51397,9.33204,0.00273,0.02657,0.99964,0.00133,-2.40240,0.03430,-0.05494,
437,-155.00880,52.52692,9.33424,0.00276,0.02657,0.99964,0.00129,-2.40702,0.03839,-0.05311,
437,-155.12630,52.52669,9.33478,0.00276,0.02657,0.99964,0.00130,-2.40742,0.03702,-0.05187,
437,-155.22740,52.51606,9.33287,0.00274,0.02657,0.99964,0.00134,-2.40263,0.03176,-0.05164,
437,-155.36051,52.52912,9.33054,0.00276,0.02657,0.99964,0.00130,-2.40759,0.03583,-0.05164,
437,-155.49879,52.54383,9.32805,0.00278,0.02658,0.99964,0.00126,-2.41395,0.04022,-0.05165,
437,-155.64406,52.56413,9.32437,0.00281,0.02658,0.99964,0.00121,-2.42225,0.04660,-0.05214,
437,-155.75791,52.55592,9.32325,0.00280,0.02659,0.99964,0.00124,-2.42127,0.04204,-0.05166,
437,-155.87510,52.55424,9.32033,0.00280,0.02659,0.99964,0.00126,-2.42120,0.04008,-0.05180,
437,-155.99666,52.55661,9.31785,0.00280,0.02660,0.99964,0.00126,-2.42243,0.03971,-0.05180,
437,-156.12328,52.56277,9.31677,0.00281,0.02660,0.99964,0.00125,-2.42514,0.04076,-0.05133,
437,-156.24839,52.56758,9.31526,0.00282,0.02660,0.99964,0.00125,-2.42736,0.04130,-0.05102,
438,-156.37043,52.56996,9.31272,0.00282,0.02661,0.99964,0.00125,-2.42864,0.04092,-0.05106,
438,-156.49228,52.57208,9.31007,0.00282,0.02661,0.99964,0.00125,-2.42988,0.04047,-0.05112,
438,-156.61409,52.57428,9.30727,0.00283,0.02661,0.99964,0.00125,-2.43109,0.04004,-0.05123,
438,-156.73597,52.57718,9.30370,0.00283,0.02662,0.99964,0.00125,-2.43224,0.03987,-0.05160,
438,-156.85719,52.57953,9.29982,0.00283,0.02662,0.99964,0.00126,-2.43316,0.03954,-0.05206,
438,-156.97923,52.58245,9.29617,0.00283,0.02663,0.99964,0.00125,-2.43426,0.03941,-0.05243,
438,-157.10063,52.58495,9.29233,0.00283,0.02663,0.99964,0.00126,-2.43518,0.03912,-0.05287,
438,-157.22348,52.58826,9.28894,0.00283,0.02664,0.99964,0.00126,-2.43657,0.03913,-0.05315,
438,-157.34723,52.59126,9.28683,0.00283,0.02664,0.99964,0.00125,-2.43819,0.03906,-0.05303,
438,-157.47139,52.59459,9.28491,0.00283,0.02664,0.99964,0.00125,-2.43987,0.03910,-0.05286,
438,-157.59579,52.59866,9.28302,0.00283,0.02665,0.99964,0.00124,-2.44154,0.03931,-0.05269,
438,-157.71907,52.60034,9.28236,0.00283,0.02666,0.99964,0.00124,-2.44293,0.03875,-0.05214,
438,-157.84687,52.60341,9.28283,0.00284,0.02666,0.99964,0.00123,-2.44563,0.03882,-0.05125,
438,-157.97199,52.60653,9.28212,0.00284,0.02666,0.99964,0.00123,-2.44749,0.03882,-0.05074,
438,-158.09636,52.60989,9.28022,0.00284,0.02667,0.99964,0.00122,-2.44912,0.03884,-0.05060,
438,-158.22064,52.61352,9.27794,0.00284,0.02667,0.99964,0.00122,-2.45068,0.03892,-0.05057,
438,-158.34346,52.61559,9.27574,0.00284,0.02668,0.99964,0.00122,-2.45182,0.03853,-0.05051,
438,-158.46716,52.61874,9.27373,0.00284,0.02668,0.99964,0.00121,-2.45312,0.03849,-0.05041,
438,-158.59112,52.62123,9.27167,0.00284,0.02669,0.99964,0.00121,-2.45463,0.03824,-0.05031,
438,-158.71621,52.62501,9.26928,0.00285,0.02669,0.99964,0.00121,-2.45640,0.03839,-0.05032,
438,-158.83866,52.63573,9.27517,0.00282,0.02671,0.99964,0.00117,-2.45712,0.04111,-0.04785,
439,-158.94656,52.63672,9.27410,0.00282,0.02671,0.99964,0.00117,-2.45500,0.04062,-0.04753,
439,-159.06831,52.64071,9.27196,0.00283,0.02671,0.99964,0.00116,-2.45605,0.04089,-0.04751,
439,-159.19303,52.64486,9.27033,0.00283,0.02672,0.99964,0.00116,-2.45772,0.04120,-0.04734,
439,-159.31834,52.64885,9.26872,0.00284,0.02672,0.99964,0.00115,-2.45950,0.04149,-0.04716,
439,-159.44303,52.65199,9.26652,0.00284,0.02673,0.99964,0.00115,-2.46109,0.04149,-0.04714,
439,-159.56615,52.65487,9.26217,0.00284,0.02673,0.99964,0.00115,-2.46208,0.04142,-0.04773,
439,-159.68858,52.65710,9.25767,0.00284,0.02673,0.99964,0.00115,-2.46291,0.04113,-0.04835,
439,-159.81220,52.65967,9.25478,0.00284,0.02674,0.99964,0.00115,-2.46411,0.04092,-0.04852,
439,-159.93646,52.66339,9.25212,0.00284,0.02674,0.99964,0.00115,-2.46536,0.04107,-0.04863,
439,-160.06218,52.66745,9.25141,0.00284,0.02675,0.99964,0.00115,-2.46700,0.04132,-0.04821,
439,-160.18736,52.67036,9.25126,0.00284,0.02675,0.99964,0.00114,-2.46864,0.04117,-0.04765,
439,-160.31158,52.67357,9.24901,0.00284,0.02676,0.99964,0.00114,-2.46995,0.04112,-0.04765,
439,-160.43468,52.67604,9.24516,0.00284,0.02676,0.99964,0.00115,-2.47088,0.04089,-0.04806,
439,-160.55660,52.67727,9.24142,0.00284,0.02676,0.99964,0.00115,-2.47155,0.04031,-0.04845,
439,-160.68197,52.68073,9.23959,0.00284,0.02678,0.99964,0.00111,-2.47298,0.04045,-0.04833,
439,-160.80684,52.68473,9.23789,0.00283,0.02685,0.99963,0.00106,-2.47419,0.04073,-0.04820,
439,-160.93042,52.68764,9.23555,0.00283,0.02698,0.99963,0.00100,-2.47517,0.04067,-0.04822,
439,-161.05364,52.68984,9.23310,0.00282,0.02721,0.99963,0.00093,-2.47612,0.04049,-0.04826,
439,-161.17441,52.68888,9.23036,0.00282,0.02753,0.99962,0.00085,-2.47660,0.03943,-0.04836,
440,-161.29439,52.68808,9.22778,0.00282,0.02794,0.99961,0.00078,-2.47677,0.03848,-0.04842,
440,-161.41509,52.68827,9.22521,0.00281,0.02845,0.99959,0.00070,-2.47707,0.03794,-0.04849,
440,-161.54094,52.69106,9.22295,0.00281,0.02906,0.99957,0.00062,-2.47874,0.03834,-0.04847,
440,-161.67092,52.69661,9.22056,0.00282,0.02975,0.99955,0.00053,-2.48142,0.03966,-0.04848,
440,-161.80166,52.70403,9.21827,0.00283,0.03053,0.99953,0.00044,-2.48409,0.04154,-0.04849,
440,-161.97277,52.75405,9.21651,0.00279,0.03137,0.99950,0.00023,-2.49432,0.05716,-0.04847,
440,-162.08228,52.74849,9.21435,0.00279,0.03224,0.99948,0.00018,-2.49222,0.05525,-0.04841,
440,-162.20730,52.75568,9.21202,0.00279,0.03311,0.99945,0.00011,-2.49362,0.05730,-0.04843,
440,-162.33063,52.75753,9.20922,0.00279,0.03398,0.99942,0.00005,-2.49435,0.05773,-0.04856,
440,-162.45099,52.75507,9.20826,0.00278,0.03484,0.99939,-0.00001,-2.49424,0.05692,-0.04825,
440,-162.56682,52.75056,9.20596,0.00276,0.03570,0.99936,-0.00008,-2.49288,0.05555,-0.04829,
440,-162.69358,52.75226,9.20966,0.00276,0.03658,0.99933,-0.00017,-2.49463,0.05580,-0.04676,
440,-162.82787,52.76569,9.21085,0.00277,0.03751,0.99929,-0.00030,-2.49810,0.05994,-0.04590,
440,-162.96164,52.77950,9.20976,0.00277,0.03849,0.99926,-0.00043,-2.50128,0.06433,-0.04567,
440,-163.07028,52.79148,9.22411,0.00272,0.03953,0.99921,-0.00058,-2.49789,0.06916,-0.04170,
440,-163.17593,52.80071,9.22361,0.00273,0.04063,0.99917,-0.00070,-2.49542,0.07259,-0.04136,
440,-163.30242,52.81292,9.22256,0.00273,0.04179,0.99912,-0.00083,-2.49710,0.07689,-0.04121,
440,-163.42704,52.81833,9.22188,0.00273,0.04299,0.99907,-0.00094,-2.49800,0.07897,-0.04090,
440,-163.55734,52.82970,9.22168,0.00273,0.04424,0.99902,-0.00106,-2.50032,0.08299,-0.04049,
440,-163.68642,52.84002,9.22154,0.00273,0.04552,0.99896,-0.00117,-2.50225,0.08678,-0.04009,
440,-163.81817,52.85430,9.22170,0.00273,0.04684,0.99890,-0.00128,-2.50498,0.09193,-0.03963,
441,-163.95773,52.87896,9.22213,0.00276,0.04817,0.99883,-0.00141,-2.50990,0.10034,-0.03914,
441,-164.15657,52.92875,9.24333,0.00279,0.04951,0.99877,-0.00156,-2.52729,0.11602,-0.03378,
441,-164.27080,52.95143,9.24072,0.00281,0.05084,0.99870,-0.00166,-2.52663,0.12368,-0.03403,
441,-164.39949,52.96624,9.23963,0.00281,0.05215,0.99863,-0.00177,-2.52864,0.12896,-0.03392,
441,-164.52785,52.98072,9.23982,0.00282,0.05347,0.99856,-0.00188,-2.53068,0.13414,-0.03350,
441,-164.65772,52.99963,9.24015,0.00283,0.05484,0.99849,-0.00201,-2.53306,0.14070,-0.03306,
441,-164.78853,53.02221,9.24028,0.00284,0.05627,0.99841,-0.00216,-2.53575,0.14850,-0.03267,
441,-164.95810,53.09912,9.26571,0.00285,0.05782,0.99832,-0.00245,-2.54650,0.17315,-0.02701,
441,-165.06051,53.08899,9.26074,0.00281,0.05935,0.99823,-0.00251,-2.54131,0.17039,-0.02789,
441,-165.18296,53.09376,9.25879,0.00280,0.06095,0.99813,-0.00261,-2.54109,0.17263,-0.02808,
441,-165.30854,53.11429,9.25738,0.00281,0.06261,0.99803,-0.00274,-2.54214,0.18005,-0.02818,
441,-165.43583,53.12294,9.25511,0.00280,0.06432,0.99792,-0.00284,-2.54283,0.18354,-0.02844,
441,-165.56362,53.12167,9.25263,0.00278,0.06607,0.99781,-0.00291,-2.54317,0.18379,-0.02870,
441,-165.73930,53.17115,9.26868,0.00281,0.06788,0.99769,-0.00310,-2.55548,0.19977,-0.02563,
441,-165.84329,53.17865,9.26463,0.00279,0.06965,0.99756,-0.00317,-2.55127,0.20298,-0.02635,
441,-165.96475,53.19776,9.26472,0.00279,0.07144,0.99744,-0.00326,-2.55131,0.20992,-0.02608,
441,-166.08896,53.22093,9.26538,0.00280,0.07322,0.99731,-0.00335,-2.55214,0.21814,-0.02573,
441,-166.21361,53.23678,9.26423,0.00280,0.07497,0.99718,-0.00342,-2.55256,0.22397,-0.02579,
441,-166.34851,53.26780,9.27632,0.00285,0.07673,0.99704,-0.00356,-2.55770,0.23581,-0.02296,
442,-166.44966,53.27920,9.27408,0.00284,0.07846,0.99691,-0.00362,-2.55257,0.23986,-0.02325,
442,-166.57035,53.28577,9.27449,0.00282,0.08020,0.99677,-0.00368,-2.55146,0.24207,-0.02282,
442,-166.69020,53.30537,9.27682,0.00282,0.08200,0.99662,-0.00379,-2.55100,0.24894,-0.02193,
442,-166.80676,53.33281,9.27983,0.00282,0.08385,0.99647,-0.00390,-2.55018,0.25837,-0.02093,
442,-166.91877,53.35906,9.28407,0.00283,0.08574,0.99631,-0.00401,-2.54832,0.26726,-0.01960,
442,-167.13358,53.40631,9.30855,0.00293,0.08767,0.99614,-0.00411,-2.57257,0.28194,-0.01322,
442,-167.23649,53.42113,9.31230,0.00291,0.08963,0.99596,-0.00418,-2.56769,0.28680,-0.01203,
442,-167.36099,53.42766,9.31277,0.00289,0.09161,0.99578,-0.00422,-2.56712,0.28869,-0.01166,
442,-167.48072,53.43863,9.31471,0.00288,0.09362,0.99559,-0.00426,-2.56576,0.29217,-0.01095,
442,-167.58236,53.46693,9.32043,0.00287,0.09566,0.99540,-0.00435,-2.56142,0.30187,-0.00937,
442,-167.74137,53.49625,9.33152,0.00291,0.09767,0.99520,-0.00439,-2.57242,0.31135,-0.00561,
442,-167.84414,53.51537,9.33322,0.00290,0.09969,0.99500,-0.00444,-2.56564,0.31803,-0.00501,
442,-167.94431,53.54574,9.33814,0.00290,0.10172,0.99480,-0.00452,-2.55892,0.32913,-0.00340,
442,-168.05631,53.56925,9.34034,0.00290,0.10370,0.99459,-0.00458,-2.55530,0.33722,-0.00267,
442,-168.18940,53.61176,9.35154,0.00292,0.10569,0.99438,-0.00471,-2.55886,0.35502,0.00226,
442,-168.29911,53.63222,9.35237,0.00289,0.10767,0.99417,-0.00479,-2.55204,0.36187,0.00254,
442,-168.41731,53.65249,9.35215,0.00287,0.10968,0.99395,-0.00488,-2.54878,0.36853,0.00239,
442,-168.56362,53.65945,9.34978,0.00285,0.11170,0.99373,-0.00491,-2.55603,0.36819,0.00142,
442,-168.68498,53.67871,9.35000,0.00283,0.11380,0.99349,-0.00498,-2.55390,0.37424,0.00151,
442,-168.73838,53.72524,9.36145,0.00280,0.11598,0.99323,-0.00518,-2.52198,0.39511,0.00668,
442,-168.85710,53.74646,9.36211,0.00280,0.11817,0.99298,-0.00523,-2.51931,0.40169,0.00683,
443,-168.98265,53.76495,9.36245,0.00278,0.12037,0.99271,-0.00528,-2.51939,0.40661,0.00684,
443,-169.09172,53.78846,9.36483,0.00277,0.12260,0.99244,-0.00533,-2.51276,0.41422,0.00775,
443,-169.10910,53.83052,9.36736,0.00267,0.12491,0.99215,-0.00553,-2.46037,0.43393,0.00892,
443,-169.23758,53.85179,9.36788,0.00268,0.12711,0.99187,-0.00555,-2.46325,0.43968,0.00895,
443,-169.35522,53.87555,9.36607,0.00266,0.12932,0.99158,-0.00560,-2.46070,0.44703,0.00783,
443,-169.47542,53.89818,9.36498,0.00265,0.13149,0.99130,-0.00562,-2.45939,0.45343,0.00713,
443,-169.43112,53.92773,9.36810,0.00249,0.13363,0.99101,-0.00580,-2.37465,0.46627,0.00856,
443,-169.55054,53.95128,9.36756,0.00249,0.13572,0.99073,-0.00583,-2.37489,0.47271,0.00800,
443,-169.65559,53.97896,9.36575,0.00247,0.13784,0.99043,-0.00592,-2.36814,0.48199,0.00677,
443,-169.76641,54.00512,9.36224,0.00245,0.13996,0.99014,-0.00601,-2.36412,0.48993,0.00471,
443,-169.89004,54.02904,9.35886,0.00243,0.14211,0.98983,-0.00608,-2.36611,0.49617,0.00281,
443,-169.95885,54.07591,9.35797,0.00241,0.14440,0.98950,-0.00634,-2.34047,0.51747,0.00187,
443,-170.09570,54.09718,9.35551,0.00237,0.14659,0.98917,-0.00633,-2.34954,0.52059,0.00044,
443,-170.22925,54.12082,9.35411,0.00236,0.14886,0.98884,-0.00637,-2.35689,0.52560,-0.00039,
443,-170.33917,54.14909,9.35399,0.00235,0.15119,0.98848,-0.00642,-2.35264,0.53357,-0.00052,
443,-170.44455,54.17859,9.35388,0.00233,0.15356,0.98812,-0.00648,-2.34638,0.54213,-0.00067,
443,-170.45031,54.21379,9.34930,0.00220,0.15597,0.98774,-0.00668,-2.28747,0.55555,-0.00358,
443,-170.59073,54.23758,9.35112,0.00223,0.15836,0.98736,-0.00665,-2.30026,0.55945,-0.00259,
443,-170.71817,54.26370,9.35105,0.00222,0.16073,0.98697,-0.00665,-2.30566,0.56499,-0.00264,
444,-170.84316,54.29118,9.35064,0.00222,0.16310,0.98659,-0.00665,-2.30955,0.57120,-0.00287,
444,-170.91879,54.31925,9.34262,0.00211,0.16541,0.98620,-0.00674,-2.28612,0.57823,-0.00781,
444,-171.02664,54.34548,9.34372,0.00211,0.16775,0.98581,-0.00672,-2.28207,0.58345,-0.00710,
444,-171.13694,54.37489,9.34363,0.00210,0.17002,0.98542,-0.00672,-2.27911,0.59053,-0.00706,
444,-171.24385,54.40498,9.34325,0.00209,0.17225,0.98503,-0.00674,-2.27448,0.59787,-0.00719,
444,-171.36577,54.43283,9.34264,0.00207,0.17446,0.98464,-0.00674,-2.27744,0.60332,-0.00742,
444,-171.48437,54.47012,9.33095,0.00198,0.17670,0.98424,-0.00686,-2.27746,0.61480,-0.01416,
444,-171.55428,54.50116,9.33157,0.00194,0.17900,0.98382,-0.00694,-2.25302,0.62275,-0.01349,
444,-171.63892,54.53306,9.33132,0.00189,0.18133,0.98340,-0.00701,-2.23704,0.63086,-0.01332,
444,-171.73641,54.56464,9.33166,0.00186,0.18368,0.98296,-0.00707,-2.22833,0.63828,-0.01282,
444,-171.71800,54.57875,9.31959,0.00156,0.18604,0.98252,-0.00717,-2.15345,0.63603,-0.01946,
444,-171.81217,54.61114,9.32096,0.00157,0.18850,0.98204,-0.00720,-2.14518,0.64391,-0.01819,
444,-171.91013,54.64211,9.32081,0.00154,0.19097,0.98157,-0.00723,-2.13850,0.65050,-0.01783,
444,-172.00425,54.67361,9.32057,0.00151,0.19345,0.98108,-0.00725,-2.13010,0.65734,-0.01755,
444,-172.02071,54.70706,9.30855,0.00127,0.19601,0.98057,-0.00739,-2.07488,0.66658,-0.02406,
444,-172.12685,54.74167,9.30822,0.00129,0.19851,0.98007,-0.00740,-2.07461,0.67474,-0.02362,
444,-172.20589,54.77410,9.30740,0.00125,0.20100,0.97956,-0.00742,-2.05927,0.68176,-0.02351,
444,-172.28292,54.80644,9.30643,0.00122,0.20345,0.97906,-0.00743,-2.04356,0.68848,-0.02351,
444,-172.16024,54.80668,9.29992,0.00080,0.20587,0.97855,-0.00745,-1.91209,0.67686,-0.02652,
444,-172.27949,54.84259,9.29933,0.00084,0.20823,0.97805,-0.00742,-1.92289,0.68505,-0.02614,
444,-172.35138,54.87443,9.29823,0.00080,0.21054,0.97756,-0.00741,-1.90720,0.69121,-0.02609,
445,-172.41361,54.90587,9.29717,0.00075,0.21283,0.97706,-0.00744,-1.88712,0.69718,-0.02601,
445,-172.32552,54.90837,9.29276,0.00036,0.21508,0.97657,-0.00746,-1.77908,0.68630,-0.02761,
445,-172.44221,54.94681,9.29154,0.00040,0.21736,0.97606,-0.00748,-1.79174,0.69564,-0.02749,
445,-172.50858,54.97935,9.29075,0.00035,0.21968,0.97554,-0.00752,-1.77621,0.70194,-0.02719,
445,-172.57616,55.01315,9.29069,0.00031,0.22204,0.97501,-0.00755,-1.76208,0.70874,-0.02640,
445,-172.69767,55.05370,9.29057,0.00034,0.22441,0.97446,-0.00755,-1.77628,0.71833,-0.02560,
445,-172.71784,55.06968,9.29135,0.00014,0.22676,0.97392,-0.00751,-1.73327,0.71348,-0.02403,
445,-172.86546,55.11366,9.28990,0.00022,0.22917,0.97336,-0.00750,-1.76418,0.72452,-0.02407,
445,-172.97140,55.15413,9.28876,0.00024,0.23163,0.97277,-0.00751,-1.77074,0.73394,-0.02399,
445,-173.07775,55.19525,9.28727,0.00026,0.23411,0.97218,-0.00752,-1.77706,0.74335,-0.02415,
445,-173.19388,55.23658,9.28600,0.00028,0.23658,0.97158,-0.00751,-1.78796,0.75232,-0.02413,
445,-173.35264,55.30620,9.29090,0.00039,0.23901,0.97099,-0.00756,-1.82445,0.77887,-0.02007,
445,-173.44965,55.34393,9.28985,0.00039,0.24147,0.97038,-0.00754,-1.82456,0.78499,-0.02009,
445,-173.56274,55.38740,9.28754,0.00041,0.24390,0.96977,-0.00752,-1.83332,0.79419,-0.02089,
445,-173.67734,55.43146,9.28503,0.00043,0.24628,0.96917,-0.00750,-1.84224,0.80335,-0.02177,
445,-173.77551,55.47465,9.28338,0.00044,0.24864,0.96857,-0.00749,-1.84227,0.81211,-0.02213,
445,-173.91955,55.54103,9.29152,0.00061,0.25089,0.96799,-0.00747,-1.87045,0.83405,-0.01655,
445,-173.99907,55.57827,9.29179,0.00058,0.25313,0.96740,-0.00745,-1.85966,0.83868,-0.01596,
445,-174.09944,55.62191,9.29014,0.00058,0.25535,0.96682,-0.00745,-1.86050,0.84654,-0.01648,
446,-174.19403,55.66526,9.28891,0.00056,0.25757,0.96623,-0.00747,-1.85817,0.85408,-0.01670,
446,-174.28810,55.70980,9.28905,0.00054,0.25984,0.96562,-0.00750,-1.85577,0.86216,-0.01606,
446,-174.40254,55.77040,9.29647,0.00067,0.26217,0.96499,-0.00755,-1.86729,0.87955,-0.01122,
446,-174.47991,55.81155,9.29599,0.00062,0.26454,0.96434,-0.00761,-1.85527,0.88537,-0.01120,
446,-174.56500,55.85551,9.29591,0.00058,0.26700,0.96367,-0.00766,-1.84800,0.89253,-0.01091,
446,-174.66020,55.90131,9.29556,0.00057,0.26951,0.96297,-0.00770,-1.84623,0.90030,-0.01074,
446,-174.73902,55.94444,9.29565,0.00052,0.27210,0.96224,-0.00775,-1.83598,0.90674,-0.01034,
446,-174.78677,55.98715,9.30327,0.00051,0.27471,0.96150,-0.00778,-1.81065,0.91323,-0.00528,
446,-174.86940,56.03244,9.30235,0.00050,0.27741,0.96072,-0.00781,-1.80303,0.92060,-0.00568,
446,-174.93509,56.07516,9.30215,0.00044,0.28011,0.95994,-0.00785,-1.78672,0.92654,-0.00567,
446,-175.00650,56.11802,9.30201,0.00040,0.28280,0.95915,-0.00787,-1.77387,0.93220,-0.00562,
446,-175.00575,56.14355,9.30830,0.00028,0.28552,0.95834,-0.00784,-1.72226,0.92850,-0.00128,
446,-175.10569,56.19455,9.30686,0.00029,0.28818,0.95754,-0.00784,-1.72593,0.93815,-0.00210,
446,-175.17532,56.23936,9.30618,0.00026,0.29080,0.95675,-0.00785,-1.71342,0.94458,-0.00255,
446,-175.24195,56.28437,9.30511,0.00023,0.29335,0.95597,-0.00785,-1.69988,0.95109,-0.00325,
446,-175.16356,56.28386,9.31085,-0.00005,0.29583,0.95521,-0.00777,-1.60653,0.93260,0.00059,
446,-175.25848,56.33529,9.30868,-0.00003,0.29820,0.95447,-0.00775,-1.61025,0.94210,-0.00083,
446,-175.32345,56.37798,9.30876,-0.00006,0.30050,0.95375,-0.00770,-1.59795,0.94678,-0.00081,
446,-175.39805,56.42350,9.30880,-0.00007,0.30271,0.95305,-0.00765,-1.59106,0.95263,-0.00079,
446,-175.29362,56.41643,9.31328,-0.00042,0.30487,0.95236,-0.00759,-1.48538,0.93034,0.00208,
446,-175.40555,56.47426,9.31092,-0.00035,0.30694,0.95170,-0.00754,-1.50121,0.94269,0.00055,
447,-175.47254,56.51900,9.31085,-0.00036,0.30897,0.95104,-0.00748,-1.49265,0.94809,0.00040,
447,-175.54089,56.56409,9.31100,-0.00037,0.31093,0.95040,-0.00742,-1.48500,0.95336,0.00040,
447,-175.61186,56.61047,9.31138,-0.00038,0.31284,0.94978,-0.00736,-1.47890,0.95907,0.00056,
447,-175.48397,56.58707,9.31702,-0.00076,0.31459,0.94920,-0.00725,-1.36341,0.92675,0.00413,
447,-175.57495,56.64152,9.31525,-0.00070,0.31642,0.94859,-0.00719,-1.37121,0.93714,0.00286,
447,-175.64275,56.68805,9.31572,-0.00070,0.31822,0.94799,-0.00713,-1.36614,0.94301,0.00305,
447,-175.72557,56.73917,9.31577,-0.00067,0.31997,0.94740,-0.00706,-1.36884,0.95076,0.00296,
447,-175.78720,56.78497,9.31601,-0.00068,0.32172,0.94681,-0.00698,-1.36081,0.95589,0.00291,
447,-175.83291,56.82720,9.31680,-0.00070,0.32345,0.94622,-0.00691,-1.34547,0.95937,0.00314,
447,-175.88280,56.87137,9.31689,-0.00070,0.32515,0.94564,-0.00684,-1.33272,0.96367,0.00292,
447,-175.81716,56.88510,9.32156,-0.00089,0.32677,0.94508,-0.00685,-1.25904,0.95331,0.00515,
447,-175.89433,56.93799,9.32165,-0.00084,0.32838,0.94452,-0.00674,-1.26198,0.96120,0.00499,
447,-175.96195,56.98888,9.32154,-0.00081,0.32997,0.94397,-0.00666,-1.25971,0.96827,0.00462,
447,-176.03416,57.04219,9.32129,-0.00078,0.33153,0.94342,-0.00658,-1.25978,0.97627,0.00419,
447,-176.10934,57.09740,9.32021,-0.00073,0.33306,0.94288,-0.00651,-1.26119,0.98490,0.00320,
447,-176.18600,57.15342,9.31964,-0.00069,0.33454,0.94236,-0.00644,-1.26322,0.99354,0.00259,
447,-176.26476,57.21053,9.31918,-0.00065,0.33600,0.94184,-0.00636,-1.26609,1.00232,0.00210,
447,-176.35619,57.27182,9.31832,-0.00059,0.33743,0.94133,-0.00628,-1.27439,1.01245,0.00145,
447,-176.35022,57.31499,9.31931,-0.00057,0.33879,0.94084,-0.00636,-1.23836,1.01654,0.00095,
448,-176.42188,57.36613,9.32064,-0.00055,0.34018,0.94034,-0.00624,-1.23857,1.02127,0.00165,
448,-176.49727,57.42329,9.32106,-0.00051,0.34151,0.93986,-0.00616,-1.24079,1.02920,0.00181,
448,-176.57014,57.47978,9.32110,-0.00047,0.34282,0.93938,-0.00608,-1.24163,1.03651,0.00168,
448,-176.64606,57.53775,9.32177,-0.00041,0.34411,0.93891,-0.00600,-1.24400,1.04427,0.00189,
448,-176.71899,57.59535,9.32209,-0.00038,0.34536,0.93845,-0.00593,-1.24477,1.05153,0.00191,
448,-176.78696,57.65213,9.32247,-0.00035,0.34659,0.93800,-0.00584,-1.24346,1.05831,0.00200,
448,-176.85810,57.71003,9.32182,-0.00031,0.34779,0.93755,-0.00576,-1.24346,1.06521,0.00150,
448,-176.93636,57.76977,9.32120,-0.00027,0.34896,0.93712,-0.00567,-1.24636,1.07241,0.00106,
448,-177.01059,57.82854,9.32211,-0.00023,0.35009,0.93670,-0.00559,-1.24753,1.07903,0.00144,
448,-177.04014,57.88573,9.32443,-0.00013,0.35103,0.93635,-0.00564,-1.23275,1.08753,0.00164,
448,-177.09790,57.93627,9.32530,-0.00011,0.35215,0.93593,-0.00555,-1.22743,1.09034,0.00197,
448,-177.15785,57.99278,9.32664,-0.00008,0.35320,0.93553,-0.00547,-1.22342,1.09611,0.00264,
448,-177.22130,58.05029,9.32800,-0.00004,0.35422,0.93515,-0.00539,-1.22107,1.10188,0.00324,
448,-177.28846,58.10794,9.32894,-0.00001,0.35520,0.93477,-0.00530,-1.22013,1.10713,0.00357,
448,-177.36074,58.16646,9.32966,0.00002,0.35616,0.93441,-0.00521,-1.22108,1.11217,0.00381,
448,-177.43201,58.22524,9.33045,0.00005,0.35711,0.93405,-0.00511,-1.22163,1.11722,0.00413,
448,-177.49593,58.28307,9.33217,0.00007,0.35804,0.93369,-0.00503,-1.21938,1.12209,0.00492,
448,-177.56088,58.34091,9.33509,0.00009,0.35894,0.93335,-0.00494,-1.21765,1.12668,0.00627,
448,-177.62059,58.39662,9.33878,0.00011,0.35983,0.93301,-0.00485,-1.21395,1.13028,0.00796,
448,-177.67523,58.45086,9.34216,0.00012,0.36070,0.93267,-0.00476,-1.20835,1.13319,0.00940,
448,-177.76830,58.54874,9.34896,0.00028,0.36143,0.93239,-0.00486,-1.22058,1.15707,0.01249,
449,-177.83262,58.60581,9.34957,0.00032,0.36231,0.93205,-0.00477,-1.21919,1.16047,0.01253,
449,-177.90009,58.66715,9.35092,0.00036,0.36313,0.93173,-0.00469,-1.21900,1.16558,0.01293,
449,-177.96794,58.72863,9.35224,0.00039,0.36393,0.93141,-0.00461,-1.21883,1.17048,0.01330,
449,-178.03808,58.79077,9.35344,0.00043,0.36472,0.93111,-0.00452,-1.21960,1.17538,0.01362,
449,-178.11069,58.85495,9.35436,0.00047,0.36549,0.93080,-0.00445,-1.22140,1.18098,0.01376,
449,-178.17980,58.91922,9.35512,0.00051,0.36624,0.93051,-0.00438,-1.22177,1.18666,0.01382,
449,-178.24377,58.98156,9.35587,0.00053,0.36695,0.93023,-0.00431,-1.22001,1.19137,0.01386,
449,-178.31354,59.04447,9.35744,0.00056,0.36765,0.92995,-0.00424,-1.22043,1.19583,0.01433,
449,-178.38499,59.11026,9.35772,0.00059,0.36834,0.92968,-0.00418,-1.22162,1.20150,0.01415,
449,-178.45380,59.17584,9.35821,0.00062,0.36900,0.92942,-0.00411,-1.22194,1.20691,0.01405,
449,-178.52416,59.26889,9.36940,0.00076,0.36942,0.92925,-0.00420,-1.22681,1.22648,0.02023,
449,-178.58236,59.32092,9.36665,0.00076,0.37008,0.92899,-0.00410,-1.22288,1.22532,0.01835,
449,-178.65697,59.38033,9.36529,0.00079,0.37070,0.92875,-0.00400,-1.22552,1.22662,0.01700,
449,-178.72998,59.43776,9.36580,0.00082,0.37131,0.92850,-0.00390,-1.22761,1.22707,0.01668,
449,-178.79875,59.49927,9.36495,0.00085,0.37189,0.92827,-0.00383,-1.22803,1.22970,0.01593,
449,-178.86468,59.56036,9.36258,0.00088,0.37247,0.92804,-0.00376,-1.22737,1.23213,0.01455,
449,-178.93363,59.62418,9.36128,0.00091,0.37302,0.92781,-0.00370,-1.22784,1.23563,0.01360,
449,-178.99931,59.68731,9.35948,0.00092,0.37357,0.92759,-0.00366,-1.22693,1.23887,0.01232,
449,-179.06287,59.74609,9.35782,0.00093,0.37411,0.92738,-0.00359,-1.22547,1.24003,0.01113,
450,-179.13078,59.80915,9.35722,0.00096,0.37463,0.92717,-0.00352,-1.22581,1.24279,0.01057,
450,-179.20146,59.87449,9.35607,0.00100,0.37515,0.92696,-0.00345,-1.22722,1.24623,0.00981,
450,-179.29237,59.92186,9.34742,0.00107,0.37549,0.92682,-0.00330,-1.23922,1.23909,0.00660,
450,-179.34532,59.98767,9.35319,0.00109,0.37600,0.92661,-0.00327,-1.23432,1.24445,0.00903,
450,-179.40704,60.05158,9.35358,0.00111,0.37648,0.92642,-0.00323,-1.23225,1.24774,0.00894,
450,-179.47169,60.11664,9.35376,0.00113,0.37695,0.92623,-0.00319,-1.23145,1.25126,0.00876,
450,-179.53701,60.18372,9.35477,0.00115,0.37741,0.92604,-0.00315,-1.23069,1.25549,0.00897,
450,-179.60247,60.25151,9.35557,0.00116,0.37786,0.92586,-0.00312,-1.23002,1.25985,0.00906,
450,-179.66515,60.31526,9.35572,0.00118,0.37830,0.92568,-0.00307,-1.22856,1.26245,0.00887,
450,-179.72892,60.37865,9.35691,0.00119,0.37874,0.92550,-0.00302,-1.22766,1.26474,0.00919,
450,-179.79241,60.44284,9.35778,0.00121,0.37916,0.92533,-0.00297,-1.22662,1.26726,0.00934,
450,-179.85454,60.50585,9.35810,0.00123,0.37957,0.92516,-0.00292,-1.22515,1.26926,0.00923,
450,-179.91791,60.57065,9.35830,0.00125,0.37998,0.92499,-0.00287,-1.22427,1.27181,0.00907,
450,-179.98143,60.63645,9.35841,0.00128,0.38038,0.92482,-0.00282,-1.22346,1.27469,0.00890,
450,-179.98947,60.57082,9.34554,0.00125,0.38061,0.92473,-0.00240,-1.21403,1.22456,0.00372,
450,-180.04628,60.63414,9.34480,0.00129,0.38100,0.92457,-0.00237,-1.21236,1.22804,0.00318,
450,-180.11040,60.69749,9.34504,0.00131,0.38137,0.92442,-0.00233,-1.21235,1.23043,0.00309,
450,-180.17922,60.76778,9.34596,0.00134,0.38172,0.92427,-0.00231,-1.21343,1.23535,0.00337,
450,-180.24747,60.83774,9.34804,0.00136,0.38207,0.92413,-0.00228,-1.21434,1.24015,0.00434,
450,-180.31190,60.90321,9.34967,0.00138,0.38241,0.92399,-0.00224,-1.21421,1.24303,0.00502,
450,-180.37740,60.97132,9.35006,0.00140,0.38273,0.92386,-0.00221,-1.21417,1.24674,0.00503,
451,-180.44369,61.04242,9.34937,0.00141,0.38305,0.92372,-0.00220,-1.21398,1.25145,0.00452,
451,-180.51304,61.11871,9.35053,0.00143,0.38335,0.92360,-0.00220,-1.21444,1.25797,0.00481,
451,-180.58048,61.19288,9.35372,0.00144,0.38366,0.92347,-0.00219,-1.21435,1.26366,0.00602,
451,-180.64936,61.26735,9.35621,0.00146,0.38395,0.92335,-0.00218,-1.21504,1.26928,0.00688,
451,-180.72079,61.35002,9.35834,0.00147,0.38423,0.92323,-0.00220,-1.21563,1.27776,0.00753,
451,-180.75338,61.34827,9.35604,0.00140,0.38437,0.92318,-0.00207,-1.20689,1.25750,0.00780,
451,-180.80520,61.40143,9.35568,0.00143,0.38466,0.92305,-0.00201,-1.20434,1.25611,0.00734,
451,-180.86602,61.46439,9.35477,0.00144,0.38493,0.92294,-0.00199,-1.20331,1.25778,0.00679,
451,-180.92749,61.52674,9.35363,0.00145,0.38519,0.92283,-0.00196,-1.20268,1.25906,0.00613,
451,-180.98893,61.58916,9.35192,0.00146,0.38544,0.92273,-0.00192,-1.20210,1.26018,0.00521,
451,-181.04946,61.64934,9.35030,0.00148,0.38569,0.92263,-0.00188,-1.20163,1.26044,0.00437,
451,-181.10982,61.70713,9.34934,0.00150,0.38593,0.92252,-0.00183,-1.20161,1.25988,0.00377,
451,-181.16978,61.76480,9.34850,0.00152,0.38617,0.92243,-0.00179,-1.20147,1.25926,0.00326,
451,-181.23387,61.82899,9.35004,0.00155,0.38640,0.92233,-0.00175,-1.20232,1.26085,0.00391,
451,-181.29462,61.88867,9.35234,0.00157,0.38662,0.92224,-0.00170,-1.20240,1.26098,0.00490,
451,-181.31085,61.83638,9.33991,0.00159,0.38672,0.92219,-0.00141,-1.19858,1.22257,0.00053,
451,-181.36961,61.90254,9.34631,0.00163,0.38694,0.92210,-0.00139,-1.19779,1.22616,0.00324,
451,-181.43465,61.97101,9.35137,0.00165,0.38714,0.92202,-0.00138,-1.19858,1.22976,0.00533,
451,-181.49291,62.02785,9.35469,0.00168,0.38735,0.92193,-0.00133,-1.19846,1.22914,0.00670,
452,-181.53614,62.05659,9.35406,0.00168,0.38759,0.92183,-0.00122,-1.19544,1.21921,0.00657,
452,-181.58021,62.09252,9.35564,0.00170,0.38779,0.92175,-0.00114,-1.19263,1.21228,0.00732,
452,-181.63804,62.14831,9.35749,0.00172,0.38798,0.92167,-0.00110,-1.19250,1.21167,0.00809,
452,-181.70483,62.21691,9.35671,0.00173,0.38816,0.92159,-0.00109,-1.19371,1.21486,0.00751,
452,-181.77387,62.28914,9.35418,0.00174,0.38833,0.92152,-0.00109,-1.19489,1.21897,0.00602,
452,-181.78358,62.23373,9.34780,0.00182,0.38840,0.92149,-0.00080,-1.19226,1.18239,0.00468,
452,-181.83434,62.28417,9.35216,0.00185,0.38857,0.92142,-0.00077,-1.19070,1.18104,0.00646,
452,-181.89131,62.34080,9.35496,0.00186,0.38874,0.92135,-0.00075,-1.18988,1.18120,0.00753,
452,-181.96467,62.42004,9.35469,0.00187,0.38888,0.92128,-0.00077,-1.19191,1.18796,0.00714,
452,-182.04841,62.51470,9.35423,0.00187,0.38902,0.92123,-0.00082,-1.19548,1.19936,0.00650,
452,-182.12394,62.59827,9.35498,0.00187,0.38916,0.92117,-0.00085,-1.19756,1.20719,0.00655,
452,-182.19487,62.67450,9.35558,0.00188,0.38930,0.92111,-0.00087,-1.19918,1.21261,0.00662,
452,-182.26690,62.75091,9.35507,0.00190,0.38944,0.92105,-0.00088,-1.20127,1.21797,0.00621,
452,-182.33293,62.81951,9.35412,0.00190,0.38957,0.92099,-0.00087,-1.20191,1.22079,0.00583,
452,-182.39103,62.87744,9.35335,0.00189,0.38971,0.92094,-0.00085,-1.20083,1.22033,0.00562,
452,-182.44841,62.93244,9.35296,0.00190,0.38984,0.92088,-0.00081,-1.20025,1.21914,0.00557,
452,-182.51420,63.00331,9.35259,0.00190,0.38996,0.92083,-0.00081,-1.20042,1.22256,0.00545,
452,-182.58443,63.08140,9.35233,0.00190,0.39008,0.92078,-0.00083,-1.20122,1.22805,0.00523,
452,-182.66178,63.17209,9.34829,0.00189,0.39019,0.92073,-0.00089,-1.20225,1.23715,0.00334,
452,-182.73962,63.26463,9.34401,0.00187,0.39029,0.92069,-0.00094,-1.20324,1.24669,0.00139,
452,-182.81741,63.36044,9.34228,0.00186,0.39038,0.92065,-0.00100,-1.20400,1.25710,0.00050,
453,-182.89521,63.46051,9.34446,0.00184,0.39047,0.92061,-0.00107,-1.20434,1.26868,0.00106,
453,-182.97170,63.55862,9.34897,0.00183,0.39056,0.92057,-0.00113,-1.20479,1.27963,0.00251,
453,-183.04371,63.64624,9.35315,0.00183,0.39065,0.92054,-0.00117,-1.20532,1.28744,0.00385,
453,-183.16811,63.77338,9.35348,0.00186,0.39058,0.92057,-0.00132,-1.21896,1.30797,0.00387,
453,-183.22655,63.84187,9.35168,0.00187,0.39068,0.92052,-0.00132,-1.21735,1.31034,0.00313,
453,-183.29009,63.91204,9.35140,0.00187,0.39078,0.92048,-0.00132,-1.21699,1.31288,0.00299,
453,-183.35460,63.98134,9.35187,0.00188,0.39087,0.92044,-0.00131,-1.21729,1.31505,0.00312,
453,-183.41758,64.04636,9.35176,0.00190,0.39097,0.92040,-0.00128,-1.21768,1.31567,0.00300,
453,-183.47653,64.10484,9.35181,0.00193,0.39106,0.92036,-0.00122,-1.21727,1.31427,0.00298,
453,-183.53750,64.16796,9.35223,0.00195,0.39110,0.92035,-0.00115,-1.21696,1.31447,0.00309,
453,-183.59967,64.23371,9.35184,0.00199,0.39106,0.92036,-0.00107,-1.21675,1.31536,0.00290,
453,-183.66292,64.30108,9.35171,0.00203,0.39091,0.92043,-0.00098,-1.21687,1.31663,0.00280,
453,-183.72670,64.36991,9.35229,0.00207,0.39065,0.92054,-0.00088,-1.21719,1.31825,0.00298,
453,-183.82212,64.51485,9.35700,0.00202,0.39010,0.92077,-0.00108,-1.21507,1.34626,0.00395,
453,-183.88765,64.60933,9.34454,0.00204,0.38956,0.92100,-0.00105,-1.21317,1.35565,-0.00108,
453,-183.94986,64.67022,9.34079,0.00209,0.38893,0.92126,-0.00092,-1.21398,1.35422,-0.00250,
453,-184.01558,64.74953,9.34208,0.00213,0.38818,0.92158,-0.00084,-1.21415,1.35872,-0.00225,
453,-184.08021,64.82624,9.34443,0.00217,0.38736,0.92193,-0.00076,-1.21433,1.36217,-0.00156,
453,-184.14339,64.89250,9.34986,0.00223,0.38648,0.92230,-0.00064,-1.21574,1.36224,0.00082,
454,-184.22302,64.92636,9.35017,0.00230,0.38543,0.92273,-0.00047,-1.22388,1.35137,0.00251,
454,-184.28481,64.99995,9.35599,0.00236,0.38446,0.92314,-0.00038,-1.22519,1.35419,0.00486,
454,-184.35101,65.05682,9.35659,0.00243,0.38350,0.92354,-0.00023,-1.22941,1.35023,0.00518,
454,-184.41188,65.10247,9.35366,0.00249,0.38257,0.92392,-0.00008,-1.23210,1.34292,0.00400,
454,-184.51082,65.18002,9.35042,0.00257,0.38153,0.92435,0.00002,-1.24540,1.34375,0.00333,
454,-184.56640,65.22175,9.34632,0.00263,0.38066,0.92471,0.00017,-1.24644,1.33515,0.00158,
454,-184.62449,65.25933,9.34134,0.00268,0.37981,0.92506,0.00033,-1.24885,1.32479,-0.00040,
454,-184.68474,65.30691,9.33985,0.00273,0.37899,0.92540,0.00046,-1.25129,1.31815,-0.00068,
454,-184.75584,65.37818,9.33642,0.00278,0.37815,0.92574,0.00052,-1.25745,1.31799,-0.00265,
454,-184.81614,65.43291,9.33325,0.00280,0.37742,0.92604,0.00061,-1.25805,1.31375,-0.00415,
454,-184.88062,65.49936,9.33201,0.00283,0.37669,0.92633,0.00066,-1.25987,1.31353,-0.00466,
454,-184.94370,65.56167,9.33232,0.00286,0.37599,0.92662,0.00072,-1.26192,1.31186,-0.00420,
454,-185.00921,65.63003,9.33181,0.00288,0.37533,0.92689,0.00076,-1.26369,1.31226,-0.00438,
454,-185.02474,65.63199,9.33058,0.00284,0.37469,0.92715,0.00089,-1.25160,1.28913,-0.00510,
454,-185.08627,65.69632,9.33141,0.00286,0.37407,0.92740,0.00092,-1.25228,1.28870,-0.00471,
454,-185.15122,65.76709,9.33120,0.00286,0.37346,0.92764,0.00093,-1.25330,1.29058,-0.00475,
454,-185.22188,65.85196,9.33510,0.00286,0.37286,0.92788,0.00090,-1.25537,1.29772,-0.00246,
454,-185.28946,65.93070,9.33677,0.00286,0.37227,0.92812,0.00089,-1.25651,1.30240,-0.00143,
454,-185.35622,66.00301,9.33346,0.00285,0.37168,0.92835,0.00089,-1.25779,1.30435,-0.00322,
454,-185.43929,66.12153,9.34072,0.00281,0.37105,0.92861,0.00073,-1.26246,1.32528,0.00010,
454,-185.50928,66.20340,9.34335,0.00283,0.37045,0.92885,0.00069,-1.26527,1.33148,0.00127,
455,-185.57480,66.27767,9.34511,0.00283,0.36986,0.92908,0.00068,-1.26631,1.33444,0.00199,
455,-185.63594,66.33878,9.34387,0.00282,0.36927,0.92932,0.00070,-1.26666,1.33195,0.00133,
455,-185.70030,66.40402,9.34075,0.00282,0.36868,0.92955,0.00071,-1.26773,1.33099,-0.00044,
455,-185.77078,66.48340,9.34005,0.00281,0.36809,0.92979,0.00067,-1.26998,1.33562,-0.00090,
455,-185.88096,66.62856,9.34102,0.00280,0.36743,0.93005,0.00043,-1.28410,1.36696,-0.00078,
455,-185.94853,66.70655,9.34121,0.00281,0.36684,0.93028,0.00039,-1.28590,1.37126,-0.00092,
455,-186.01090,66.77130,9.34147,0.00280,0.36627,0.93050,0.00040,-1.28623,1.36967,-0.00066,
455,-186.07107,66.82960,9.34112,0.00280,0.36570,0.93073,0.00043,-1.28633,1.36541,-0.00065,
455,-186.13391,66.89137,9.33871,0.00279,0.36514,0.93095,0.00044,-1.28706,1.36260,-0.00190,
455,-186.19779,66.95456,9.33707,0.00279,0.36459,0.93116,0.00045,-1.28830,1.36039,-0.00269,
455,-186.26089,67.01743,9.33575,0.00278,0.36404,0.93138,0.00046,-1.28914,1.35819,-0.00326,
455,-186.30121,67.05596,9.33999,0.00268,0.36344,0.93161,0.00045,-1.27842,1.34520,-0.00063,
455,-186.35235,67.09507,9.34202,0.00270,0.36294,0.93181,0.00054,-1.27611,1.33194,0.00092,
455,-186.40441,67.13703,9.34318,0.00270,0.36244,0.93200,0.00060,-1.27361,1.32037,0.00183,
455,-186.46661,67.19889,9.34276,0.00270,0.36195,0.93219,0.00060,-1.27413,1.31811,0.00161,
455,-186.53293,67.26825,9.34186,0.00269,0.36146,0.93238,0.00058,-1.27592,1.31922,0.00108,
455,-186.60351,67.34528,9.34064,0.00269,0.36098,0.93257,0.00054,-1.27906,1.32366,0.00034,
455,-186.67084,67.41515,9.34012,0.00269,0.36052,0.93275,0.00053,-1.28133,1.32489,-0.00001,
455,-186.73728,67.48265,9.34045,0.00269,0.36007,0.93292,0.00052,-1.28347,1.32511,0.00006,
456,-186.80449,67.55307,9.34026,0.00268,0.35962,0.93310,0.00050,-1.28538,1.32658,-0.00010,
456,-186.85969,67.59619,9.33996,0.00266,0.35877,0.93342,0.00053,-1.26266,1.29401,-0.00028,
456,-187.00089,67.75435,9.33968,0.00266,0.35834,0.93359,0.00045,-1.28917,1.32679,-0.00040,
456,-186.99020,67.67830,9.33712,0.00255,0.35793,0.93375,0.00073,-1.26151,1.26316,-0.00117,
456,-187.04822,67.73669,9.33728,0.00255,0.35753,0.93390,0.00072,-1.26045,1.26103,-0.00111,
456,-187.11067,67.79824,9.33718,0.00254,0.35714,0.93405,0.00070,-1.26109,1.25993,-0.00115,
456,-187.17326,67.85945,9.33717,0.00253,0.35675,0.93420,0.00069,-1.26178,1.25871,-0.00112,
456,-187.23762,67.92345,9.33695,0.00252,0.35637,0.93434,0.00067,-1.26301,1.25870,-0.00123,
456,-187.30259,67.98833,9.33664,0.00251,0.35599,0.93449,0.00065,-1.26439,1.25902,-0.00139,
456,-187.36622,68.05069,9.33653,0.00250,0.35562,0.93463,0.00064,-1.26534,1.25831,-0.00141,
456,-187.42935,68.11206,9.33647,0.00249,0.35526,0.93476,0.00062,-1.26611,1.25725,-0.00141,
456,-187.45445,68.06846,9.34036,0.00245,0.35495,0.93488,0.00091,-1.25551,1.20834,0.00172,
456,-187.51747,68.13254,9.33980,0.00245,0.35461,0.93501,0.00087,-1.25620,1.20975,0.00122,
456,-187.58575,68.20155,9.33910,0.00245,0.35427,0.93514,0.00084,-1.25873,1.21271,0.00072,
456,-187.65139,68.26557,9.33856,0.00244,0.35394,0.93527,0.00081,-1.26038,1.21346,0.00039,
456,-187.71326,68.32280,9.33820,0.00243,0.35361,0.93539,0.00080,-1.26080,1.21143,0.00020,
456,-187.77612,68.38172,9.33804,0.00242,0.35329,0.93551,0.00079,-1.26153,1.21012,0.00010,
456,-187.79528,68.33718,9.34410,0.00240,0.35308,0.93559,0.00110,-1.25043,1.16234,0.00478,
456,-187.86116,68.40250,9.34239,0.00239,0.35278,0.93570,0.00105,-1.25213,1.16485,0.00358,
456,-187.92193,68.45695,9.34252,0.00238,0.35248,0.93581,0.00104,-1.25238,1.16245,0.00357,
457,-187.98537,68.51595,9.34322,0.00238,0.35219,0.93592,0.00102,-1.25340,1.16207,0.00388,
457,-188.04856,68.57456,9.34434,0.00237,0.35191,0.93603,0.00100,-1.25437,1.16154,0.00442,
457,-188.11177,68.63215,9.34434,0.00236,0.35164,0.93613,0.00098,-1.25531,1.16059,0.00434,
457,-188.18298,68.70294,9.34318,0.00235,0.35137,0.93623,0.00093,-1.25839,1.16476,0.00355,
457,-188.25510,68.77616,9.34325,0.00234,0.35111,0.93633,0.00088,-1.26164,1.16985,0.00341,
457,-188.30665,68.80342,9.34066,0.00227,0.35078,0.93645,0.00091,-1.25798,1.15645,0.00205,
457,-188.37925,68.87968,9.33852,0.00227,0.35052,0.93655,0.00084,-1.26108,1.16358,0.00072,
457,-188.44239,68.93785,9.33902,0.00226,0.35028,0.93664,0.00082,-1.26161,1.16301,0.00090,
457,-188.49572,68.97778,9.34055,0.00226,0.35006,0.93673,0.00085,-1.25975,1.15517,0.00179,
457,-188.55377,69.02665,9.34281,0.00226,0.34983,0.93681,0.00085,-1.25918,1.15116,0.00296,
457,-188.61247,69.07715,9.34595,0.00225,0.34961,0.93689,0.00084,-1.25879,1.14793,0.00459,
457,-188.66824,69.12332,9.35062,0.00225,0.34940,0.93697,0.00085,-1.25775,1.14320,0.00697,
457,-188.73453,69.18485,9.35043,0.00225,0.34918,0.93705,0.00083,-1.25929,1.14409,0.00680,
457,-188.80778,69.25377,9.34393,0.00223,0.34897,0.93713,0.00079,-1.26255,1.14738,0.00347,
457,-188.87871,69.32093,9.34102,0.00222,0.34876,0.93721,0.00076,-1.26523,1.15009,0.00191,
457,-188.94328,69.37902,9.34210,0.00222,0.34856,0.93729,0.00074,-1.26636,1.14968,0.00246,
457,-188.99915,69.42394,9.34677,0.00222,0.34836,0.93736,0.00075,-1.26530,1.14487,0.00467,
457,-189.08765,69.49812,9.34635,0.00221,0.34811,0.93745,0.00070,-1.27410,1.14973,0.00422,
457,-189.14767,69.55206,9.34402,0.00221,0.34794,0.93752,0.00068,-1.27344,1.14815,0.00298,
458,-189.20739,69.60110,9.34462,0.00221,0.34777,0.93758,0.00069,-1.27314,1.14438,0.00329,
458,-189.27053,69.65513,9.34464,0.00220,0.34759,0.93764,0.00069,-1.27379,1.14241,0.00338,
458,-189.33494,69.71221,9.34640,0.00220,0.34742,0.93771,0.00068,-1.27477,1.14163,0.00422,
458,-189.40039,69.77183,9.34882,0.00220,0.34725,0.93777,0.00066,-1.27587,1.14202,0.00527,
458,-189.46577,69.83098,9.35110,0.00220,0.34709,0.93783,0.00064,-1.27698,1.14221,0.00628,
458,-189.53050,69.88784,9.35298,0.00220,0.34693,0.93789,0.00063,-1.27801,1.14151,0.00703,
458,-189.59692,69.94840,9.35404,0.00220,0.34677,0.93795,0.00061,-1.27913,1.14220,0.00729,
458,-189.66641,70.01198,9.35015,0.00219,0.34661,0.93801,0.00058,-1.28067,1.14379,0.00536,
458,-189.73342,70.07159,9.34647,0.00217,0.34645,0.93806,0.00056,-1.28149,1.14405,0.00363,
458,-189.80019,70.13002,9.34352,0.00216,0.34630,0.93812,0.00055,-1.28250,1.14386,0.00225,
458,-189.86465,70.18459,9.34279,0.00215,0.34616,0.93817,0.00054,-1.28311,1.14254,0.00188,
458,-189.92961,70.24043,9.34284,0.00215,0.34602,0.93823,0.00053,-1.28386,1.14159,0.00187,
458,-189.99427,70.29580,9.34272,0.00214,0.34588,0.93828,0.00052,-1.28451,1.14044,0.00179,
458,-190.06012,70.35191,9.34268,0.00214,0.34575,0.93832,0.00051,-1.28558,1.13967,0.00179,
458,-190.12695,70.40913,9.34258,0.00214,0.34562,0.93837,0.00050,-1.28691,1.13930,0.00176,
458,-190.19426,70.46879,9.34263,0.00213,0.34550,0.93842,0.00049,-1.28806,1.13957,0.00171,
458,-190.25930,70.52456,9.34259,0.00213,0.34538,0.93846,0.00048,-1.28866,1.13860,0.00166,
458,-190.32529,70.58028,9.34248,0.00212,0.34526,0.93850,0.00047,-1.28965,1.13773,0.00163,
458,-190.39203,70.63745,9.34258,0.00212,0.34515,0.93855,0.00047,-1.29076,1.13729,0.00167,
458,-190.45843,70.69423,9.34280,0.00212,0.34504,0.93859,0.00046,-1.29176,1.13677,0.00173,
458,-190.52493,70.75124,9.34304,0.00212,0.34493,0.93863,0.00045,-1.29275,1.13631,0.00180,
459,-190.59084,70.80645,9.34297,0.00211,0.34482,0.93867,0.00045,-1.29363,1.13529,0.00177,
459,-190.65765,70.86209,9.34288,0.00211,0.34471,0.93871,0.00044,-1.29481,1.13451,0.00176,
459,-190.72438,70.91869,9.34304,0.00211,0.34461,0.93874,0.00044,-1.29579,1.13396,0.00180,
459,-190.79073,70.97512,9.34314,0.00211,0.34451,0.93878,0.00043,-1.29661,1.13330,0.00181,
459,-190.85743,71.03064,9.34315,0.00210,0.34441,0.93882,0.00043,-1.29766,1.13242,0.00181,
459,-190.92355,71.08490,9.34309,0.00210,0.34432,0.93885,0.00042,-1.29856,1.13124,0.00179,
459,-190.98943,71.13968,9.34314,0.00210,0.34423,0.93888,0.00042,-1.29928,1.13024,0.00179,
459,-191.03647,71.14406,9.34895,0.00207,0.34411,0.93893,0.00044,-1.29656,1.11546,0.00386,
459,-191.09582,71.19698,9.34750,0.00206,0.34405,0.93895,0.00039,-1.29560,1.11509,0.00329,
459,-191.16299,71.25538,9.34735,0.00204,0.34403,0.93895,0.00032,-1.29640,1.11541,0.00316,
459,-191.23194,71.31549,9.34714,0.00201,0.34411,0.93893,0.00023,-1.29760,1.11618,0.00303,
459,-191.30120,71.37533,9.34750,0.00198,0.34431,0.93885,0.00013,-1.29889,1.11703,0.00309,
459,-191.36631,71.42878,9.34763,0.00194,0.34464,0.93873,0.00003,-1.29917,1.11590,0.00305,
459,-191.43317,71.48419,9.34806,0.00190,0.34510,0.93856,-0.00008,-1.29986,1.11568,0.00314,
459,-191.50460,71.54635,9.34874,0.00186,0.34571,0.93834,-0.00020,-1.30147,1.11760,0.00333,
459,-191.57631,71.60985,9.34926,0.00183,0.34644,0.93807,-0.00032,-1.30288,1.11994,0.00345,
459,-191.64214,71.66314,9.34962,0.00179,0.34726,0.93777,-0.00043,-1.30308,1.11920,0.00350,
459,-191.70906,71.71799,9.34996,0.00175,0.34816,0.93743,-0.00052,-1.30344,1.11899,0.00355,
459,-191.78116,71.78377,9.35059,0.00171,0.34914,0.93707,-0.00063,-1.30453,1.12196,0.00367,
460,-191.85440,71.85233,9.35116,0.00169,0.35015,0.93669,-0.00074,-1.30565,1.12575,0.00373,
460,-191.92268,71.90937,9.35051,0.00166,0.35118,0.93631,-0.00083,-1.30604,1.12621,0.00345,
460,-191.99214,71.96974,9.35041,0.00163,0.35222,0.93592,-0.00092,-1.30642,1.12774,0.00335,
460,-192.06875,72.04233,9.35107,0.00160,0.35326,0.93552,-0.00102,-1.30802,1.13288,0.00351,
460,-192.14353,72.11150,9.35133,0.00158,0.35428,0.93514,-0.00111,-1.30923,1.13699,0.00354,
460,-192.25694,72.20561,9.36045,0.00157,0.35528,0.93476,-0.00124,-1.31866,1.14666,0.00582,
460,-192.32187,72.26962,9.35793,0.00155,0.35619,0.93441,-0.00131,-1.31729,1.14989,0.00495,
460,-192.39467,72.33755,9.35768,0.00153,0.35707,0.93408,-0.00138,-1.31774,1.15380,0.00480,
460,-192.45959,72.38810,9.35778,0.00151,0.35790,0.93376,-0.00142,-1.31712,1.15277,0.00477,
460,-192.52563,72.44078,9.35815,0.00149,0.35869,0.93345,-0.00146,-1.31666,1.15248,0.00481,
460,-192.59604,72.50250,9.35823,0.00147,0.35944,0.93316,-0.00151,-1.31675,1.15455,0.00476,
460,-192.66882,72.56799,9.35828,0.00146,0.36017,0.93289,-0.00155,-1.31726,1.15768,0.00470,
460,-192.74281,72.63563,9.35867,0.00145,0.36086,0.93262,-0.00160,-1.31796,1.16136,0.00475,
460,-192.81527,72.70150,9.35910,0.00144,0.36153,0.93236,-0.00163,-1.31828,1.16456,0.00480,
460,-192.88759,72.76751,9.35951,0.00143,0.36219,0.93210,-0.00166,-1.31852,1.16773,0.00487,
460,-192.98940,72.86656,9.36152,0.00140,0.36286,0.93184,-0.00176,-1.32360,1.17952,0.00520,
460,-193.05165,72.92283,9.36056,0.00140,0.36350,0.93159,-0.00179,-1.32163,1.18075,0.00481,
460,-193.12335,72.99047,9.36060,0.00139,0.36412,0.93135,-0.00182,-1.32151,1.18455,0.00470,
460,-193.19563,73.05919,9.36116,0.00139,0.36475,0.93110,-0.00184,-1.32148,1.18860,0.00481,
460,-193.26596,73.12191,9.36200,0.00139,0.36537,0.93086,-0.00185,-1.32140,1.19081,0.00502,
460,-193.33654,73.18675,9.36287,0.00139,0.36600,0.93061,-0.00186,-1.32112,1.19373,0.00517,
461,-193.40808,73.25449,9.36346,0.00139,0.36664,0.93036,-0.00188,-1.32082,1.19741,0.00526,
461,-193.47989,73.31927,9.36364,0.00139,0.36727,0.93011,-0.00189,-1.32098,1.20001,0.00520,
461,-193.55173,73.38331,9.36383,0.00139,0.36789,0.92987,-0.00188,-1.32122,1.20221,0.00514,
461,-193.62347,73.44905,9.36403,0.00140,0.36851,0.92962,-0.00189,-1.32131,1.20504,0.00510,
461,-193.69588,73.51730,9.36430,0.00140,0.36913,0.92937,-0.00189,-1.32135,1.20865,0.00509,
461,-193.76690,73.58157,9.36497,0.00141,0.36974,0.92913,-0.00189,-1.32131,1.21090,0.00517,
461,-193.83678,73.64400,9.36534,0.00141,0.37033,0.92890,-0.00188,-1.32103,1.21253,0.00514,
461,-193.90076,73.71632,9.36422,0.00135,0.37093,0.92866,-0.00197,-1.31669,1.21979,0.00491,
461,-193.96384,73.76948,9.36272,0.00136,0.37152,0.92842,-0.00194,-1.31545,1.21909,0.00439,
461,-194.03253,73.83065,9.36269,0.00137,0.37209,0.92819,-0.00193,-1.31512,1.22039,0.00425,
461,-194.10102,73.89130,9.36285,0.00138,0.37264,0.92797,-0.00191,-1.31470,1.22131,0.00416,
461,-194.16878,73.95018,9.36325,0.00138,0.37318,0.92775,-0.00188,-1.31419,1.22162,0.00413,
461,-194.23766,74.01178,9.36377,0.00139,0.37372,0.92754,-0.00186,-1.31383,1.22272,0.00415,
461,-194.30671,74.07626,9.36470,0.00139,0.37425,0.92733,-0.00185,-1.31333,1.22489,0.00435,
461,-194.37807,74.14426,9.36561,0.00140,0.37476,0.92712,-0.00184,-1.31336,1.22802,0.00455,
461,-194.44940,74.21247,9.36665,0.00141,0.37527,0.92691,-0.00183,-1.31334,1.23126,0.00476,
461,-194.52065,74.28259,9.36769,0.00142,0.37577,0.92671,-0.00182,-1.31318,1.23509,0.00498,
461,-194.59275,74.35400,9.36882,0.00143,0.37626,0.92651,-0.00182,-1.31320,1.23916,0.00523,
461,-194.66336,74.41913,9.36891,0.00144,0.37672,0.92632,-0.00180,-1.31313,1.24106,0.00514,
462,-194.73376,74.48395,9.36893,0.00145,0.37718,0.92614,-0.00178,-1.31308,1.24274,0.00503,
462,-194.80565,74.55415,9.36973,0.00147,0.37763,0.92595,-0.00177,-1.31320,1.24626,0.00518,
462,-194.87725,74.62234,9.37025,0.00148,0.37807,0.92577,-0.00175,-1.31332,1.24891,0.00522,
462,-194.94804,74.68776,9.37025,0.00149,0.37850,0.92560,-0.00172,-1.31340,1.25053,0.00507,
462,-195.04157,74.78370,9.37022,0.00148,0.37887,0.92545,-0.00177,-1.31599,1.26021,0.00513,
462,-195.10295,74.84246,9.37076,0.00150,0.37930,0.92527,-0.00174,-1.31450,1.26094,0.00516,
462,-195.17580,74.91373,9.37076,0.00151,0.37972,0.92510,-0.00174,-1.31481,1.26442,0.00514,
462,-195.24822,74.98472,9.37114,0.00152,0.38012,0.92493,-0.00172,-1.31512,1.26775,0.00518,
462,-195.31810,75.05007,9.37116,0.00153,0.38051,0.92477,-0.00169,-1.31499,1.26917,0.00508,
462,-195.38927,75.11881,9.37136,0.00154,0.38089,0.92462,-0.00167,-1.31507,1.27165,0.00502,
462,-195.46275,75.19243,9.37227,0.00156,0.38128,0.92446,-0.00167,-1.31559,1.27568,0.00522,
462,-195.53581,75.26564,9.37308,0.00157,0.38165,0.92430,-0.00166,-1.31600,1.27950,0.00542,
462,-195.60891,75.33900,9.37412,0.00158,0.38202,0.92415,-0.00165,-1.31648,1.28330,0.00566,
462,-195.68302,75.41144,9.37446,0.00160,0.38238,0.92400,-0.00163,-1.31725,1.28641,0.00562,
462,-195.75532,75.47845,9.37339,0.00161,0.38271,0.92386,-0.00159,-1.31768,1.28753,0.00518,
462,-195.82379,75.54237,9.37263,0.00161,0.38304,0.92373,-0.00156,-1.31721,1.28810,0.00487,
462,-195.89166,75.60555,9.37385,0.00162,0.38336,0.92360,-0.00153,-1.31675,1.28865,0.00509,
462,-195.96015,75.66929,9.37573,0.00163,0.38368,0.92346,-0.00150,-1.31647,1.28923,0.00548,
462,-196.03253,75.74261,9.37705,0.00164,0.38400,0.92333,-0.00149,-1.31683,1.29266,0.00577,
462,-196.11050,75.82394,9.37837,0.00166,0.38431,0.92320,-0.00149,-1.31827,1.29821,0.00608,
462,-196.18619,75.89874,9.37761,0.00167,0.38460,0.92308,-0.00148,-1.31922,1.30147,0.00581,
463,-196.25650,75.96522,9.37695,0.00168,0.38488,0.92296,-0.00145,-1.31927,1.30253,0.00557,
463,-196.32728,76.03312,9.37721,0.00169,0.38515,0.92285,-0.00142,-1.31948,1.30394,0.00556,
463,-196.40097,76.10320,9.37731,0.00171,0.38542,0.92274,-0.00140,-1.32034,1.30580,0.00548,
463,-196.52442,76.23910,9.37475,0.00169,0.38564,0.92265,-0.00149,-1.32772,1.32317,0.00522,
463,-196.57660,76.28887,9.37542,0.00170,0.38590,0.92254,-0.00144,-1.32463,1.32080,0.00525,
463,-196.64246,76.35482,9.37616,0.00171,0.38614,0.92244,-0.00142,-1.32376,1.32179,0.00536,
463,-196.70899,76.41955,9.37793,0.00171,0.38638,0.92234,-0.00139,-1.32308,1.32208,0.00568,
463,-196.77556,76.48003,9.37783,0.00172,0.38661,0.92224,-0.00135,-1.32264,1.32110,0.00549,
463,-196.84337,76.54555,9.37684,0.00173,0.38685,0.92214,-0.00131,-1.32226,1.32140,0.00508,
463,-196.91023,76.61071,9.37655,0.00174,0.38708,0.92205,-0.00128,-1.32159,1.32163,0.00491,
463,-196.97897,76.67870,9.37665,0.00175,0.38730,0.92195,-0.00126,-1.32129,1.32281,0.00479,
463,-197.04560,76.74395,9.37617,0.00175,0.38752,0.92186,-0.00123,-1.32053,1.32314,0.00455,
463,-197.11682,76.81136,9.37524,0.00176,0.38773,0.92177,-0.00121,-1.32082,1.32369,0.00422,
463,-197.19579,76.88808,9.37437,0.00177,0.38794,0.92168,-0.00119,-1.32265,1.32641,0.00391,
463,-197.27209,76.96562,9.37493,0.00179,0.38815,0.92159,-0.00118,-1.32390,1.32980,0.00399,
463,-197.34411,77.03861,9.37541,0.00180,0.38836,0.92151,-0.00117,-1.32429,1.33215,0.00400,
463,-197.41871,77.11190,9.37570,0.00181,0.38856,0.92142,-0.00115,-1.32528,1.33416,0.00397,
463,-197.49651,77.18898,9.37607,0.00183,0.38875,0.92134,-0.00114,-1.32687,1.33698,0.00400,
463,-197.57048,77.26285,9.37638,0.00184,0.38894,0.92126,-0.00112,-1.32768,1.33915,0.00398,
464,-197.64521,77.33648,9.37714,0.00185,0.38913,0.92118,-0.00110,-1.32875,1.34121,0.00411,
464,-197.71633,77.40547,9.37699,0.00186,0.38931,0.92111,-0.00108,-1.32904,1.34196,0.00398,
464,-197.78481,77.47043,9.37720,0.00186,0.38947,0.92103,-0.00105,-1.32893,1.34177,0.00391,
464,-197.85665,77.54146,9.37787,0.00187,0.38964,0.92096,-0.00104,-1.32939,1.34315,0.00396,
464,-197.92804,77.61532,9.37677,0.00188,0.38980,0.92090,-0.00103,-1.32945,1.34517,0.00361,
464,-198.00055,77.68961,9.37601,0.00189,0.38996,0.92083,-0.00101,-1.32984,1.34720,0.00335,
464,-198.07685,77.76582,9.37643,0.00190,0.39012,0.92076,-0.00100,-1.33113,1.34955,0.00338,
464,-198.15256,77.84305,9.37680,0.00191,0.39028,0.92069,-0.00099,-1.33223,1.35220,0.00341,
464,-198.22385,77.91588,9.37699,0.00192,0.39043,0.92063,-0.00098,-1.33251,1.35391,0.00336,
464,-198.29180,77.98196,9.37645,0.00193,0.39057,0.92057,-0.00095,-1.33223,1.35381,0.00311,
464,-198.35119,78.03951,9.37593,0.00192,0.39071,0.92051,-0.00093,-1.33029,1.35194,0.00288,
464,-198.42023,78.10649,9.37539,0.00193,0.39084,0.92046,-0.00091,-1.33027,1.35216,0.00266,
464,-198.49241,78.17610,9.37473,0.00193,0.39098,0.92040,-0.00089,-1.33077,1.35271,0.00243,
464,-198.56218,78.24692,9.37482,0.00193,0.39111,0.92034,-0.00087,-1.33071,1.35379,0.00239,
464,-198.63319,78.31858,9.37451,0.00194,0.39123,0.92029,-0.00086,-1.33094,1.35501,0.00223,
464,-198.72601,78.41380,9.36743,0.00187,0.39130,0.92026,-0.00090,-1.33090,1.35924,0.00086,
464,-198.79387,78.48098,9.36949,0.00190,0.39144,0.92020,-0.00088,-1.33186,1.36034,0.00135,
464,-198.86056,78.54574,9.36987,0.00190,0.39155,0.92015,-0.00085,-1.33166,1.35990,0.00141,
464,-198.92850,78.61245,9.36958,0.00191,0.39167,0.92010,-0.00083,-1.33162,1.35993,0.00127,
464,-198.99487,78.68425,9.36920,0.00192,0.39178,0.92006,-0.00082,-1.33090,1.36149,0.00110,
464,-199.06273,78.75801,9.36932,0.00192,0.39189,0.92001,-0.00082,-1.33035,1.36341,0.00107,
465,-199.13255,78.82755,9.36946,0.00193,0.39200,0.91996,-0.00080,-1.33047,1.36395,0.00106,
465,-199.20261,78.89942,9.36913,0.00193,0.39210,0.91992,-0.00079,-1.33048,1.36507,0.00094,
465,-199.27246,78.97082,9.36904,0.00193,0.39220,0.91988,-0.00078,-1.33047,1.36600,0.00086,
465,-199.34502,79.04456,9.37050,0.00194,0.39230,0.91983,-0.00078,-1.33099,1.36759,0.00119,
465,-199.42082,79.11971,9.37183,0.00194,0.39240,0.91979,-0.00077,-1.33221,1.36921,0.00150,
465,-199.49541,79.19441,9.37162,0.00195,0.39249,0.91975,-0.00075,-1.33319,1.37053,0.00142,
465,-199.56925,79.27026,9.37174,0.00196,0.39258,0.91971,-0.00075,-1.33394,1.37236,0.00140,
465,-199.64729,79.34748,9.37168,0.00196,0.39267,0.91968,-0.00074,-1.33554,1.37420,0.00134,
465,-199.73399,79.43465,9.37213,0.00198,0.39276,0.91964,-0.00073,-1.33864,1.37793,0.00145,
465,-199.80378,79.50790,9.37157,0.00198,0.39284,0.91960,-0.00072,-1.33846,1.37908,0.00129,
465,-199.86820,79.57450,9.37036,0.00198,0.39291,0.91957,-0.00071,-1.33740,1.37890,0.00095,
465,-199.94413,79.65228,9.37068,0.00199,0.39299,0.91954,-0.00071,-1.33850,1.38098,0.00101,
465,-200.01805,79.72791,9.37087,0.00199,0.39307,0.91950,-0.00070,-1.33926,1.38244,0.00100,
465,-200.08526,79.79653,9.37118,0.00199,0.39315,0.91947,-0.00069,-1.33882,1.38262,0.00102,
465,-200.16334,79.87590,9.37102,0.00200,0.39323,0.91944,-0.00069,-1.34032,1.38474,0.00098,
465,-200.24479,79.95148,9.37214,0.00201,0.39331,0.91940,-0.00067,-1.34294,1.38572,0.00122,
465,-200.31842,80.01974,9.37324,0.00201,0.39339,0.91937,-0.00064,-1.34411,1.38535,0.00142,
465,-200.38802,80.09053,9.37356,0.00202,0.39346,0.91934,-0.00063,-1.34417,1.38573,0.00149,
465,-200.46323,80.16683,9.37383,0.00202,0.39353,0.91931,-0.00062,-1.34520,1.38710,0.00153,
466,-200.53959,80.24543,9.37362,0.00203,0.39360,0.91928,-0.00061,-1.34636,1.38896,0.00141,
466,-200.60869,80.31679,9.37296,0.00204,0.39366,0.91925,-0.00060,-1.34627,1.38953,0.00116,
466,-200.67325,80.38165,9.37250,0.00204,0.39373,0.91922,-0.00058,-1.34547,1.38881,0.00100,
466,-200.74419,80.45398,9.37264,0.00204,0.39379,0.91920,-0.00057,-1.34571,1.38945,0.00101,
466,-200.82337,80.53629,9.37293,0.00205,0.39385,0.91917,-0.00057,-1.34725,1.39198,0.00105,
466,-200.89326,80.60843,9.37294,0.00205,0.39390,0.91915,-0.00056,-1.34720,1.39269,0.00101,
466,-200.96482,80.68191,9.37291,0.00205,0.39395,0.91913,-0.00056,-1.34748,1.39356,0.00097,
466,-201.04170,80.76195,9.37234,0.00205,0.39400,0.91911,-0.00056,-1.34829,1.39548,0.00083,
466,-201.10830,80.83156,9.37209,0.00204,0.39404,0.91909,-0.00055,-1.34738,1.39563,0.00075,
466,-201.17522,80.89928,9.37169,0.00204,0.39409,0.91907,-0.00054,-1.34699,1.39532,0.00062,
466,-201.24394,80.97047,9.37117,0.00204,0.39413,0.91905,-0.00053,-1.34681,1.39571,0.00048,
466,-201.31338,81.03891,9.37265,0.00204,0.39417,0.91903,-0.00052,-1.34692,1.39561,0.00078,
466,-201.38657,81.11118,9.37401,0.00204,0.39422,0.91901,-0.00052,-1.34768,1.39629,0.00106,
466,-201.46252,81.18996,9.37403,0.00205,0.39426,0.91900,-0.00052,-1.34868,1.39798,0.00105,
466,-201.54153,81.27070,9.37437,0.00205,0.39430,0.91898,-0.00051,-1.35022,1.39989,0.00110,
466,-201.61582,81.34862,9.37446,0.00206,0.39434,0.91896,-0.00051,-1.35085,1.40144,0.00108,
466,-201.68585,81.42147,9.37365,0.00206,0.39438,0.91894,-0.00051,-1.35076,1.40213,0.00088,
466,-201.74962,81.48518,9.37315,0.00205,0.39443,0.91893,-0.00050,-1.34981,1.40105,0.00074,
466,-201.81789,81.55494,9.37312,0.00205,0.39447,0.91891,-0.00049,-1.34961,1.40097,0.00071,
466,-201.96445,81.68609,9.37164,0.00199,0.39442,0.91893,-0.00051,-1.35562,1.40682,0.00078,
466,-202.01663,81.74433,9.36993,0.00199,0.39448,0.91890,-0.00050,-1.35354,1.40583,0.00047,
467,-202.09215,81.82241,9.36995,0.00199,0.39452,0.91889,-0.00050,-1.35459,1.40747,0.00047,
467,-202.16701,81.90046,9.36968,0.00199,0.39456,0.91887,-0.00050,-1.35529,1.40894,0.00037,
467,-202.23526,81.97034,9.36883,0.00199,0.39460,0.91885,-0.00049,-1.35499,1.40886,0.00014,
467,-202.31692,82.05286,9.36857,0.00200,0.39464,0.91883,-0.00048,-1.35690,1.41084,0.00008,
467,-202.40122,82.13952,9.36884,0.00201,0.39469,0.91881,-0.00048,-1.35915,1.41361,0.00016,
467,-202.48374,82.22449,9.36858,0.00201,0.39473,0.91880,-0.00048,-1.36110,1.41601,0.00011,
467,-202.55696,82.30001,9.36853,0.00202,0.39477,0.91878,-0.00047,-1.36156,1.41683,0.00007,
467,-202.63600,82.38735,9.36962,0.00202,0.39480,0.91876,-0.00048,-1.36258,1.42001,0.00028,
467,-202.71549,82.47521,9.37082,0.00202,0.39483,0.91875,-0.00049,-1.36364,1.42321,0.00049,
467,-202.79395,82.55580,9.37114,0.00203,0.39487,0.91874,-0.00049,-1.36493,1.42493,0.00055,
467,-202.87912,82.64339,9.37121,0.00204,0.39490,0.91872,-0.00048,-1.36722,1.42770,0.00060,
467,-202.96759,82.73500,9.37167,0.00205,0.39493,0.91871,-0.00048,-1.37000,1.43112,0.00075,
467,-203.04575,82.81154,9.37439,0.00205,0.39496,0.91869,-0.00048,-1.37156,1.43216,0.00128,
467,-203.11520,82.88088,9.37695,0.00205,0.39499,0.91868,-0.00047,-1.37161,1.43212,0.00173,
467,-203.19505,82.97256,9.37709,0.00206,0.39501,0.91868,-0.00048,-1.37245,1.43598,0.00173,
467,-203.26640,83.05214,9.37655,0.00206,0.39502,0.91867,-0.00048,-1.37215,1.43759,0.00155,
467,-203.33806,83.12742,9.37616,0.00206,0.39504,0.91866,-0.00047,-1.37220,1.43814,0.00146,
467,-203.41023,83.20081,9.37594,0.00206,0.39505,0.91866,-0.00046,-1.37248,1.43833,0.00139,
467,-203.47295,83.26623,9.37631,0.00205,0.39507,0.91865,-0.00045,-1.37131,1.43740,0.00140,
468,-203.54433,83.34453,9.37661,0.00205,0.39507,0.91865,-0.00046,-1.37096,1.43874,0.00146,
468,-203.62512,83.43128,9.37681,0.00205,0.39508,0.91864,-0.00046,-1.37210,1.44137,0.00151,
468,-203.70281,83.51185,9.37665,0.00205,0.39509,0.91864,-0.00046,-1.37313,1.44285,0.00147,
468,-203.77305,83.58310,9.37707,0.00205,0.39510,0.91864,-0.00045,-1.37310,1.44276,0.00150,
468,-203.84717,83.66047,9.37668,0.00205,0.39511,0.91863,-0.00045,-1.37359,1.44367,0.00140,
468,-203.92293,83.74179,9.37586,0.00205,0.39512,0.91863,-0.00045,-1.37414,1.44522,0.00122,
468,-204.00178,83.82611,9.37860,0.00206,0.39513,0.91862,-0.00045,-1.37536,1.44737,0.00174,
468,-204.09521,83.92241,9.38164,0.00208,0.39514,0.91862,-0.00045,-1.37898,1.45112,0.00229,
468,-204.17090,83.99982,9.37979,0.00208,0.39515,0.91861,-0.00045,-1.37956,1.45195,0.00190,
468,-204.23536,84.06793,9.37558,0.00207,0.39517,0.91860,-0.00044,-1.37842,1.45107,0.00109,
468,-204.30589,84.13969,9.37403,0.00208,0.39519,0.91860,-0.00043,-1.37855,1.45050,0.00079,
468,-204.37853,84.21634,9.37409,0.00208,0.39520,0.91859,-0.00043,-1.37874,1.45137,0.00076,
468,-204.45094,84.29279,9.37449,0.00209,0.39522,0.91858,-0.00043,-1.37932,1.45236,0.00075,
468,-204.53110,84.37507,9.37564,0.00210,0.39524,0.91858,-0.00043,-1.38079,1.45401,0.00096,
468,-204.61161,84.45888,9.37622,0.00210,0.39525,0.91857,-0.00043,-1.38218,1.45577,0.00106,
468,-204.68795,84.53894,9.37567,0.00210,0.39527,0.91856,-0.00043,-1.38285,1.45693,0.00094,
468,-204.76869,84.62627,9.37752,0.00210,0.39528,0.91856,-0.00044,-1.38376,1.45961,0.00128,
468,-204.85130,84.71547,9.37839,0.00210,0.39529,0.91855,-0.00045,-1.38496,1.46247,0.00141,
468,-204.92490,84.79380,9.37848,0.00210,0.39531,0.91855,-0.00045,-1.38520,1.46339,0.00141,
468,-205.00145,84.87302,9.37946,0.00210,0.39532,0.91854,-0.00045,-1.38601,1.46447,0.00156,
468,-205.07739,84.95048,9.37933,0.00210,0.39533,0.91854,-0.00044,-1.38670,1.46505,0.00151,
469,-205.15373,85.03262,9.37889,0.00210,0.39534,0.91853,-0.00045,-1.38725,1.46650,0.00140,
469,-205.23196,85.11544,9.37886,0.00210,0.39535,0.91853,-0.00045,-1.38807,1.46809,0.00138,
469,-205.30760,85.19577,9.37914,0.00210,0.39535,0.91853,-0.00045,-1.38850,1.46920,0.00142,
469,-205.38500,85.27877,9.37881,0.00210,0.39536,0.91852,-0.00045,-1.38916,1.47079,0.00135,
469,-205.46980,85.37394,9.37674,0.00211,0.39537,0.91852,-0.00046,-1.39052,1.47419,0.00101,
469,-205.56086,85.47793,9.37463,0.00211,0.39537,0.91852,-0.00047,-1.39260,1.47899,0.00073,
469,-205.64317,85.56274,9.37417,0.00212,0.39537,0.91852,-0.00046,-1.39405,1.48048,0.00065,
469,-205.72148,85.64596,9.37427,0.00213,0.39536,0.91852,-0.00043,-1.39492,1.48194,0.00066,
469,-205.79807,85.72794,9.37430,0.00215,0.39530,0.91855,-0.00039,-1.39549,1.48320,0.00065,
469,-205.87660,85.80922,9.37418,0.00218,0.39517,0.91860,-0.00033,-1.39656,1.48416,0.00061,
469,-205.94889,85.88464,9.37331,0.00221,0.39495,0.91870,-0.00025,-1.39669,1.48420,0.00040,
469,-206.03579,85.97160,9.37291,0.00225,0.39463,0.91884,-0.00017,-1.39930,1.48554,0.00033,
469,-206.12039,86.05979,9.37294,0.00228,0.39422,0.91901,-0.00010,-1.40136,1.48728,0.00031,
469,-206.17073,86.07016,9.39230,0.00218,0.39364,0.91926,0.00000,-1.39532,1.47141,0.00431,
469,-206.22751,86.11295,9.39220,0.00226,0.39307,0.91950,0.00012,-1.39797,1.46706,0.00394,
469,-206.30023,86.18709,9.39265,0.00229,0.39245,0.91977,0.00019,-1.39889,1.46696,0.00396,
469,-206.37979,86.26647,9.39274,0.00232,0.39178,0.92005,0.00027,-1.40078,1.46702,0.00399,
469,-206.46215,86.34936,9.39146,0.00235,0.39106,0.92036,0.00034,-1.40309,1.46764,0.00372,
469,-206.54094,86.43154,9.39112,0.00238,0.39033,0.92067,0.00040,-1.40461,1.46850,0.00359,
470,-206.61733,86.51375,9.39076,0.00240,0.38961,0.92098,0.00045,-1.40535,1.46941,0.00344,
470,-206.69121,86.59124,9.39029,0.00241,0.38890,0.92128,0.00050,-1.40582,1.46939,0.00331,
470,-206.77153,86.67150,9.39028,0.00244,0.38817,0.92158,0.00055,-1.40807,1.46973,0.00324,
470,-206.85600,86.75422,9.38966,0.00247,0.38747,0.92188,0.00061,-1.41117,1.47006,0.00304,
470,-206.93700,86.83606,9.38921,0.00249,0.38679,0.92216,0.00065,-1.41349,1.47050,0.00290,
470,-207.02276,86.92115,9.38811,0.00252,0.38615,0.92243,0.00071,-1.41675,1.47100,0.00270,
470,-207.07414,86.95375,9.41192,0.00246,0.38546,0.92272,0.00076,-1.41262,1.46217,0.00661,
470,-207.11981,86.99389,9.41305,0.00251,0.38482,0.92299,0.00087,-1.41227,1.45694,0.00698,
470,-207.19279,87.06607,9.41424,0.00256,0.38414,0.92327,0.00098,-1.41425,1.45580,0.00714,
470,-207.27209,87.14538,9.41373,0.00260,0.38340,0.92358,0.00108,-1.41666,1.45583,0.00697,
470,-207.35396,87.22982,9.41332,0.00265,0.38259,0.92391,0.00117,-1.41914,1.45668,0.00681,
470,-207.43508,87.31168,9.41320,0.00270,0.38169,0.92429,0.00127,-1.42185,1.45683,0.00673,
470,-207.51618,87.39061,9.41300,0.00275,0.38069,0.92470,0.00138,-1.42499,1.45631,0.00664,
470,-207.59952,87.47371,9.41257,0.00279,0.37962,0.92514,0.00148,-1.42824,1.45645,0.00649,
470,-207.68328,87.55841,9.41243,0.00284,0.37849,0.92560,0.00156,-1.43127,1.45700,0.00640,
470,-207.76647,87.63788,9.41191,0.00288,0.37729,0.92609,0.00166,-1.43498,1.45622,0.00627,
470,-207.82634,87.66481,9.43848,0.00291,0.37588,0.92666,0.00173,-1.43764,1.44790,0.01052,
470,-207.86604,87.70801,9.43380,0.00294,0.37463,0.92717,0.00181,-1.43540,1.44305,0.00940,
470,-207.94559,87.78978,9.43391,0.00297,0.37338,0.92767,0.00187,-1.43770,1.44345,0.00926,
470,-208.02800,87.87353,9.43377,0.00300,0.37213,0.92817,0.00193,-1.44036,1.44373,0.00909,
470,-208.11226,87.96132,9.43344,0.00303,0.37089,0.92867,0.00197,-1.44300,1.44461,0.00888,
471,-208.19451,88.04330,9.43322,0.00305,0.36966,0.92916,0.00202,-1.44612,1.44436,0.00869,
471,-208.27641,88.12406,9.43304,0.00308,0.36845,0.92964,0.00207,-1.44931,1.44392,0.00852,
471,-208.37790,88.21435,9.44177,0.00310,0.36716,0.93015,0.00210,-1.45620,1.44468,0.00855,
471,-208.43290,88.27164,9.44448,0.00316,0.36595,0.93063,0.00221,-1.45602,1.44186,0.00961,
471,-208.51178,88.35138,9.44542,0.00321,0.36472,0.93111,0.00233,-1.45834,1.44164,0.00975,
471,-208.59370,88.43434,9.44578,0.00327,0.36338,0.93163,0.00247,-1.46102,1.44152,0.00971,
471,-208.66523,88.49538,9.44483,0.00334,0.36186,0.93222,0.00265,-1.46427,1.43746,0.00936,
471,-208.73621,88.55375,9.44377,0.00341,0.36019,0.93287,0.00284,-1.46786,1.43287,0.00901,
471,-208.81590,88.62885,9.44397,0.00348,0.35837,0.93357,0.00300,-1.47156,1.43100,0.00901,
471,-208.94591,88.74244,9.44673,0.00356,0.35641,0.93432,0.00317,-1.48426,1.43325,0.00877,
471,-209.00262,88.80212,9.44871,0.00362,0.35430,0.93512,0.00330,-1.48417,1.43044,0.00904,
471,-209.07536,88.86874,9.44869,0.00368,0.35210,0.93595,0.00345,-1.48742,1.42725,0.00889,
471,-209.15003,88.93462,9.44909,0.00375,0.34978,0.93682,0.00360,-1.49149,1.42338,0.00891,
471,-209.22616,89.00283,9.44883,0.00381,0.34739,0.93771,0.00375,-1.49589,1.41968,0.00879,
471,-209.32419,89.07905,9.44971,0.00388,0.34492,0.93862,0.00387,-1.50707,1.41815,0.00819,
471,-209.37888,89.12940,9.45256,0.00392,0.34253,0.93949,0.00398,-1.50733,1.41265,0.00890,
471,-209.44772,89.18807,9.45352,0.00397,0.34013,0.94036,0.00410,-1.51078,1.40746,0.00911,
471,-209.52198,89.25290,9.45471,0.00401,0.33778,0.94121,0.00420,-1.51457,1.40315,0.00933,
471,-209.63868,89.35325,9.44876,0.00407,0.33536,0.94207,0.00433,-1.52927,1.40355,0.00800,
472,-209.69235,89.39883,9.45136,0.00410,0.33311,0.94287,0.00440,-1.52939,1.39614,0.00851,
472,-209.76540,89.46295,9.45073,0.00410,0.33096,0.94363,0.00446,-1.53242,1.39151,0.00827,
472,-209.85016,89.54139,9.45057,0.00412,0.32889,0.94435,0.00451,-1.53716,1.38974,0.00806,
472,-209.96285,89.63619,9.43636,0.00417,0.32672,0.94510,0.00464,-1.55155,1.38972,0.00456,
472,-210.02854,89.69307,9.43760,0.00418,0.32479,0.94577,0.00467,-1.55247,1.38387,0.00476,
472,-210.10938,89.76636,9.43793,0.00419,0.32290,0.94641,0.00470,-1.55663,1.38142,0.00475,
472,-210.18990,89.83582,9.43829,0.00419,0.32107,0.94703,0.00472,-1.56094,1.37793,0.00478,
472,-210.26655,89.89956,9.43894,0.00420,0.31926,0.94764,0.00475,-1.56467,1.37303,0.00493,
472,-210.35570,89.93746,9.43242,0.00424,0.31735,0.94829,0.00489,-1.57529,1.35561,0.00227,
472,-210.42357,89.99142,9.43391,0.00424,0.31562,0.94886,0.00489,-1.57507,1.34686,0.00275,
472,-210.50063,90.05486,9.43396,0.00424,0.31392,0.94943,0.00490,-1.57827,1.34164,0.00266,
472,-210.57682,90.11540,9.43408,0.00424,0.31223,0.94998,0.00490,-1.58125,1.33533,0.00263,
472,-210.64908,90.16805,9.43417,0.00423,0.31055,0.95054,0.00491,-1.58309,1.32613,0.00258,
472,-210.71760,90.17917,9.43148,0.00429,0.30871,0.95113,0.00505,-1.58580,1.29644,0.00128,
472,-210.79400,90.24686,9.43159,0.00427,0.30714,0.95164,0.00500,-1.58780,1.29428,0.00126,
472,-210.87178,90.30846,9.43163,0.00426,0.30554,0.95216,0.00498,-1.59090,1.28910,0.00120,
472,-210.94820,90.36675,9.43186,0.00424,0.30395,0.95266,0.00497,-1.59350,1.28259,0.00124,
472,-211.02589,90.42678,9.43208,0.00422,0.30239,0.95316,0.00494,-1.59641,1.27697,0.00127,
472,-211.09440,90.44310,9.43069,0.00426,0.30069,0.95370,0.00505,-1.59739,1.24853,0.00050,
472,-211.16891,90.50129,9.43068,0.00423,0.29921,0.95416,0.00500,-1.59840,1.24296,0.00042,
472,-211.24613,90.55879,9.43087,0.00422,0.29773,0.95463,0.00497,-1.60086,1.23687,0.00045,
473,-211.32414,90.61670,9.43113,0.00419,0.29627,0.95508,0.00493,-1.60360,1.23115,0.00052,
473,-211.40150,90.67303,9.43106,0.00417,0.29483,0.95553,0.00490,-1.60602,1.22490,0.00041,
473,-211.47573,90.72380,9.43101,0.00415,0.29341,0.95597,0.00487,-1.60720,1.21637,0.00034,
473,-211.52589,90.71686,9.42975,0.00416,0.29185,0.95644,0.00498,-1.59861,1.17740,-0.00038,
473,-211.60291,90.77637,9.42923,0.00413,0.29053,0.95684,0.00491,-1.60044,1.17425,-0.00071,
473,-211.67841,90.82799,9.42916,0.00410,0.28921,0.95725,0.00487,-1.60193,1.16702,-0.00079,
473,-211.75364,90.87845,9.42915,0.00408,0.28791,0.95764,0.00483,-1.60330,1.15947,-0.00083,
473,-211.82787,90.92688,9.42899,0.00405,0.28663,0.95802,0.00479,-1.60423,1.15125,-0.00093,
473,-211.90262,90.97566,9.42852,0.00402,0.28540,0.95839,0.00474,-1.60531,1.14349,-0.00120,
473,-211.94144,90.95504,9.42710,0.00402,0.28399,0.95881,0.00487,-1.59049,1.09882,-0.00206,
473,-212.02251,91.01651,9.42676,0.00400,0.28285,0.95914,0.00478,-1.59416,1.09869,-0.00227,
473,-212.10011,91.06829,9.42656,0.00397,0.28170,0.95948,0.00472,-1.59641,1.09343,-0.00239,
473,-212.17813,91.12007,9.42633,0.00395,0.28058,0.95981,0.00467,-1.59874,1.08833,-0.00252,
473,-212.25748,91.17313,9.42600,0.00392,0.27950,0.96013,0.00461,-1.60153,1.08395,-0.00271,
473,-212.33616,91.22479,9.42589,0.00389,0.27845,0.96043,0.00455,-1.60401,1.07913,-0.00278,
473,-212.41171,91.27155,9.42592,0.00387,0.27741,0.96073,0.00450,-1.60516,1.07229,-0.00275,
473,-212.48757,91.31840,9.42577,0.00384,0.27640,0.96102,0.00445,-1.60639,1.06572,-0.00283,
473,-212.54421,91.32248,9.42268,0.00382,0.27529,0.96134,0.00454,-1.59985,1.03680,-0.00475,
473,-212.63797,91.39637,9.42449,0.00381,0.27436,0.96161,0.00442,-1.60854,1.04444,-0.00357,
474,-212.71953,91.45000,9.42431,0.00379,0.27343,0.96187,0.00435,-1.61184,1.04166,-0.00366,
474,-212.79647,91.49643,9.42450,0.00377,0.27252,0.96213,0.00429,-1.61321,1.03578,-0.00354,
474,-212.87249,91.54127,9.42422,0.00375,0.27162,0.96239,0.00424,-1.61418,1.02928,-0.00366,
474,-212.95188,91.59056,9.42392,0.00372,0.27074,0.96264,0.00418,-1.61638,1.02498,-0.00380,
474,-213.03688,91.64735,9.42359,0.00370,0.26990,0.96287,0.00412,-1.62059,1.02404,-0.00397,
474,-213.11990,91.70097,9.42323,0.00368,0.26907,0.96311,0.00405,-1.62393,1.02180,-0.00414,
474,-213.20215,91.75337,9.42300,0.00365,0.26825,0.96333,0.00399,-1.62679,1.01911,-0.00424,
474,-213.27759,91.78723,9.42206,0.00363,0.26735,0.96359,0.00403,-1.62704,1.00688,-0.00479,
474,-213.35655,91.83535,9.42183,0.00361,0.26657,0.96380,0.00394,-1.62884,1.00339,-0.00478,
474,-213.44034,91.88874,9.42136,0.00359,0.26582,0.96401,0.00388,-1.63213,1.00168,-0.00498,
474,-213.52207,91.93829,9.42121,0.00357,0.26510,0.96421,0.00381,-1.63459,0.99854,-0.00501,
474,-213.60574,91.99057,9.42102,0.00355,0.26439,0.96440,0.00375,-1.63764,0.99649,-0.00507,
474,-213.69084,92.04453,9.42052,0.00352,0.26371,0.96459,0.00369,-1.64106,0.99518,-0.00526,
474,-213.77440,92.09579,9.42080,0.00351,0.26304,0.96477,0.00362,-1.64397,0.99301,-0.00513,
474,-213.85686,92.14567,9.42072,0.00349,0.26238,0.96495,0.00357,-1.64635,0.99019,-0.00513,
474,-213.93827,92.19330,9.42040,0.00347,0.26174,0.96512,0.00351,-1.64834,0.98666,-0.00522,
474,-214.02109,92.24260,9.42016,0.00345,0.26113,0.96529,0.00346,-1.65073,0.98389,-0.00529,
474,-214.10368,92.29149,9.41965,0.00344,0.26053,0.96545,0.00341,-1.65291,0.98109,-0.00548,
474,-214.21835,92.37369,9.42137,0.00343,0.25993,0.96562,0.00341,-1.66603,0.98888,-0.00501,
474,-214.30273,92.42486,9.42275,0.00344,0.25937,0.96577,0.00333,-1.66909,0.98769,-0.00424,
474,-214.38620,92.47441,9.42258,0.00342,0.25881,0.96592,0.00328,-1.67117,0.98524,-0.00429,
475,-214.47120,92.52556,9.42214,0.00340,0.25827,0.96606,0.00323,-1.67366,0.98341,-0.00446,
475,-214.55778,92.57858,9.42156,0.00339,0.25775,0.96620,0.00318,-1.67655,0.98233,-0.00469,
475,-214.64275,92.62839,9.42059,0.00337,0.25722,0.96634,0.00314,-1.67887,0.97989,-0.00502,
475,-214.72559,92.67502,9.42048,0.00335,0.25670,0.96648,0.00310,-1.68058,0.97660,-0.00501,
475,-214.80867,92.72208,9.41967,0.00334,0.25619,0.96661,0.00306,-1.68224,0.97361,-0.00530,
475,-214.88999,92.76612,9.41861,0.00332,0.25570,0.96675,0.00302,-1.68337,0.96964,-0.00567,
475,-214.97254,92.81178,9.41793,0.00330,0.25521,0.96687,0.00298,-1.68479,0.96632,-0.00587,
475,-215.05802,92.86143,9.41766,0.00329,0.25474,0.96700,0.00293,-1.68700,0.96448,-0.00591,
475,-215.14378,92.91107,9.41744,0.00327,0.25427,0.96712,0.00289,-1.68927,0.96266,-0.00592,
475,-215.22674,92.95573,9.41693,0.00326,0.25380,0.96725,0.00286,-1.69085,0.95929,-0.00604,
475,-215.30939,92.99928,9.41693,0.00325,0.25335,0.96737,0.00282,-1.69241,0.95565,-0.00596,
475,-215.39508,93.04858,9.41619,0.00323,0.25291,0.96748,0.00278,-1.69438,0.95393,-0.00620,
475,-215.44218,93.06384,9.42027,0.00319,0.25239,0.96762,0.00280,-1.68329,0.94020,-0.00496,
475,-215.52433,93.10700,9.42115,0.00320,0.25198,0.96772,0.00275,-1.68520,0.93758,-0.00445,
475,-215.60733,93.15177,9.42085,0.00318,0.25157,0.96783,0.00271,-1.68671,0.93484,-0.00449,
475,-215.69212,93.19824,9.42085,0.00317,0.25118,0.96793,0.00268,-1.68866,0.93272,-0.00444,
475,-215.77594,93.24297,9.42081,0.00316,0.25079,0.96803,0.00265,-1.69033,0.93009,-0.00441,
475,-215.86099,93.28946,9.42061,0.00315,0.25041,0.96813,0.00261,-1.69222,0.92803,-0.00443,
475,-215.94730,93.33755,9.42046,0.00314,0.25005,0.96822,0.00258,-1.69435,0.92655,-0.00444,
476,-216.03165,93.38213,9.42060,0.00313,0.24969,0.96832,0.00255,-1.69606,0.92405,-0.00432,
476,-216.11552,93.42572,9.42088,0.00312,0.24934,0.96841,0.00252,-1.69762,0.92131,-0.00415,
476,-216.20076,93.47170,9.41982,0.00311,0.24900,0.96849,0.00249,-1.69930,0.91936,-0.00448,
476,-216.28640,93.51768,9.41864,0.00310,0.24868,0.96858,0.00246,-1.70109,0.91744,-0.00485,
476,-216.37185,93.56343,9.41846,0.00309,0.24836,0.96866,0.00244,-1.70278,0.91552,-0.00487,
476,-216.45705,93.60821,9.41868,0.00308,0.24805,0.96874,0.00241,-1.70445,0.91339,-0.00472,
476,-216.54294,93.65379,9.41867,0.00307,0.24774,0.96882,0.00238,-1.70625,0.91152,-0.00467,
476,-216.62991,93.70088,9.41839,0.00307,0.24744,0.96889,0.00235,-1.70824,0.91014,-0.00472,
476,-216.71704,93.74797,9.41812,0.00306,0.24715,0.96897,0.00233,-1.71018,0.90880,-0.00476,
476,-216.80421,93.79544,9.41767,0.00305,0.24687,0.96904,0.00230,-1.71199,0.90758,-0.00486,
476,-216.89109,93.84190,9.41733,0.00304,0.24659,0.96911,0.00228,-1.71378,0.90616,-0.00491,
476,-216.97881,93.88985,9.41677,0.00303,0.24632,0.96918,0.00225,-1.71561,0.90517,-0.00504,
476,-217.06727,93.93823,9.41635,0.00303,0.24607,0.96925,0.00222,-1.71768,0.90434,-0.00514,
476,-217.17281,94.00378,9.42142,0.00298,0.24576,0.96932,0.00224,-1.72219,0.90562,-0.00358,
476,-217.26174,94.05500,9.42034,0.00299,0.24552,0.96938,0.00220,-1.72460,0.90647,-0.00393,
476,-217.35097,94.10405,9.42046,0.00298,0.24528,0.96944,0.00217,-1.72678,0.90610,-0.00386,
476,-217.43837,94.14981,9.42117,0.00298,0.24505,0.96950,0.00214,-1.72854,0.90471,-0.00358,
476,-217.52630,94.19697,9.42105,0.00297,0.24482,0.96956,0.00212,-1.73018,0.90367,-0.00360,
476,-217.61464,94.24424,9.42090,0.00296,0.24459,0.96962,0.00210,-1.73193,0.90274,-0.00362,
476,-217.70266,94.29035,9.42093,0.00296,0.24437,0.96968,0.00208,-1.73366,0.90150,-0.00358,
476,-217.79164,94.33801,9.42072,0.00296,0.24415,0.96973,0.00205,-1.73549,0.90069,-0.00362,
477,-217.88036,94.38528,9.42055,0.00295,0.24395,0.96978,0.00203,-1.73722,0.89981,-0.00365,
477,-217.96866,94.43079,9.42065,0.00295,0.24374,0.96983,0.00201,-1.73900,0.89850,-0.00357,
477,-218.05787,94.47745,9.42061,0.00294,0.24354,0.96988,0.00199,-1.74088,0.89752,-0.00355,
477,-218.14749,94.52557,9.42056,0.00293,0.24334,0.96993,0.00197,-1.74266,0.89694,-0.00355,
477,-218.23651,94.57153,9.42079,0.00293,0.24315,0.96998,0.00195,-1.74450,0.89584,-0.00344,
477,-218.32611,94.61804,9.42104,0.00293,0.24297,0.97003,0.00193,-1.74641,0.89493,-0.00332,
477,-218.41620,94.66447,9.42099,0.00292,0.24279,0.97007,0.00191,-1.74846,0.89401,-0.00328,
477,-218.50632,94.71039,9.42101,0.00292,0.24261,0.97012,0.00190,-1.75053,0.89298,-0.00322,
477,-218.59730,94.75868,9.42129,0.00292,0.24244,0.97016,0.00188,-1.75258,0.89260,-0.00311,
477,-218.68765,94.80613,9.42125,0.00291,0.24227,0.97020,0.00186,-1.75440,0.89204,-0.00310,
477,-218.77675,94.85265,9.42071,0.00291,0.24211,0.97024,0.00184,-1.75577,0.89121,-0.00324,
477,-218.86736,94.90031,9.42073,0.00290,0.24195,0.97028,0.00183,-1.75754,0.89067,-0.00320,
477,-218.95937,94.94784,9.42118,0.00290,0.24179,0.97032,0.00181,-1.75982,0.89016,-0.00302,
477,-219.04910,94.99515,9.42074,0.00289,0.24164,0.97036,0.00179,-1.76121,0.88959,-0.00313,
477,-219.13367,95.03605,9.42036,0.00288,0.24151,0.97039,0.00178,-1.76141,0.88733,-0.00324,
477,-219.22006,95.07740,9.42029,0.00288,0.24137,0.97043,0.00177,-1.76220,0.88522,-0.00323,
477,-219.31052,95.12182,9.42081,0.00287,0.24123,0.97046,0.00176,-1.76414,0.88394,-0.00304,
477,-219.40174,95.16835,9.42109,0.00287,0.24110,0.97049,0.00175,-1.76603,0.88334,-0.00293,
477,-219.49140,95.21135,9.41896,0.00287,0.24098,0.97053,0.00173,-1.76761,0.88190,-0.00351,
478,-219.57642,95.24789,9.41759,0.00287,0.24086,0.97055,0.00173,-1.76839,0.87876,-0.00392,
478,-219.66738,95.29443,9.41773,0.00286,0.24074,0.97058,0.00172,-1.77004,0.87816,-0.00384,
478,-219.75842,95.34129,9.41745,0.00286,0.24062,0.97061,0.00170,-1.77161,0.87766,-0.00389,
478,-219.84623,95.38662,9.41645,0.00285,0.24051,0.97064,0.00169,-1.77217,0.87670,-0.00415,
478,-219.91325,95.42842,9.43019,0.00281,0.24038,0.97067,0.00170,-1.76628,0.87372,-0.00066,
478,-220.00359,95.47666,9.43065,0.00282,0.24027,0.97070,0.00167,-1.76848,0.87487,-0.00054,
478,-220.09230,95.52113,9.43067,0.00282,0.24017,0.97073,0.00166,-1.76968,0.87399,-0.00056,
478,-220.18345,95.56724,9.43082,0.00282,0.24006,0.97075,0.00166,-1.77137,0.87332,-0.00052,
478,-220.27456,95.61338,9.43113,0.00282,0.23996,0.97078,0.00165,-1.77295,0.87272,-0.00042,
478,-220.36375,95.65861,9.43084,0.00281,0.23986,0.97080,0.00164,-1.77391,0.87193,-0.00052,
478,-220.45489,95.70548,9.43062,0.00281,0.23976,0.97083,0.00162,-1.77536,0.87162,-0.00062,
478,-220.54736,95.75260,9.43092,0.00281,0.23966,0.97085,0.00161,-1.77722,0.87140,-0.00053,
478,-220.63861,95.79746,9.43138,0.00281,0.23956,0.97088,0.00160,-1.77883,0.87058,-0.00040,
478,-220.73031,95.84300,9.43186,0.00280,0.23947,0.97090,0.00160,-1.78048,0.86994,-0.00025,
478,-220.82092,95.88953,9.43193,0.00279,0.23938,0.97092,0.00159,-1.78159,0.86949,-0.00024,
478,-220.90962,95.93441,9.43115,0.00279,0.23929,0.97094,0.00158,-1.78220,0.86865,-0.00047,
478,-221.00279,95.98277,9.42970,0.00279,0.23921,0.97096,0.00157,-1.78392,0.86867,-0.00087,
478,-221.09727,96.03242,9.42906,0.00279,0.23913,0.97098,0.00156,-1.78594,0.86904,-0.00105,
478,-221.18933,96.07872,9.42943,0.00279,0.23905,0.97100,0.00155,-1.78746,0.86860,-0.00095,
478,-221.28173,96.12509,9.42941,0.00279,0.23898,0.97102,0.00154,-1.78905,0.86822,-0.00096,
478,-221.37261,96.17041,9.42950,0.00278,0.23891,0.97104,0.00154,-1.79022,0.86757,-0.00093,
479,-221.46280,96.21632,9.43014,0.00278,0.23884,0.97105,0.00153,-1.79114,0.86706,-0.00076,
479,-221.55312,96.26415,9.43088,0.00277,0.23878,0.97107,0.00152,-1.79192,0.86699,-0.00058,
479,-221.64728,96.31210,9.43117,0.00277,0.23872,0.97108,0.00151,-1.79383,0.86698,-0.00050,
479,-221.73727,96.35313,9.43326,0.00278,0.23867,0.97110,0.00150,-1.79523,0.86566,0.00000,
479,-221.82440,96.39134,9.43412,0.00277,0.23861,0.97111,0.00151,-1.79577,0.86315,0.00020,
479,-221.91616,96.43757,9.43387,0.00276,0.23855,0.97113,0.00151,-1.79696,0.86281,0.00014,
479,-222.00966,96.48434,9.43402,0.00276,0.23849,0.97114,0.00150,-1.79863,0.86264,0.00018,
479,-222.10054,96.52950,9.43445,0.00276,0.23844,0.97115,0.00149,-1.79966,0.86213,0.00026,
479,-222.19156,96.57458,9.43471,0.00276,0.23839,0.97117,0.00148,-1.80072,0.86161,0.00031,
479,-222.28279,96.61258,9.43355,0.00276,0.23834,0.97118,0.00148,-1.80228,0.85940,0.00003,
479,-222.36963,96.64799,9.43179,0.00275,0.23829,0.97119,0.00149,-1.80272,0.85666,-0.00040,
479,-222.45478,96.68869,9.43059,0.00274,0.23824,0.97120,0.00148,-1.80227,0.85518,-0.00071,
479,-222.54599,96.73383,9.43016,0.00274,0.23819,0.97121,0.00148,-1.80319,0.85462,-0.00081,
479,-222.63973,96.78087,9.43010,0.00274,0.23814,0.97123,0.00147,-1.80464,0.85453,-0.00081,
479,-222.73180,96.82585,9.43039,0.00274,0.23809,0.97124,0.00146,-1.80585,0.85407,-0.00075,
479,-222.82123,96.86976,9.43069,0.00273,0.23805,0.97125,0.00146,-1.80643,0.85340,-0.00069,
479,-222.90989,96.91420,9.42980,0.00273,0.23800,0.97126,0.00145,-1.80662,0.85278,-0.00091,
479,-223.00244,96.95937,9.42962,0.00272,0.23795,0.97127,0.00145,-1.80780,0.85226,-0.00095,
479,-223.09170,97.00310,9.42871,0.00272,0.23791,0.97128,0.00145,-1.80822,0.85153,-0.00117,
480,-223.18008,97.03887,9.42878,0.00272,0.23787,0.97129,0.00145,-1.80907,0.84903,-0.00115,
480,-223.27228,97.07525,9.43033,0.00272,0.23783,0.97130,0.00146,-1.81093,0.84672,-0.00079,
480,-223.36673,97.12027,9.43116,0.00273,0.23779,0.97131,0.00145,-1.81268,0.84640,-0.00061,
480,-223.46051,97.16490,9.43081,0.00273,0.23775,0.97132,0.00145,-1.81424,0.84576,-0.00068,
480,-223.55628,97.21152,9.42832,0.00273,0.23771,0.97133,0.00145,-1.81607,0.84572,-0.00124,
480,-223.64849,97.24092,9.42740,0.00274,0.23768,0.97134,0.00146,-1.81806,0.84201,-0.00145,
480,-223.73670,97.27085,9.42729,0.00274,0.23765,0.97135,0.00147,-1.81911,0.83845,-0.00151,
480,-223.82630,97.31435,9.42628,0.00273,0.23761,0.97136,0.00146,-1.81950,0.83785,-0.00173,
480,-223.91572,97.35666,9.42605,0.00273,0.23757,0.97136,0.00146,-1.81991,0.83689,-0.00179,
480,-224.00972,97.40089,9.42637,0.00273,0.23754,0.97137,0.00146,-1.82132,0.83632,-0.00171,
480,-224.03023,97.44195,9.44806,0.00267,0.23749,0.97139,0.00146,-1.80548,0.83633,0.00219,
480,-224.12388,97.49390,9.44826,0.00269,0.23746,0.97139,0.00143,-1.80777,0.83900,0.00223,
480,-224.21620,97.53926,9.44914,0.00269,0.23743,0.97140,0.00142,-1.80908,0.83903,0.00240,
480,-224.30857,97.58482,9.44979,0.00269,0.23739,0.97141,0.00142,-1.81025,0.83906,0.00250,
480,-224.40260,97.63155,9.44966,0.00269,0.23736,0.97142,0.00141,-1.81163,0.83923,0.00244,
480,-224.49667,97.67749,9.44999,0.00269,0.23733,0.97142,0.00141,-1.81304,0.83919,0.00249,
480,-224.59351,97.72464,9.45056,0.00269,0.23730,0.97143,0.00140,-1.81508,0.83941,0.00259,
480,-224.68855,97.77115,9.45039,0.00269,0.23727,0.97144,0.00139,-1.81664,0.83954,0.00252,
480,-224.78189,97.81684,9.45051,0.00269,0.23724,0.97145,0.00139,-1.81786,0.83954,0.00251,
480,-224.87300,97.86134,9.45089,0.00269,0.23721,0.97145,0.00138,-1.81862,0.83926,0.00253,
480,-224.96530,97.90787,9.45084,0.00269,0.23718,0.97146,0.00138,-1.81952,0.83945,0.00248,
481,-225.05904,97.95488,9.45069,0.00269,0.23716,0.97147,0.00137,-1.82066,0.83973,0.00241,
481,-225.15158,97.99956,9.45074,0.00269,0.23713,0.97147,0.00137,-1.82164,0.83945,0.00237,
481,-225.24970,98.04672,9.45065,0.00270,0.23710,0.97148,0.00136,-1.82383,0.83969,0.00234,
481,-225.34877,98.09599,9.45140,0.00270,0.23708,0.97149,0.00136,-1.82614,0.84040,0.00249,
481,-225.44192,98.14201,9.45198,0.00270,0.23705,0.97149,0.00135,-1.82719,0.84044,0.00257,
481,-225.53359,98.18668,9.45118,0.00270,0.23703,0.97150,0.00135,-1.82788,0.84026,0.00237,
481,-225.62400,98.23146,9.45107,0.00270,0.23701,0.97150,0.00134,-1.82841,0.84015,0.00229,
481,-225.71702,98.27756,9.45194,0.00270,0.23699,0.97151,0.00134,-1.82951,0.84031,0.00243,
481,-225.81157,98.32533,9.45200,0.00270,0.23697,0.97151,0.00133,-1.83071,0.84082,0.00241,
481,-225.90608,98.37285,9.45203,0.00270,0.23696,0.97152,0.00132,-1.83194,0.84131,0.00238,
481,-225.99977,98.41920,9.45215,0.00271,0.23695,0.97152,0.00131,-1.83303,0.84152,0.00236,
481,-226.09417,98.45722,9.45219,0.00271,0.23694,0.97152,0.00132,-1.83449,0.83949,0.00233,
481,-226.18657,98.49339,9.45261,0.00271,0.23694,0.97152,0.00132,-1.83565,0.83720,0.00237,
481,-226.27443,98.53677,9.45257,0.00270,0.23693,0.97152,0.00132,-1.83552,0.83689,0.00232,
481,-226.36862,98.58336,9.45237,0.00270,0.23692,0.97152,0.00131,-1.83660,0.83713,0.00225,
481,-226.46434,98.62905,9.45250,0.00270,0.23692,0.97153,0.00131,-1.83806,0.83710,0.00225,
481,-226.56096,98.67621,9.45256,0.00270,0.23691,0.97153,0.00130,-1.83961,0.83738,0.00224,
481,-226.65806,98.72503,9.45293,0.00270,0.23691,0.97153,0.00130,-1.84117,0.83802,0.00230,
481,-226.74994,98.77597,9.45500,0.00270,0.23690,0.97153,0.00129,-1.84165,0.83921,0.00267,
482,-226.84326,98.82527,9.45334,0.00271,0.23689,0.97153,0.00128,-1.84253,0.84019,0.00227,
482,-226.94306,98.87543,9.45040,0.00271,0.23689,0.97153,0.00127,-1.84459,0.84130,0.00165,
482,-227.03074,98.91895,9.44990,0.00271,0.23689,0.97153,0.00127,-1.84429,0.84105,0.00151,
482,-227.12436,98.95481,9.44851,0.00271,0.23689,0.97153,0.00128,-1.84546,0.83883,0.00120,
482,-227.21519,98.98873,9.44736,0.00270,0.23689,0.97153,0.00129,-1.84618,0.83631,0.00092,
482,-227.31057,99.03821,9.44734,0.00271,0.23689,0.97153,0.00128,-1.84741,0.83728,0.00089,
482,-227.40393,99.08607,9.44703,0.00271,0.23688,0.97153,0.00127,-1.84816,0.83791,0.00080,
482,-227.49748,99.13048,9.44699,0.00271,0.23687,0.97154,0.00127,-1.84907,0.83782,0.00077,
482,-227.59065,99.17623,9.44732,0.00271,0.23687,0.97154,0.00126,-1.84985,0.83800,0.00080,
482,-227.68457,99.22368,9.44723,0.00271,0.23686,0.97154,0.00126,-1.85069,0.83849,0.00076,
482,-227.78117,99.27280,9.44760,0.00271,0.23685,0.97154,0.00125,-1.85206,0.83931,0.00081,
482,-227.87971,99.32167,9.44829,0.00271,0.23684,0.97154,0.00125,-1.85386,0.84007,0.00091,
482,-227.98904,99.36618,9.44654,0.00272,0.23684,0.97155,0.00124,-1.85759,0.83946,0.00051,
482,-228.08442,99.40532,9.44379,0.00272,0.23683,0.97155,0.00124,-1.85867,0.83809,-0.00006,
482,-228.17182,99.44742,9.44320,0.00272,0.23682,0.97155,0.00124,-1.85841,0.83772,-0.00020,
482,-228.27156,99.49324,9.43958,0.00272,0.23682,0.97155,0.00123,-1.86017,0.83790,-0.00093,
482,-228.36801,99.54027,9.43537,0.00272,0.23681,0.97155,0.00122,-1.86116,0.83841,-0.00177,
482,-228.45597,99.58350,9.43491,0.00272,0.23680,0.97155,0.00121,-1.86088,0.83823,-0.00187,
482,-228.44048,99.67643,9.46242,0.00266,0.23680,0.97155,0.00112,-1.83868,0.85379,0.00233,
482,-228.53481,99.72074,9.46039,0.00268,0.23681,0.97155,0.00111,-1.84116,0.85442,0.00193,
482,-228.63204,99.75972,9.46272,0.00269,0.23682,0.97155,0.00112,-1.84342,0.85286,0.00238,
483,-228.72334,99.80080,9.46434,0.00269,0.23683,0.97155,0.00112,-1.84429,0.85227,0.00261,
483,-228.81687,99.84775,9.46418,0.00269,0.23683,0.97155,0.00112,-1.84511,0.85279,0.00255,
483,-228.90949,99.89431,9.46418,0.00269,0.23683,0.97155,0.00111,-1.84576,0.85324,0.00252,
483,-229.00377,99.94115,9.46460,0.00269,0.23683,0.97155,0.00110,-1.84683,0.85370,0.00258,
483,-229.09297,99.98541,9.46449,0.00269,0.23683,0.97155,0.00110,-1.84690,0.85370,0.00247,
483,-229.17680,100.02681,9.46376,0.00269,0.23683,0.97155,0.00110,-1.84602,0.85332,0.00226,
483,-229.27002,100.07428,9.46432,0.00269,0.23683,0.97155,0.00109,-1.84687,0.85398,0.00236,
483,-229.36754,100.12284,9.46478,0.00269,0.23683,0.97155,0.00109,-1.84842,0.85463,0.00243,
483,-229.46204,100.16968,9.46425,0.00269,0.23683,0.97155,0.00108,-1.84939,0.85512,0.00229,
483,-229.55248,100.21494,9.46427,0.00269,0.23683,0.97155,0.00108,-1.84969,0.85536,0.00224,
483,-229.64681,100.26120,9.46432,0.00269,0.23683,0.97155,0.00107,-1.85067,0.85566,0.00222,
483,-229.73989,100.30788,9.46352,0.00269,0.23683,0.97155,0.00107,-1.85134,0.85610,0.00203,
483,-229.83039,100.35706,9.46000,0.00269,0.23683,0.97155,0.00107,-1.85127,0.85685,0.00136,
483,-229.91714,100.40314,9.45731,0.00269,0.23682,0.97155,0.00107,-1.85062,0.85704,0.00088,
483,-230.00922,100.44971,9.45688,0.00269,0.23682,0.97155,0.00106,-1.85120,0.85756,0.00076,
483,-230.10054,100.49555,9.45645,0.00269,0.23682,0.97155,0.00105,-1.85161,0.85799,0.00064,
483,-230.18509,100.53819,9.45630,0.00268,0.23682,0.97155,0.00105,-1.85088,0.85790,0.00056,
483,-230.27481,100.58298,9.45608,0.00268,0.23682,0.97155,0.00105,-1.85107,0.85812,0.00047,
483,-230.36628,100.62617,9.45617,0.00268,0.23681,0.97155,0.00104,-1.85159,0.85791,0.00044,
484,-230.46263,100.66356,9.45569,0.00268,0.23682,0.97155,0.00106,-1.85284,0.85566,0.00031,
484,-230.55452,100.70281,9.45402,0.00268,0.23683,0.97155,0.00107,-1.85320,0.85406,-0.00001,
484,-230.64891,100.74227,9.45643,0.00268,0.23683,0.97155,0.00107,-1.85427,0.85283,0.00045,
484,-230.74808,100.78266,9.45971,0.00268,0.23683,0.97155,0.00108,-1.85608,0.85154,0.00107,
484,-230.84254,100.83033,9.45941,0.00268,0.23683,0.97155,0.00107,-1.85694,0.85221,0.00098,
484,-230.94731,100.87680,9.45575,0.00269,0.23683,0.97155,0.00107,-1.85936,0.85216,0.00031,
484,-231.05630,100.92568,9.45343,0.00269,0.23683,0.97155,0.00108,-1.86233,0.85207,-0.00010,
484,-231.14090,100.96528,9.45240,0.00269,0.23683,0.97155,0.00108,-1.86142,0.85111,-0.00032,
484,-231.23217,101.00710,9.45228,0.00268,0.23683,0.97155,0.00108,-1.86173,0.85056,-0.00035,
484,-231.32132,101.04348,9.45632,0.00268,0.23683,0.97155,0.00108,-1.86204,0.84910,0.00027,
484,-231.40310,101.07275,9.45860,0.00267,0.23683,0.97155,0.00109,-1.86113,0.84623,0.00054,
484,-231.50192,101.12052,9.45758,0.00268,0.23683,0.97155,0.00108,-1.86276,0.84676,0.00030,
484,-231.60573,101.17645,9.45802,0.00268,0.23682,0.97155,0.00107,-1.86501,0.84888,0.00034,
484,-231.70287,101.22504,9.45828,0.00268,0.23681,0.97155,0.00107,-1.86616,0.84962,0.00038,
484,-231.79491,101.27058,9.45774,0.00268,0.23681,0.97155,0.00106,-1.86647,0.84984,0.00028,
484,-231.88545,101.31605,9.45730,0.00268,0.23681,0.97155,0.00106,-1.86657,0.85006,0.00018,
484,-231.98486,101.36281,9.45662,0.00268,0.23681,0.97155,0.00106,-1.86812,0.85028,0.00004,
484,-232.08263,101.40905,9.45558,0.00268,0.23681,0.97155,0.00106,-1.86931,0.85046,-0.00015,
484,-232.16662,101.45050,9.45461,0.00268,0.23681,0.97155,0.00106,-1.86829,0.85003,-0.00037,
484,-232.25341,101.49358,9.45353,0.00267,0.23680,0.97155,0.00105,-1.86778,0.84999,-0.00058,
484,-232.34582,101.53591,9.45194,0.00267,0.23680,0.97155,0.00105,-1.86817,0.84972,-0.00088,
485,-232.43226,101.58049,9.45197,0.00267,0.23680,0.97155,0.00104,-1.86770,0.85007,-0.00092,
485,-232.52554,101.62865,9.45244,0.00267,0.23680,0.97155,0.00103,-1.86824,0.85089,-0.00087,
485,-232.62138,101.67513,9.45160,0.00267,0.23680,0.97155,0.00103,-1.86905,0.85120,-0.00101,
485,-232.72160,101.72746,9.45150,0.00267,0.23680,0.97155,0.00103,-1.87069,0.85264,-0.00103,
485,-232.82249,101.78661,9.44956,0.00268,0.23680,0.97156,0.00102,-1.87239,0.85516,-0.00139,
485,-232.98754,101.86860,9.44788,0.00271,0.23680,0.97155,0.00103,-1.88315,0.85874,-0.00182,
485,-233.08386,101.91434,9.44674,0.00272,0.23680,0.97156,0.00103,-1.88393,0.85876,-0.00204,
485,-233.19093,101.95649,9.44093,0.00272,0.23680,0.97155,0.00104,-1.88610,0.85726,-0.00313,
485,-233.29917,102.00019,9.43472,0.00272,0.23680,0.97155,0.00105,-1.88837,0.85595,-0.00427,
485,-233.39652,102.04563,9.43219,0.00272,0.23680,0.97155,0.00104,-1.88923,0.85597,-0.00475,
485,-233.50103,102.09844,9.43082,0.00272,0.23680,0.97155,0.00104,-1.89135,0.85724,-0.00501,
485,-233.60056,102.15008,9.43058,0.00273,0.23680,0.97155,0.00103,-1.89271,0.85856,-0.00505,
485,-233.69342,102.19741,9.42777,0.00273,0.23679,0.97156,0.00101,-1.89296,0.85949,-0.00553,
485,-233.77696,102.24060,9.42625,0.00272,0.23679,0.97156,0.00101,-1.89188,0.85975,-0.00576,
485,-233.87324,102.28806,9.42637,0.00272,0.23679,0.97156,0.00101,-1.89274,0.86011,-0.00576,
485,-233.97139,102.33642,9.42630,0.00272,0.23679,0.97156,0.00100,-1.89387,0.86064,-0.00577,
485,-234.07135,102.38470,9.42533,0.00273,0.23678,0.97156,0.00100,-1.89527,0.86112,-0.00593,
485,-234.17402,102.43454,9.42498,0.00273,0.23678,0.97156,0.00100,-1.89709,0.86183,-0.00598,
485,-233.98146,102.44301,9.45828,0.00267,0.23677,0.97156,0.00098,-1.86042,0.86705,-0.00137,
486,-234.04500,102.48202,9.46148,0.00267,0.23675,0.97157,0.00095,-1.85881,0.86836,-0.00097,
486,-234.13022,102.52502,9.46188,0.00267,0.23675,0.97157,0.00095,-1.85861,0.86844,-0.00093,
486,-234.22189,102.57150,9.46164,0.00268,0.23675,0.97157,0.00094,-1.85907,0.86885,-0.00102,
486,-234.31652,102.61710,9.46177,0.00268,0.23675,0.97157,0.00094,-1.85993,0.86892,-0.00104,
486,-234.41380,102.66488,9.46217,0.00268,0.23675,0.97157,0.00094,-1.86121,0.86935,-0.00101,
486,-234.50710,102.71208,9.46263,0.00268,0.23675,0.97157,0.00094,-1.86184,0.86971,-0.00097,
486,-234.60108,102.75718,9.46200,0.00268,0.23675,0.97157,0.00094,-1.86247,0.86966,-0.00111,
486,-234.69709,102.80671,9.46172,0.00269,0.23674,0.97157,0.00093,-1.86346,0.87055,-0.00118,
486,-234.79187,102.85645,9.46224,0.00269,0.23674,0.97157,0.00093,-1.86433,0.87156,-0.00113,
486,-234.88801,102.90571,9.46235,0.00269,0.23674,0.97157,0.00092,-1.86529,0.87235,-0.00114,
486,-234.98235,102.95397,9.46257,0.00269,0.23673,0.97157,0.00092,-1.86598,0.87289,-0.00114,
486,-235.07501,103.00181,9.46383,0.00269,0.23673,0.97157,0.00092,-1.86653,0.87349,-0.00097,
486,-235.17491,103.05271,9.46508,0.00269,0.23672,0.97157,0.00091,-1.86819,0.87453,-0.00077,
486,-235.27749,103.10320,9.46526,0.00270,0.23672,0.97157,0.00091,-1.87019,0.87531,-0.00077,
486,-235.37433,103.15071,9.46419,0.00270,0.23672,0.97157,0.00091,-1.87117,0.87566,-0.00103,
486,-235.48759,103.19997,9.46272,0.00271,0.23672,0.97157,0.00092,-1.87437,0.87527,-0.00133,
486,-235.59993,103.25079,9.46189,0.00271,0.23672,0.97157,0.00092,-1.87743,0.87521,-0.00151,
486,-235.70493,103.29835,9.45886,0.00272,0.23672,0.97157,0.00092,-1.87942,0.87535,-0.00195,
486,-235.81284,103.34823,9.45580,0.00272,0.23672,0.97157,0.00092,-1.88185,0.87584,-0.00241,
486,-235.90965,103.39830,9.45544,0.00272,0.23671,0.97157,0.00092,-1.88282,0.87667,-0.00253,
486,-235.99482,103.44346,9.45447,0.00272,0.23671,0.97158,0.00091,-1.88200,0.87691,-0.00277,
487,-236.08041,103.48219,9.45516,0.00272,0.23671,0.97158,0.00091,-1.88140,0.87589,-0.00273,
487,-236.17262,103.52356,9.45574,0.00272,0.23671,0.97158,0.00092,-1.88191,0.87527,-0.00269,
487,-236.25903,103.57009,9.45491,0.00272,0.23671,0.97158,0.00091,-1.88134,0.87565,-0.00290,
487,-236.34603,103.61370,9.45358,0.00271,0.23670,0.97158,0.00091,-1.88075,0.87539,-0.00319,
487,-236.44184,103.66215,9.45320,0.00271,0.23670,0.97158,0.00091,-1.88158,0.87600,-0.00325,
487,-236.53753,103.71235,9.45203,0.00272,0.23669,0.97158,0.00090,-1.88231,0.87705,-0.00348,
487,-236.62681,103.76131,9.45176,0.00272,0.23669,0.97158,0.00089,-1.88219,0.87801,-0.00356,
487,-236.71633,103.80948,9.45226,0.00271,0.23668,0.97158,0.00089,-1.88203,0.87876,-0.00351,
487,-236.80323,103.85506,9.45079,0.00271,0.23668,0.97158,0.00088,-1.88138,0.87905,-0.00380,
487,-236.90365,103.89642,9.44945,0.00271,0.23668,0.97158,0.00089,-1.88272,0.87812,-0.00401,
487,-237.01437,103.93560,9.44913,0.00271,0.23669,0.97158,0.00090,-1.88563,0.87647,-0.00397,
487,-237.13537,103.97684,9.44767,0.00272,0.23670,0.97158,0.00091,-1.88955,0.87447,-0.00424,
487,-237.27348,104.01690,9.44047,0.00272,0.23671,0.97158,0.00092,-1.89530,0.87136,-0.00543,
487,-237.39352,104.06722,9.43784,0.00273,0.23671,0.97158,0.00092,-1.89929,0.87103,-0.00587,
487,-237.48873,104.11377,9.43844,0.00273,0.23671,0.97158,0.00092,-1.89979,0.87117,-0.00578,
487,-237.58037,104.15710,9.43806,0.00272,0.23671,0.97158,0.00092,-1.89981,0.87076,-0.00585,
487,-237.67778,104.20441,9.43762,0.00272,0.23671,0.97158,0.00092,-1.90069,0.87099,-0.00592,
487,-237.34524,104.02468,9.44251,0.00271,0.23672,0.97157,0.00088,-1.86073,0.85441,-0.00525,
488,-237.95724,104.34077,9.43610,0.00273,0.23670,0.97158,0.00091,-1.90288,0.87203,-0.00619,
488,-238.07693,104.39910,9.43448,0.00273,0.23670,0.97158,0.00091,-1.90534,0.87287,-0.00644,
488,-238.18380,104.45176,9.43563,0.00273,0.23670,0.97158,0.00091,-1.90740,0.87376,-0.00625,
488,-238.29052,104.50373,9.43709,0.00274,0.23670,0.97158,0.00091,-1.90954,0.87454,-0.00601,
488,-238.41199,104.54598,9.44113,0.00274,0.23671,0.97158,0.00092,-1.91366,0.87270,-0.00519,
488,-238.53504,104.58806,9.44492,0.00275,0.23671,0.97157,0.00093,-1.91797,0.87077,-0.00444,
488,-238.64075,104.63923,9.44584,0.00275,0.23671,0.97157,0.00093,-1.91995,0.87155,-0.00431,
488,-238.76120,104.68587,9.44478,0.00276,0.23672,0.97157,0.00094,-1.92379,0.87087,-0.00440,
488,-238.88065,104.73047,9.44351,0.00277,0.23673,0.97157,0.00095,-1.92733,0.86973,-0.00452,
488,-238.97466,104.77401,9.44340,0.00276,0.23673,0.97157,0.00095,-1.92748,0.86926,-0.00455,
488,-239.07601,104.82236,9.44340,0.00276,0.23673,0.97157,0.00095,-1.92874,0.86962,-0.00456,
488,-239.17203,104.86727,9.44166,0.00276,0.23673,0.97157,0.00095,-1.92915,0.86941,-0.00483,
488,-239.25513,104.90688,9.44039,0.00275,0.23672,0.97157,0.00095,-1.92767,0.86863,-0.00505,
488,-239.35317,104.95417,9.44205,0.00275,0.23672,0.97157,0.00094,-1.92831,0.86891,-0.00480,
488,-239.45978,105.00416,9.44292,0.00275,0.23672,0.97157,0.00094,-1.93019,0.86942,-0.00468,
488,-239.55524,105.04786,9.44197,0.00275,0.23672,0.97157,0.00094,-1.93052,0.86894,-0.00483,
488,-239.65145,105.09522,9.44144,0.00274,0.23672,0.97157,0.00094,-1.93097,0.86932,-0.00492,
488,-239.78798,105.14039,9.43628,0.00275,0.23673,0.97157,0.00095,-1.93640,0.86788,-0.00549,
488,-239.46287,105.16433,9.45950,0.00268,0.23662,0.97160,0.00086,-1.88908,0.88343,-0.00315,
488,-239.49976,105.20112,9.46482,0.00268,0.23663,0.97160,0.00082,-1.88483,0.88597,-0.00247,
488,-239.59173,105.24858,9.46486,0.00268,0.23663,0.97160,0.00082,-1.88555,0.88669,-0.00251,
489,-239.68167,105.29526,9.46552,0.00268,0.23662,0.97160,0.00081,-1.88563,0.88714,-0.00246,
489,-239.76798,105.33962,9.46655,0.00268,0.23662,0.97160,0.00081,-1.88519,0.88715,-0.00234,
489,-239.86056,105.38671,9.46754,0.00268,0.23662,0.97160,0.00081,-1.88561,0.88747,-0.00220,
489,-239.95555,105.43459,9.46768,0.00268,0.23662,0.97160,0.00081,-1.88623,0.88786,-0.00219,
489,-240.04310,105.48080,9.46650,0.00268,0.23661,0.97160,0.00080,-1.88580,0.88828,-0.00240,
489,-240.13025,105.52877,9.46412,0.00268,0.23661,0.97160,0.00079,-1.88521,0.88916,-0.00282,
489,-240.21048,105.57421,9.46344,0.00267,0.23660,0.97160,0.00078,-1.88378,0.88982,-0.00296,
489,-240.29706,105.62136,9.46355,0.00267,0.23660,0.97160,0.00077,-1.88330,0.89041,-0.00300,
489,-240.40841,105.67546,9.45912,0.00267,0.23659,0.97160,0.00077,-1.88548,0.89135,-0.00366,
489,-240.52200,105.72998,9.45642,0.00268,0.23659,0.97161,0.00076,-1.88789,0.89228,-0.00402,
489,-240.61223,105.77755,9.45740,0.00267,0.23659,0.97161,0.00076,-1.88782,0.89272,-0.00390,
489,-240.70056,105.82655,9.45737,0.00267,0.23658,0.97161,0.00075,-1.88758,0.89366,-0.00394,
489,-240.79389,105.87658,9.45657,0.00267,0.23658,0.97161,0.00075,-1.88789,0.89459,-0.00404,
489,-240.90107,105.92015,9.45796,0.00267,0.23658,0.97161,0.00075,-1.88977,0.89371,-0.00381,
489,-241.00221,105.96225,9.45983,0.00267,0.23659,0.97161,0.00075,-1.89094,0.89288,-0.00352,
489,-241.09179,106.00794,9.45897,0.00267,0.23658,0.97161,0.00075,-1.89070,0.89303,-0.00366,
489,-241.18806,106.05676,9.45758,0.00267,0.23658,0.97161,0.00074,-1.89129,0.89352,-0.00389,
489,-241.30914,106.10679,9.44754,0.00267,0.23658,0.97161,0.00075,-1.89409,0.89343,-0.00523,
489,-241.42295,106.15238,9.43846,0.00267,0.23658,0.97161,0.00075,-1.89592,0.89276,-0.00642,
490,-241.54290,106.19674,9.43337,0.00267,0.23659,0.97161,0.00076,-1.89887,0.89101,-0.00728,
490,-241.66794,106.24249,9.43484,0.00267,0.23660,0.97160,0.00076,-1.90283,0.88994,-0.00721,
490,-241.77658,106.29463,9.44107,0.00268,0.23660,0.97160,0.00075,-1.90523,0.89127,-0.00634,
490,-241.87427,106.34131,9.44028,0.00268,0.23659,0.97160,0.00075,-1.90591,0.89130,-0.00647,
490,-241.96902,106.38931,9.43875,0.00268,0.23659,0.97161,0.00075,-1.90619,0.89161,-0.00671,
490,-242.06188,106.43789,9.43730,0.00268,0.23659,0.97161,0.00075,-1.90629,0.89213,-0.00694,
490,-242.15799,106.48891,9.43617,0.00268,0.23658,0.97161,0.00074,-1.90685,0.89309,-0.00711,
490,-242.25389,106.54009,9.43527,0.00268,0.23658,0.97161,0.00074,-1.90748,0.89407,-0.00725,
490,-242.35280,106.58973,9.43432,0.00268,0.23658,0.97161,0.00074,-1.90830,0.89456,-0.00739,
490,-242.46192,106.63984,9.43502,0.00268,0.23658,0.97161,0.00074,-1.91032,0.89479,-0.00726,
490,-242.57155,106.69022,9.43517,0.00268,0.23657,0.97161,0.00074,-1.91246,0.89508,-0.00722,
490,-242.66889,106.73856,9.43352,0.00268,0.23657,0.97161,0.00073,-1.91294,0.89538,-0.00749,
490,-242.76835,106.78925,9.43272,0.00268,0.23657,0.97161,0.00073,-1.91374,0.89612,-0.00762,
490,-242.86548,106.84115,9.43274,0.00268,0.23656,0.97161,0.00072,-1.91434,0.89711,-0.00763,
490,-242.96910,106.89311,9.43259,0.00268,0.23657,0.97161,0.00072,-1.91574,0.89776,-0.00762,
490,-243.10253,106.94731,9.42753,0.00269,0.23657,0.97161,0.00073,-1.92038,0.89800,-0.00818,
490,-243.22776,107.00089,9.42357,0.00269,0.23658,0.97161,0.00073,-1.92415,0.89845,0.03907,
490,-243.32585,107.04959,9.42469,0.00269,0.23659,0.97161,0.00072,-1.92442,0.89876,0.01003,
490,-243.41734,107.09751,9.42504,0.00269,0.23659,0.97161,0.00072,-1.92408,0.89924,-0.00424,
490,-243.51382,107.15011,9.42481,0.00269,0.23659,0.97161,0.00071,-1.92455,0.90044,-0.00916,
490,-243.62767,107.20407,9.42509,0.00270,0.23660,0.97160,0.00071,-1.92717,0.90123,-0.01062,
491,-243.73400,107.25526,9.42486,0.00270,0.23660,0.97160,0.00071,-1.92871,0.90180,-0.01114,
491,-243.82877,107.30758,9.42373,0.00270,0.23661,0.97160,0.00070,-1.92889,0.90304,-0.01148,
491,-243.93032,107.35997,9.42350,0.00270,0.23661,0.97160,0.00069,-1.92998,0.90406,-0.01156,
491,-244.03223,107.41001,9.42285,0.00270,0.23661,0.97160,0.00069,-1.93102,0.90461,-0.01166,
491,-244.13547,107.46025,9.42223,0.00270,0.23662,0.97160,0.00069,-1.93215,0.90513,-0.01171,
491,-244.26930,107.50963,9.41476,0.00271,0.23663,0.97160,0.00069,-1.93647,0.90417,-0.01278,
491,-244.39196,107.55875,9.40797,0.00271,0.23664,0.97159,0.00070,-1.93937,0.90359,-0.01376,
491,-244.49552,107.61200,9.40673,0.00271,0.23665,0.97159,0.00069,-1.94062,0.90459,-0.01388,
491,-244.60239,107.66439,9.40481,0.00272,0.23665,0.97159,0.00069,-1.94220,0.90532,-0.01412,
491,-244.70975,107.69823,9.41028,0.00272,0.23666,0.97159,0.00070,-1.94399,0.90296,-0.01339,
491,-244.80430,107.72980,9.41532,0.00272,0.23667,0.97158,0.00071,-1.94440,0.90056,-0.01275,
491,-244.88329,107.77556,9.41513,0.00271,0.23667,0.97159,0.00070,-1.94252,0.90130,-0.01279,
491,-244.97237,107.82346,9.41607,0.00271,0.23667,0.97159,0.00069,-1.94212,0.90204,-0.01263,
491,-245.07114,107.87288,9.41587,0.00271,0.23667,0.97159,0.00069,-1.94285,0.90265,-0.01262,
491,-245.17687,107.92192,9.41422,0.00271,0.23667,0.97159,0.00069,-1.94408,0.90264,-0.01279,
491,-245.28169,107.97104,9.41283,0.00270,0.23666,0.97159,0.00069,-1.94520,0.90272,-0.01291,
491,-245.38484,108.02279,9.41124,0.00271,0.23666,0.97159,0.00069,-1.94629,0.90349,-0.01308,
491,-245.48576,108.07652,9.41215,0.00271,0.23665,0.97159,0.00069,-1.94748,0.90461,0.02479,
491,-245.36353,108.08346,9.43421,0.00264,0.23655,0.97161,0.00062,-1.92615,0.91032,0.00848,
492,-245.34448,108.11789,9.45327,0.00264,0.23652,0.97162,0.00058,-1.91791,0.91432,0.00315,
492,-245.39345,108.15708,9.46176,0.00264,0.23651,0.97163,0.00057,-1.91437,0.91500,0.00129,
492,-245.44334,108.19205,9.47097,0.00263,0.23650,0.97163,0.00057,-1.91054,0.91479,0.00144,
492,-245.53679,108.24004,9.47281,0.00263,0.23650,0.97163,0.00057,-1.91098,0.91523,0.00137,
492,-245.65016,108.28841,9.47229,0.00263,0.23650,0.97163,0.00057,-1.91325,0.91488,0.00120,
492,-245.76194,108.33531,9.47279,0.00264,0.23651,0.97163,0.00058,-1.91529,0.91430,0.00130,
492,-245.85923,108.38525,9.47438,0.00263,0.23650,0.97163,0.00058,-1.91591,0.91484,0.00155,
492,-245.96158,108.43781,9.47535,0.00263,0.23650,0.97163,0.00058,-1.91710,0.91582,0.00170,
492,-246.06107,108.48870,9.47655,0.00263,0.23650,0.97163,0.00057,-1.91795,0.91653,0.00183,
492,-246.16041,108.53818,9.47823,0.00263,0.23650,0.97163,0.00057,-1.91874,0.91694,0.00207,
492,-246.25715,108.58968,9.47974,0.00263,0.23649,0.97163,0.00057,-1.91931,0.91788,0.00229,
492,-246.36149,108.64318,9.48072,0.00264,0.23649,0.97163,0.00057,-1.92075,0.91892,0.00244,
492,-246.46914,108.69596,9.48163,0.00264,0.23649,0.97163,0.00056,-1.92245,0.91970,0.00260,
492,-246.56642,108.74388,9.48181,0.00264,0.23649,0.97163,0.00056,-1.92277,0.91986,0.00260,
492,-246.66066,108.79269,9.48157,0.00264,0.23648,0.97163,0.00056,-1.92273,0.92038,0.00249,
492,-246.78490,108.84433,9.47855,0.00264,0.23649,0.97163,0.00056,-1.92592,0.91985,0.00197,
492,-246.91685,108.89711,9.47648,0.00265,0.23649,0.97163,0.00057,-1.93005,0.91923,0.00165,
492,-247.02279,108.95011,9.47669,0.00265,0.23649,0.97163,0.00057,-1.93143,0.92009,0.00166,
492,-247.15697,108.99787,9.47264,0.00265,0.23650,0.97163,0.00058,-1.93546,0.91870,0.00114,
492,-247.32322,109.04614,9.46542,0.00266,0.23653,0.97162,0.00061,-1.94302,0.91562,0.04584,
492,-247.46794,109.10116,9.46917,0.00267,0.23653,0.97162,0.00062,-1.94848,0.91518,0.03656,
493,-247.58013,109.16333,9.47761,0.00267,0.23653,0.97162,0.00060,-1.95067,0.91803,0.00738,
493,-247.70321,109.21571,9.47866,0.00268,0.23653,0.97162,0.00060,-1.95390,0.91843,-0.00170,
493,-247.83030,109.26643,9.47725,0.00269,0.23653,0.97162,0.00061,-1.95739,0.91836,-0.00507,
493,-247.93549,109.31854,9.47818,0.00269,0.23653,0.97162,0.00060,-1.95868,0.91917,-0.00597,
493,-248.03680,109.37150,9.47977,0.00269,0.23652,0.97162,0.00060,-1.95953,0.92025,-0.00608,
493,-248.13592,109.42230,9.48232,0.00269,0.23652,0.97162,0.00060,-1.96019,0.92071,-0.00581,
493,-248.24043,109.47467,9.48381,0.00269,0.23652,0.97162,0.00060,-1.96149,0.92133,-0.00557,
493,-248.34716,109.53121,9.48334,0.00269,0.23652,0.97162,0.00060,-1.96296,0.92280,-0.00559,
493,-248.48155,109.57699,9.48709,0.00270,0.23653,0.97162,0.00061,-1.96749,0.92130,-0.00486,
493,-248.61523,109.62432,9.48726,0.00271,0.23655,0.97162,0.00063,-1.97160,0.91991,-0.00487,
493,-248.71968,109.67966,9.48572,0.00271,0.23654,0.97162,0.00063,-1.97256,0.92106,-0.00518,
493,-248.82155,109.72558,9.48708,0.00271,0.23654,0.97162,0.00063,-1.97336,0.92069,-0.00494,
493,-248.92806,109.77651,9.48688,0.00271,0.23654,0.97162,0.00063,-1.97468,0.92113,-0.00491,
493,-249.03458,109.83544,9.48773,0.00271,0.23654,0.97162,0.00063,-1.97620,0.92299,-0.00473,
493,-249.13649,109.88866,9.48961,0.00271,0.23653,0.97162,0.00062,-1.97716,0.92390,-0.00443,
493,-249.23436,109.93932,9.49133,0.00271,0.23653,0.97162,0.00062,-1.97762,0.92460,-0.00417,
493,-249.33482,109.99210,9.49193,0.00271,0.23653,0.97162,0.00062,-1.97831,0.92553,-0.00407,
493,-249.43376,110.04027,9.49100,0.00271,0.23652,0.97162,0.00062,-1.97855,0.92558,-0.00421,
493,-249.53315,110.08912,9.49269,0.00271,0.23652,0.97162,0.00062,-1.97909,0.92584,-0.00393,
494,-249.64006,110.14215,9.49497,0.00271,0.23652,0.97162,0.00062,-1.98065,0.92653,-0.00355,
494,-249.73332,110.19417,9.49554,0.00271,0.23651,0.97162,0.00061,-1.98047,0.92752,-0.00349,
494,-249.82847,110.24190,9.49632,0.00270,0.23651,0.97163,0.00061,-1.98032,0.92772,-0.00337,
494,-249.93272,110.28966,9.49657,0.00270,0.23651,0.97163,0.00061,-1.98108,0.92767,-0.00329,
494,-250.05090,110.34339,9.49068,0.00270,0.23651,0.97163,0.00060,-1.98315,0.92805,-0.00416,
494,-250.18093,110.40228,9.48153,0.00270,0.23651,0.97163,0.00060,-1.98616,0.92848,-0.00536,
494,-250.30407,110.46696,9.47847,0.00271,0.23651,0.97163,0.00060,-1.98893,0.93033,-0.00559,
494,-250.40837,110.52028,9.48186,0.00271,0.23651,0.97163,0.00061,-1.99019,0.93090,-0.00509,
494,-250.47916,110.56014,9.48604,0.00270,0.23651,0.97162,0.00061,-1.98779,0.93032,-0.00454,
494,-250.53985,110.62692,9.48654,0.00269,0.23649,0.97163,0.00059,-1.98453,0.93442,-0.00449,
494,-250.60762,110.68864,9.48661,0.00268,0.23647,0.97164,0.00058,-1.98187,0.93721,-0.00458,
494,-250.70635,110.74303,9.48661,0.00268,0.23646,0.97164,0.00058,-1.98219,0.93835,-0.00460,
494,-250.81458,110.79734,9.48641,0.00268,0.23646,0.97164,0.00057,-1.98354,0.93912,-0.00458,
494,-250.75649,110.83814,9.49626,0.00262,0.23637,0.97166,0.00051,-1.96543,0.94706,-0.00361,
494,-250.78236,110.86032,9.50192,0.00263,0.23642,0.97165,0.00051,-1.96266,0.94727,-0.00314,
494,-250.87116,110.90346,9.50320,0.00263,0.23642,0.97165,0.00051,-1.96266,0.94696,-0.00297,
494,-250.96918,110.94545,9.50759,0.00263,0.23642,0.97165,0.00051,-1.96315,0.94629,-0.00243,
494,-251.07124,110.98818,9.51161,0.00263,0.23643,0.97165,0.00051,-1.96397,0.94556,-0.00194,
494,-251.17016,111.03671,9.51232,0.00263,0.23643,0.97164,0.00051,-1.96436,0.94568,-0.00187,
494,-251.27213,111.08917,9.51458,0.00263,0.23643,0.97164,0.00050,-1.96527,0.94636,-0.00154,
494,-251.37965,111.14293,9.51679,0.00263,0.23643,0.97164,0.00050,-1.96676,0.94704,-0.00120,
495,-251.49018,111.19624,9.51873,0.00263,0.23644,0.97164,0.00051,-1.96882,0.94744,0.07964,
495,-251.59857,111.24720,9.52292,0.00263,0.23645,0.97164,0.00051,-1.96997,0.94748,0.03329,
495,-251.69955,111.29649,9.52672,0.00263,0.23645,0.97164,0.00051,-1.97051,0.94741,0.00758,
495,-251.80242,111.34395,9.53070,0.00263,0.23647,0.97164,0.00051,-1.97147,0.94681,-0.00156,
495,-251.91960,111.39439,9.53293,0.00264,0.23648,0.97163,0.00052,-1.97400,0.94632,-0.00435,
495,-252.03787,111.45109,9.53311,0.00264,0.23649,0.97163,0.00052,-1.97653,0.94704,-0.00524,
495,-252.14411,111.50581,9.53360,0.00264,0.23649,0.97163,0.00052,-1.97769,0.94797,-0.00547,
495,-252.24860,111.55862,9.53511,0.00264,0.23650,0.97163,0.00051,-1.97874,0.94863,-0.00534,
495,-252.35635,111.61134,9.53699,0.00265,0.23650,0.97163,0.00051,-1.98015,0.94909,-0.00504,
495,-252.46359,111.66467,9.53667,0.00265,0.23651,0.97163,0.00051,-1.98129,0.94964,-0.00506,
495,-252.56408,111.71622,9.53801,0.00265,0.23651,0.97163,0.00051,-1.98180,0.95017,-0.00483,
495,-252.66519,111.76913,9.54021,0.00265,0.23651,0.97162,0.00051,-1.98257,0.95092,-0.00446,
495,-252.77279,111.82492,9.54174,0.00265,0.23652,0.97162,0.00051,-1.98398,0.95202,-0.00416,
495,-252.87783,111.87660,9.54424,0.00265,0.23651,0.97162,0.00050,-1.98501,0.95258,-0.00375,
495,-252.97445,111.92489,9.54605,0.00265,0.23651,0.97162,0.00049,-1.98504,0.95281,-0.00349,
495,-253.06165,111.97426,9.55025,0.00265,0.23651,0.97163,0.00049,-1.98433,0.95373,-0.00275,
495,-253.15131,112.03046,9.55486,0.00265,0.23650,0.97163,0.00048,-1.98409,0.95610,-0.00195,
495,-253.24575,112.08914,9.55647,0.00265,0.23649,0.97163,0.00047,-1.98411,0.95868,-0.00169,
495,-253.34676,112.14465,9.55656,0.00265,0.23648,0.97163,0.00046,-1.98465,0.96003,-0.00165,
496,-253.44869,112.19972,9.55877,0.00265,0.23648,0.97163,0.00046,-1.98544,0.96118,-0.00128,
496,-253.54365,112.25155,9.56023,0.00265,0.23647,0.97164,0.00046,-1.98538,0.96194,-0.00108,
496,-253.64306,112.30269,9.56045,0.00265,0.23647,0.97164,0.00046,-1.98581,0.96249,-0.00109,
496,-253.75839,112.35744,9.55970,0.00265,0.23647,0.97164,0.00046,-1.98783,0.96299,-0.00116,
496,-253.87244,112.41672,9.55925,0.00265,0.23646,0.97164,0.00046,-1.98970,0.96441,-0.00114,
496,-253.97244,112.47294,9.56087,0.00265,0.23645,0.97164,0.00045,-1.99014,0.96590,-0.00087,
496,-254.08200,112.52554,9.56294,0.00265,0.23645,0.97164,0.00045,-1.99148,0.96628,-0.00052,
496,-254.19876,112.58313,9.56467,0.00266,0.23645,0.97164,0.00045,-1.99372,0.96735,-0.00018,
496,-254.34478,112.63701,9.55218,0.00266,0.23645,0.97164,0.00045,-1.99754,0.96677,-0.00151,
496,-254.48706,112.68857,9.54144,0.00266,0.23646,0.97164,0.00046,-2.00084,0.96591,-0.00264,
496,-254.60197,112.74634,9.54139,0.00267,0.23646,0.97164,0.00047,-2.00263,0.96690,-0.00263,
496,-254.71416,112.80125,9.53974,0.00268,0.23646,0.97164,0.00047,-2.00401,0.96737,-0.00284,
496,-254.81585,112.85312,9.54150,0.00267,0.23646,0.97164,0.00047,-2.00441,0.96770,-0.00260,
496,-254.90974,112.90267,9.54475,0.00267,0.23646,0.97164,0.00047,-2.00412,0.96791,-0.00222,
496,-255.01311,112.95522,9.54529,0.00267,0.23646,0.97164,0.00047,-2.00468,0.96840,-0.00215,
496,-255.12969,113.01175,9.54420,0.00267,0.23646,0.97164,0.00047,-2.00647,0.96920,-0.00223,
496,-255.27263,113.06338,9.53782,0.00268,0.23647,0.97164,0.00048,-2.01065,0.96743,-0.00310,
496,-255.40234,113.10986,9.53291,0.00268,0.23648,0.97163,0.00050,-2.01342,0.96502,-0.00385,
496,-255.51268,113.16383,9.53367,0.00268,0.23648,0.97163,0.00050,-2.01463,0.96561,-0.00371,
496,-255.62681,113.21830,9.53330,0.00268,0.23648,0.97163,0.00050,-2.01619,0.96619,-0.00370,
496,-255.72988,113.27040,9.53255,0.00268,0.23648,0.97163,0.00050,-2.01652,0.96637,-0.00380,
497,-255.83163,113.32404,9.53101,0.00268,0.23647,0.97163,0.00049,-2.01670,0.96714,-0.00400,
497,-255.93661,113.37523,9.53026,0.00268,0.23647,0.97163,0.00049,-2.01717,0.96736,-0.00411,
497,-256.04405,113.42827,9.53208,0.00268,0.23647,0.97163,0.00049,-2.01833,0.96767,0.02846,
497,-256.14948,113.48126,9.53619,0.00268,0.23647,0.97163,0.00049,-2.01931,0.96822,0.07224,
497,-256.24947,113.53132,9.53859,0.00268,0.23647,0.97164,0.00048,-2.01920,0.96845,0.02801,
497,-256.35321,113.58109,9.54102,0.00268,0.23646,0.97164,0.00048,-2.01972,0.96854,0.01025,
497,-256.45313,113.63034,9.54208,0.00268,0.23646,0.97164,0.00049,-2.01983,0.96850,0.00262,
497,-256.58483,113.67770,9.53050,0.00268,0.23647,0.97163,0.00049,-2.02207,0.96715,-0.00190,
497,-256.73188,113.73278,9.52061,0.00268,0.23648,0.97163,0.00049,-2.02585,0.96677,-0.00403,
497,-256.84292,113.79127,9.52009,0.00269,0.23648,0.97163,0.00049,-2.02690,0.96793,-0.00444,
497,-256.95165,113.84928,9.51858,0.00269,0.23647,0.97163,0.00048,-2.02788,0.96912,-0.00470,
497,-257.05869,113.90594,9.51946,0.00269,0.23647,0.97163,0.00048,-2.02873,0.97016,-0.00461,
497,-257.15743,113.95617,9.52037,0.00269,0.23647,0.97163,0.00048,-2.02869,0.97031,-0.00457,
497,-257.26251,114.01145,9.51451,0.00269,0.23647,0.97164,0.00048,-2.02894,0.97107,-0.00536,
497,-257.25603,114.03052,9.54284,0.00263,0.23650,0.97163,0.00047,-2.01444,0.97149,-0.00035,
497,-257.28847,114.06369,9.54775,0.00263,0.23651,0.97163,0.00046,-2.01200,0.97305,0.00036,
497,-257.38295,114.11238,9.54772,0.00264,0.23651,0.97163,0.00046,-2.01229,0.97366,0.00036,
497,-257.48978,114.16582,9.54788,0.00264,0.23650,0.97163,0.00045,-2.01327,0.97439,0.00039,
497,-257.60058,114.22358,9.54862,0.00264,0.23650,0.97163,0.00045,-2.01458,0.97582,0.00052,
498,-257.71382,114.28437,9.55026,0.00264,0.23649,0.97163,0.00044,-2.01626,0.97757,0.00079,
498,-257.82356,114.34209,9.55167,0.00264,0.23649,0.97163,0.00044,-2.01751,0.97872,0.00101,
498,-257.93370,114.39947,9.55216,0.00264,0.23649,0.97163,0.00043,-2.01865,0.97996,0.00108,
498,-258.04732,114.45624,9.55225,0.00264,0.23649,0.97163,0.00043,-2.02012,0.98083,0.00110,
498,-258.15423,114.51118,9.55279,0.00263,0.23649,0.97163,0.00044,-2.02092,0.98150,0.00120,
498,-258.26442,114.56717,9.55303,0.00262,0.23648,0.97163,0.00044,-2.02211,0.98243,0.00128,
498,-258.38591,114.62581,9.55160,0.00262,0.23648,0.97163,0.00044,-2.02440,0.98346,0.00116,
498,-258.50409,114.68403,9.54977,0.00261,0.23648,0.97163,0.00044,-2.02621,0.98440,0.00096,
498,-258.61043,114.73839,9.54948,0.00259,0.23648,0.97163,0.00044,-2.02686,0.98503,0.00093,
498,-258.70803,114.78820,9.55154,0.00258,0.23648,0.97163,0.00044,-2.02675,0.98518,0.00115,
498,-258.80098,114.83637,9.55314,0.00256,0.23648,0.97163,0.00044,-2.02615,0.98523,0.00126,
498,-258.89201,114.88326,9.55452,0.00255,0.23649,0.97163,0.00045,-2.02542,0.98498,0.00135,
498,-258.99200,114.93286,9.55461,0.00253,0.23649,0.97163,0.00045,-2.02543,0.98493,0.00131,
498,-259.10849,114.98944,9.55143,0.00252,0.23650,0.97163,0.00045,-2.02674,0.98547,0.00083,
498,-259.23286,115.04819,9.55062,0.00251,0.23650,0.97163,0.00044,-2.02891,0.98610,0.00071,
498,-259.35254,115.10792,9.55253,0.00249,0.23650,0.97163,0.00044,-2.03082,0.98716,0.00093,
498,-259.46509,115.16515,9.55361,0.00247,0.23651,0.97163,0.00044,-2.03200,0.98797,0.00103,
498,-259.58516,115.21513,9.55432,0.00246,0.23652,0.97162,0.00045,-2.03385,0.98705,0.00119,
498,-259.71144,115.26795,9.55398,0.00244,0.23654,0.97162,0.00046,-2.03617,0.98650,0.00123,
498,-259.85899,115.32252,9.54070,0.00242,0.23655,0.97162,0.00047,-2.03954,0.98567,-0.00030,
498,-259.99390,115.37361,9.52740,0.00240,0.23656,0.97161,0.00048,-2.04142,0.98477,-0.00188,
499,-260.10355,115.43152,9.53243,0.00238,0.23656,0.97162,0.00047,-2.04201,0.98611,-0.00136,
499,-260.22080,115.49420,9.53796,0.00235,0.23655,0.97162,0.00047,-2.04357,0.98816,-0.00084,
499,-260.33545,115.55249,9.53514,0.00234,0.23654,0.97162,0.00047,-2.04457,0.98903,-0.00125,
499,-260.46683,115.61369,9.52737,0.00231,0.23654,0.97162,0.00048,-2.04678,0.98952,-0.00233,
499,-260.60158,115.67438,9.52164,0.00228,0.23654,0.97162,0.00049,-2.04952,0.98979,-0.00319,
499,-260.71676,115.73125,9.52174,0.00226,0.23653,0.97162,0.00049,-2.05083,0.99035,0.07027,
499,-260.83298,115.79074,9.52278,0.00223,0.23652,0.97162,0.00049,-2.05167,0.99141,0.03338,
499,-260.94853,115.84901,9.52310,0.00221,0.23651,0.97163,0.00049,-2.05251,0.99237,0.00935,
499,-261.05181,115.90370,9.51952,0.00217,0.23650,0.97163,0.00049,-2.05200,0.99328,0.00054,
499,-261.15378,115.96196,9.51487,0.00214,0.23648,0.97163,0.00047,-2.05145,0.99521,-0.00285,
499,-261.27227,116.01967,9.51367,0.00211,0.23647,0.97164,0.00048,-2.05261,0.99588,-0.00405,
499,-261.38482,116.07701,9.51147,0.00206,0.23647,0.97164,0.00048,-2.05298,0.99651,-0.00468,
499,-261.49526,116.13542,9.51059,0.00202,0.23646,0.97164,0.00049,-2.05338,0.99741,-0.00491,
499,-261.60136,116.19050,9.50894,0.00198,0.23646,0.97164,0.00050,-2.05333,0.99778,-0.00521,
499,-261.71228,116.24703,9.50789,0.00192,0.23646,0.97164,0.00051,-2.05369,0.99837,-0.00532,
499,-261.83060,116.30782,9.50565,0.00186,0.23646,0.97164,0.00052,-2.05458,0.99950,-0.00551,
499,-261.94521,116.36760,9.50207,0.00180,0.23646,0.97164,0.00053,-2.05499,1.00054,-0.00594,
499,-262.04470,116.42190,9.50088,0.00173,0.23646,0.97164,0.00054,-2.05420,1.00114,-0.00616,
499,-262.15051,116.47695,9.50109,0.00165,0.23646,0.97164,0.00056,-2.05391,1.00163,-0.00615,
500,-262.26239,116.53252,9.49935,0.00156,0.23646,0.97164,0.00057,-2.05391,1.00194,-0.00633,
500,-262.36992,116.58787,9.49724,0.00146,0.23646,0.97164,0.00059,-2.05350,1.00240,-0.00654,
500,-262.47884,116.64616,9.49783,0.00135,0.23646,0.97164,0.00062,-2.05320,1.00312,-0.00643,
500,-262.59096,116.70553,9.49733,0.00123,0.23645,0.97164,0.00064,-2.05301,1.00379,-0.00647,
500,-262.40665,116.68147,9.51607,0.00100,0.23644,0.97164,0.00061,-2.02203,1.00450,-0.00382,
500,-262.42314,116.70377,9.51185,0.00083,0.23645,0.97164,0.00066,-2.01623,1.00321,-0.00421,
500,-262.52571,116.75847,9.51236,0.00065,0.23644,0.97164,0.00070,-2.01556,1.00379,-0.00415,
500,-262.64008,116.81881,9.51090,0.00044,0.23644,0.97165,0.00074,-2.01523,1.00431,-0.00418,
500,-262.76743,116.87572,9.50054,0.00021,0.23645,0.97164,0.00080,-2.01555,1.00384,-0.00549,
500,-262.88485,116.92711,9.49293,-0.00005,0.23645,0.97164,0.00086,-2.01498,1.00287,-0.00658,
500,-263.00394,116.97441,9.48868,-0.00035,0.23646,0.97164,0.00094,-2.01428,1.00104,-0.00703,
500,-263.11756,117.01888,9.48191,-0.00070,0.23647,0.97164,0.00103,-2.01283,0.99891,-0.00784,
500,-263.22572,117.07555,9.47919,-0.00109,0.23646,0.97164,0.00112,-2.01096,0.99869,-0.00813,
500,-263.34372,117.13793,9.47928,-0.00159,0.23646,0.97164,0.00124,-2.00903,0.99838,-0.00790,
500,-263.45876,117.19839,9.47952,-0.00217,0.23646,0.97164,0.00137,-2.00622,0.99763,-0.00759,
500,-263.57120,117.26102,9.48033,-0.00284,0.23646,0.97164,0.00153,-2.00290,0.99724,-0.00720,
500,-263.69414,117.33589,9.48745,-0.00364,0.23645,0.97163,0.00173,-2.00024,0.99665,-0.00570,
500,-263.82948,117.41478,9.49279,-0.00457,0.23644,0.97163,0.00196,-1.99855,0.99591,-0.00444,
500,-263.94842,117.47672,9.49353,-0.00569,0.23644,0.97163,0.00223,-1.99432,0.99426,-0.00380,
500,-264.08176,117.53666,9.49392,-0.00709,0.23645,0.97161,0.00257,-1.98918,0.99058,-0.00254,
500,-264.22137,117.59322,9.49154,-0.00883,0.23645,0.97160,0.00300,-1.98202,0.98500,-0.00098,
501,-264.24952,117.65273,9.47546,-0.01101,0.23647,0.97157,0.00348,-1.96119,0.98228,0.00150,
501,-264.30514,117.67295,9.48332,-0.01360,0.23649,0.97153,0.00414,-1.94681,0.97234,0.00610,
501,-264.41363,117.71488,9.48977,-0.01674,0.23649,0.97148,0.00493,-1.93231,0.96203,0.01201,
501,-264.53469,117.76917,9.49060,-0.02042,0.23647,0.97141,0.00583,-1.91627,0.95214,0.01859,
501,-264.60460,117.84053,9.48022,-0.02475,0.23648,0.97130,0.00682,-1.89024,0.94352,0.02738,
501,-264.65135,117.86670,9.48809,-0.02966,0.23645,0.97116,0.00803,-1.86012,0.92758,0.04055,
501,-264.73756,117.91476,9.49420,-0.03621,0.23638,0.97094,0.00962,-1.82810,0.91163,0.06127,
501,-264.76700,117.97690,9.50717,-0.04303,0.23634,0.97065,0.01125,-1.78363,0.89223,0.08551,
501,-264.82350,118.00221,9.50868,-0.04702,0.23630,0.97047,0.01225,-1.73669,0.86662,0.09630,
501,-264.86000,118.06945,9.52899,-0.04942,0.23631,0.97033,0.01309,-1.69217,0.84751,0.04678,
501,-264.91222,118.09533,9.53414,-0.05106,0.23631,0.97023,0.01413,-1.64569,0.82327,0.02475,
501,-264.99276,118.13513,9.53539,-0.05224,0.23633,0.97015,0.01531,-1.59907,0.79759,0.01641,
501,-265.07463,118.17727,9.53622,-0.05295,0.23637,0.97008,0.01651,-1.55143,0.77092,0.01342,
501,-265.02939,118.17876,9.57230,-0.05346,0.23644,0.97001,0.01765,-1.48743,0.73912,0.01791,
501,-265.06524,118.19752,9.57455,-0.05346,0.23650,0.96998,0.01874,-1.43534,0.70771,0.01618,
501,-265.12767,118.22873,9.57548,-0.05323,0.23656,0.96996,0.01969,-1.38643,0.67692,0.01377,
501,-265.18779,118.25825,9.57634,-0.05276,0.23662,0.96995,0.02051,-1.33811,0.64530,0.01088,
501,-265.24334,118.28532,9.57676,-0.05206,0.23668,0.96996,0.02117,-1.29039,0.61289,0.00761,
501,-265.29571,118.30985,9.57748,-0.05120,0.23673,0.96998,0.02165,-1.24332,0.58010,0.00437,
502,-265.34337,118.33337,9.57614,-0.05162,0.23383,0.97069,0.02051,-1.20220,0.55209,-0.06261,
502,-265.39524,118.35936,9.56973,-0.05191,0.22203,0.97346,0.01951,-1.16239,0.52669,-0.14576,
502,-265.47937,118.39455,9.55799,-0.05165,0.20144,0.97796,0.01890,-1.13239,0.50634,-0.29046,
502,-265.50280,118.41679,9.56572,-0.05097,0.17437,0.98318,0.01859,-1.10143,0.49234,-0.52003,
502,-265.50248,118.42249,9.54521,-0.04984,0.14326,0.98826,0.01845,-1.06325,0.47633,-0.75798,
502,-265.53893,118.44174,9.50561,-0.04836,0.11049,0.99253,0.01837,-1.03012,0.46240,-0.99482,
502,-265.57572,118.46219,9.45377,-0.04664,0.07781,0.99571,0.01824,-0.99429,0.44946,-1.22827,
502,-265.60823,118.48045,9.38483,-0.04465,0.04729,0.99772,0.01792,-0.95583,0.43606,-1.46202,
502,-265.63105,118.49472,9.30419,-0.04253,0.02026,0.99874,0.01738,-0.90944,0.42021,-1.69153,
502,-265.65459,118.50974,9.21326,-0.04036,-0.00168,0.99905,0.01657,-0.86539,0.40632,-1.91434,
502,-265.67180,118.52294,9.11103,-0.03820,-0.01942,0.99896,0.01558,-0.81398,0.39108,-2.13291,
502,-265.72780,118.55508,9.00026,-0.03604,-0.03218,0.99873,0.01440,-0.82351,0.40974,-2.34204,
502,-265.79214,118.59400,8.87926,-0.03390,-0.04010,0.99854,0.01306,-0.84950,0.44089,-2.54492,
502,-265.83331,118.61611,8.74699,-0.03181,-0.04338,0.99848,0.01170,-0.82720,0.43572,-2.74368,
502,-265.87803,118.64241,8.60514,-0.02976,-0.04247,0.99860,0.01029,-0.81497,0.44013,-2.93474,
502,-265.91397,118.66157,8.45377,-0.02771,-0.03833,0.99884,0.00896,-0.78805,0.43069,-3.11876,
502,-265.94943,118.68101,8.29338,-0.02571,-0.03179,0.99913,0.00767,-0.76410,0.42347,-3.29574,
502,-265.97926,118.69759,8.12440,-0.02375,-0.02348,0.99942,0.00646,-0.73461,0.41313,-3.46489,
502,-265.98679,118.69826,7.94740,-0.02186,-0.01430,0.99964,0.00538,-0.67388,0.37934,-3.62641,
502,-265.99722,118.70199,7.76276,-0.01999,-0.00502,0.99978,0.00443,-0.62327,0.35323,-3.77999,
502,-266.00737,118.71227,7.57046,-0.01821,0.00431,0.99982,0.00351,-0.57688,0.34001,-3.92626,
503,-266.01542,118.72276,7.37105,-0.01649,0.01290,0.99978,0.00269,-0.53175,0.32857,-4.06502,
503,-266.02939,118.73662,7.16468,-0.01480,0.02045,0.99968,0.00197,-0.50025,0.32360,-4.19735,
503,-266.05920,118.75531,6.95161,-0.01315,0.02636,0.99957,0.00142,-0.49609,0.32627,-4.32279,
503,-266.04095,118.74616,6.73372,-0.01165,0.03077,0.99946,0.00099,-0.42414,0.28889,-4.43962,
503,-266.06471,118.76092,6.50888,-0.01014,0.03381,0.99938,0.00057,-0.41840,0.28904,-4.55127,
503,-266.03637,118.74413,6.28032,-0.00879,0.03518,0.99934,0.00028,-0.34396,0.24684,-4.65388,
503,-266.05795,118.75881,6.04504,-0.00741,0.03540,0.99935,-0.00004,-0.34210,0.25006,-4.75186,
503,-266.07604,118.77163,5.80508,-0.00611,0.03457,0.99938,-0.00031,-0.33681,0.25093,-4.84378,
503,-266.02543,118.75039,5.56306,-0.00498,0.03284,0.99945,-0.00053,-0.25098,0.21155,-4.92742,
503,-266.04762,118.76549,5.31433,-0.00378,0.03061,0.99952,-0.00076,-0.25711,0.21760,-5.00813,
503,-266.06383,118.77747,5.06185,-0.00265,0.02804,0.99960,-0.00097,-0.25689,0.21993,-5.08365,
503,-266.04410,118.76837,4.80715,-0.00175,0.02515,0.99968,-0.00110,-0.21273,0.19563,-5.15260,
503,-266.05902,118.77930,4.54775,-0.00104,0.02245,0.99975,-0.00125,-0.21552,0.19847,-5.21843,
503,-266.06990,118.78991,4.28523,-0.00055,0.01996,0.99980,-0.00139,-0.21378,0.20099,-5.27977,
503,-266.04554,118.77852,4.02098,-0.00027,0.01762,0.99984,-0.00147,-0.17282,0.17835,-5.33207,
503,-266.05555,118.78922,3.75385,-0.00005,0.01575,0.99987,-0.00162,-0.17295,0.18243,-5.34624,
503,-266.06434,118.79904,3.48656,0.00005,0.01423,0.99990,-0.00176,-0.17194,0.18546,-5.34083,
503,-266.03994,118.78893,3.22073,-0.00004,0.01318,0.99991,-0.00190,-0.13721,0.16791,-5.32745,
503,-266.04831,118.79686,2.95478,-0.00020,0.01250,0.99992,-0.00209,-0.13739,0.16985,-5.31326,
504,-266.05543,118.80629,2.68946,-0.00057,0.01227,0.99992,-0.00241,-0.13610,0.17360,-5.29883,
504,-266.01919,118.78719,2.42616,-0.00134,0.01233,0.99992,-0.00287,-0.09401,0.15036,-5.27259,
504,-266.02973,118.79692,2.17321,0.00304,0.01269,0.99991,-0.00211,-0.09878,0.15762,-4.82326,
504,-266.03602,118.80661,1.94357,0.00516,0.01327,0.99990,-0.00173,-0.10596,0.16373,-4.36260,
504,-266.00363,118.79070,1.73749,0.00642,0.01391,0.99988,-0.00142,-0.08288,0.14613,-3.92192,
504,-266.00840,118.79918,1.55177,0.00719,0.01464,0.99987,-0.00125,-0.09417,0.15039,-3.50573,
504,-265.98559,118.78740,1.38680,0.00772,0.01540,0.99985,-0.00108,-0.08188,0.13564,-3.10638,
504,-265.98774,118.79202,1.24086,0.00816,0.01590,0.99984,-0.00100,-0.09258,0.13627,-2.72358,
504,-265.99095,118.79657,1.11415,0.00807,0.01630,0.99983,-0.00090,-0.10411,0.13660,-2.35448,
504,-265.96086,118.77982,1.00676,0.00771,0.01672,0.99983,-0.00073,-0.08619,0.11760,-1.99267,
504,-265.96537,118.78509,0.91661,0.00739,0.01697,0.99983,-0.00064,-0.09770,0.11872,-1.63847,
504,-265.97076,118.78944,0.84381,0.00710,0.01720,0.99983,-0.00057,-0.10886,0.11896,-1.29137,
504,-265.97725,118.79319,0.78809,0.00681,0.01738,0.99983,-0.00050,-0.11996,0.11844,-0.94960,
504,-265.98356,118.79712,0.74945,0.00652,0.01754,0.99982,-0.00043,-0.12994,0.11804,-0.61142,
504,-265.99024,118.80156,0.72784,0.00624,0.01766,0.99982,-0.00038,-0.13926,0.11810,-0.27871,
504,-265.99740,118.80599,0.72025,0.00596,0.01776,0.99982,-0.00033,-0.14654,0.11797,-0.08055,
504,-266.00391,118.81171,0.71877,0.00568,0.01785,0.99982,-0.00029,-0.15117,0.11880,-0.01576,
504,-266.00961,118.81955,0.71902,0.00540,0.01792,0.99982,-0.00028,-0.15421,0.12126,-0.00073,
504,-266.01648,118.82721,0.71945,0.00514,0.01798,0.99983,-0.00026,-0.15746,0.12339,-0.00502,
504,-266.02416,118.83376,0.71973,0.00489,0.01803,0.99983,-0.00023,-0.16089,0.12452,-0.01520,
504,-266.03154,118.84065,0.71168,0.00449,0.01808,0.99983,-0.00019,-0.16023,0.12562,-0.40473,
505,-266.04061,118.84779,0.67951,0.00404,0.01811,0.99983,-0.00015,-0.15969,0.12675,-0.89254,
505,-266.05026,118.85427,0.62306,0.00360,0.01815,0.99983,-0.00010,-0.15955,0.12732,-1.37481,
505,-265.97175,118.79281,0.54674,0.00296,0.01823,0.99983,0.00024,-0.10579,0.08197,-1.84629,
505,-265.98738,118.79896,0.44244,0.00253,0.01824,0.99983,0.00030,-0.11087,0.08348,-2.30978,
505,-266.00225,118.80441,0.31583,0.00211,0.01828,0.99983,0.00036,-0.11535,0.08453,-2.76080,
505,-266.02195,118.81714,0.16687,0.00169,0.01832,0.99983,0.00038,-0.12229,0.09019,-3.19480,
505,-266.04553,118.83435,-0.00590,0.00128,0.01835,0.99983,0.00038,-0.13091,0.09838,-3.61212,
505,-265.97136,118.78890,-0.19512,0.00062,0.01847,0.99983,0.00061,-0.08265,0.06728,-4.00944,
505,-265.98588,118.79844,-0.40638,0.00020,0.01851,0.99983,0.00063,-0.08746,0.07145,-4.38886,
505,-266.02030,118.81918,-0.63664,-0.00016,0.01855,0.99983,0.00062,-0.10297,0.08206,-4.74931,
505,-266.00122,118.80430,-0.88172,-0.00065,0.01872,0.99982,0.00073,-0.08811,0.07075,-5.08577,
505,-266.02137,118.82154,-1.14409,-0.00105,0.01877,0.99982,0.00070,-0.09554,0.07971,-5.40062,
505,-266.03697,118.83499,-1.42156,-0.00147,0.01880,0.99982,0.00070,-0.09982,0.08589,-5.69493,
505,-266.04140,118.83980,-1.71279,-0.00180,0.01884,0.99982,0.00074,-0.09711,0.08640,-5.90053,
505,-266.04625,118.84490,-2.00791,-0.00178,0.01884,0.99982,0.00074,-0.09368,0.08673,-5.90065,
505,-266.05121,118.84948,-2.30303,-0.00178,0.01884,0.99982,0.00073,-0.09084,0.08676,-5.90072,
505,-266.05587,118.85407,-2.59818,-0.00178,0.01885,0.99982,0.00073,-0.08793,0.08680,-5.90080,
505,-266.06027,118.85872,-2.89335,-0.00178,0.01886,0.99982,0.00073,-0.08496,0.08688,-5.90089,
505,-266.06445,118.86340,-3.18853,-0.00178,0.01887,0.99982,0.00073,-0.08195,0.08697,-5.90097,
506,-266.06846,118.86812,-3.48372,-0.00178,0.01888,0.99982,0.00072,-0.07892,0.08708,-5.90107,
506,-266.07240,118.87292,-3.77891,-0.00178,0.01890,0.99982,0.00072,-0.07592,0.08723,-5.90117,
506,-266.07619,118.87767,-4.07409,-0.00178,0.01891,0.99982,0.00072,-0.07293,0.08735,-5.90126,
506,-266.07992,118.88239,-4.36927,-0.00178,0.01892,0.99982,0.00072,-0.06997,0.08744,-5.90135,
506,-266.08370,118.88709,-4.66444,-0.00178,0.01893,0.99982,0.00071,-0.06711,0.08752,-5.90144,
506,-266.08729,118.89177,-4.95964,-0.00178,0.01894,0.99982,0.00071,-0.06424,0.08759,-5.90153,
506,-266.09050,118.89633,-5.25484,-0.00178,0.01894,0.99982,0.00071,-0.06128,0.08761,-5.90163,
506,-266.09364,118.90089,-5.55003,-0.00177,0.01895,0.99982,0.00071,-0.05836,0.08763,-5.90171,
506,-266.09662,118.90544,-5.84522,-0.00177,0.01896,0.99982,0.00071,-0.05545,0.08764,-5.90179,
506,-266.09945,118.90996,-6.14042,-0.00177,0.01896,0.99982,0.00071,-0.05255,0.08763,-5.90188,
506,-266.10222,118.91452,-6.43563,-0.00177,0.01897,0.99982,0.00071,-0.04970,0.08764,-5.90196,
506,-266.10491,118.91912,-6.73084,-0.00176,0.01897,0.99982,0.00070,-0.04687,0.08767,-5.90205,
506,-266.10745,118.92369,-7.02606,-0.00176,0.01897,0.99982,0.00070,-0.04405,0.08768,-5.90213,
506,-266.10988,118.92827,-7.32129,-0.00176,0.01898,0.99982,0.00070,-0.04125,0.08769,-5.90221,
506,-266.11213,118.93281,-7.61652,-0.00175,0.01898,0.99982,0.00070,-0.03845,0.08769,-5.90229,
506,-266.11432,118.93728,-7.91172,-0.00175,0.01898,0.99982,0.00070,-0.03567,0.08764,-5.90237,
506,-266.11693,118.94210,-8.20697,-0.00175,0.01899,0.99982,0.00070,-0.03311,0.08773,-5.90246,
506,-266.11877,118.94678,-8.50214,-0.00174,0.01899,0.99982,0.00070,-0.03027,0.08782,-5.90252,
506,-266.12061,118.95139,-8.79739,-0.00174,0.01899,0.99982,0.00070,-0.02754,0.08784,-5.90260,
506,-266.12236,118.95600,-9.09266,-0.00174,0.01900,0.99982,0.00070,-0.02484,0.08786,-5.90268,
506,-266.12395,118.96062,-9.38793,-0.00173,0.01900,0.99982,0.00070,-0.02214,0.08788,-5.90277,
507,-266.12540,118.96527,-9.68321,-0.00173,0.01900,0.99982,0.00070,-0.01944,0.08791,-5.90285,
507,-266.12675,118.96993,-9.97849,-0.00172,0.01901,0.99982,0.00070,-0.01675,0.08795,-5.90294,
507,-266.12796,118.97460,-10.27378,-0.00172,0.01901,0.99982,0.00069,-0.01407,0.08799,-5.90302,
507,-266.12905,118.97928,-10.56907,-0.00171,0.01901,0.99982,0.00069,-0.01140,0.08803,-5.90311,
507,-266.13003,118.98395,-10.86437,-0.00171,0.01901,0.99982,0.00069,-0.00875,0.08807,-5.90319,
507,-266.13087,118.98865,-11.15968,-0.00170,0.01902,0.99982,0.00069,-0.00609,0.08811,-5.90327,
507,-266.13159,118.99336,-11.45499,-0.00170,0.01902,0.99982,0.00069,-0.00345,0.08816,-5.90336,
507,-266.13217,118.99808,-11.75031,-0.00170,0.01902,0.99982,0.00069,-0.00080,0.08822,-5.90344,
507,-266.13262,119.00280,-12.04563,-0.00169,0.01902,0.99982,0.00069,0.00184,0.08827,-5.90353,
507,-266.13296,119.00757,-12.34096,-0.00169,0.01903,0.99982,0.00069,0.00447,0.08834,-5.90361,
507,-266.13317,119.01236,-12.63630,-0.00168,0.01903,0.99982,0.00069,0.00709,0.08842,-5.90370,
507,-266.13326,119.01715,-12.93165,-0.00168,0.01904,0.99982,0.00069,0.00971,0.08849,-5.90378,
507,-266.13324,119.02194,-13.22700,-0.00167,0.01904,0.99982,0.00069,0.01231,0.08856,-5.90387,
507,-266.13306,119.02673,-13.52235,-0.00167,0.01904,0.99982,0.00069,0.01493,0.08863,-5.90395,
507,-266.13274,119.03155,-13.81771,-0.00166,0.01904,0.99982,0.00069,0.01754,0.08871,-5.90404,
507,-266.13227,119.03639,-14.11308,-0.00166,0.01905,0.99982,0.00069,0.02015,0.08880,-5.90412,
507,-266.13160,119.04125,-14.40846,-0.00166,0.01905,0.99982,0.00069,0.02280,0.08890,-5.90421,
507,-266.13088,119.04612,-14.70384,-0.00165,0.01906,0.99982,0.00068,0.02540,0.08899,-5.90430,
507,-266.13008,119.05099,-14.99923,-0.00165,0.01906,0.99982,0.00068,0.02799,0.08908,-5.90438,
508,-266.12912,119.05587,-15.29462,-0.00164,0.01906,0.99982,0.00068,0.03058,0.08918,-5.90447,
508,-266.12811,119.06077,-15.59003,-0.00164,0.01907,0.99982,0.00068,0.03315,0.08928,-5.90456,
508,-266.12705,119.06568,-15.88544,-0.00164,0.01907,0.99982,0.00068,0.03568,0.08938,-5.90464,
508,-266.12580,119.07059,-16.18085,-0.00163,0.01907,0.99982,0.00068,0.03823,0.08948,-5.90473,
508,-266.12441,119.07553,-16.47627,-0.00163,0.01907,0.99982,0.00068,0.04079,0.08959,-5.90482,
508,-266.12291,119.08052,-16.77170,-0.00162,0.01908,0.99982,0.00068,0.04333,0.08971,-5.90491,
508,-266.12129,119.08553,-17.06714,-0.00162,0.01908,0.99982,0.00068,0.04588,0.08984,-5.90500,
508,-266.11958,119.09056,-17.36259,-0.00161,0.01908,0.99982,0.00068,0.04841,0.08997,-5.90508,
508,-266.11778,119.09560,-17.65804,-0.00161,0.01908,0.99982,0.00068,0.05092,0.09010,-5.90517,
508,-266.11591,119.10067,-17.95350,-0.00160,0.01909,0.99982,0.00068,0.05341,0.09024,-5.90526,
508,-266.11393,119.10576,-18.24896,-0.00160,0.01909,0.99982,0.00067,0.05590,0.09039,-5.90535,
508,-266.11185,119.11087,-18.54443,-0.00160,0.01909,0.99982,0.00067,0.05837,0.09054,-5.90544,
508,-266.10964,119.11600,-18.83991,-0.00159,0.01909,0.99982,0.00067,0.06084,0.09069,-5.90553,
508,-266.10732,119.12115,-19.13540,-0.00159,0.01909,0.99982,0.00067,0.06331,0.09085,-5.90562,
